-- phpMyAdmin SQL Dump
-- version 4.9.1
-- https://www.phpmyadmin.net/
--
-- Host: 127.0.0.1
-- Generation Time: Feb 23, 2020 at 02:41 PM
-- Server version: 10.4.8-MariaDB
-- PHP Version: 7.3.11

SET SQL_MODE = "NO_AUTO_VALUE_ON_ZERO";
SET AUTOCOMMIT = 0;
START TRANSACTION;
SET time_zone = "+00:00";


/*!40101 SET @OLD_CHARACTER_SET_CLIENT=@@CHARACTER_SET_CLIENT */;
/*!40101 SET @OLD_CHARACTER_SET_RESULTS=@@CHARACTER_SET_RESULTS */;
/*!40101 SET @OLD_COLLATION_CONNECTION=@@COLLATION_CONNECTION */;
/*!40101 SET NAMES utf8mb4 */;

--
-- Database: `skripsi_ic`
--

-- --------------------------------------------------------

--
-- Table structure for table `absensi`
--

CREATE TABLE `absensi` (
  `idAbsen` int(11) NOT NULL,
  `idSiswa` int(11) NOT NULL,
  `idMapel` int(11) NOT NULL,
  `idJadwal` int(11) NOT NULL,
  `nomorInduk` varchar(50) NOT NULL,
  `tanggal` date NOT NULL,
  `absen` enum('H','A','I','S') NOT NULL,
  `statusAbsen` int(11) NOT NULL
) ENGINE=InnoDB DEFAULT CHARSET=utf8mb4;

--
-- Dumping data for table `absensi`
--

INSERT INTO `absensi` (`idAbsen`, `idSiswa`, `idMapel`, `idJadwal`, `nomorInduk`, `tanggal`, `absen`, `statusAbsen`) VALUES
(1, 10, 18, 166, 'NIP3806', '2020-02-05', 'I', 1),
(2, 13, 18, 166, 'NIP3806', '2020-02-05', 'H', 1),
(3, 11, 18, 166, 'NIP3806', '2020-02-05', 'H', 1),
(4, 14, 18, 171, 'NIP3806', '2020-02-05', 'H', 1),
(5, 15, 18, 171, 'NIP3806', '2020-02-05', 'A', 1),
(6, 16, 18, 171, 'NIP3806', '2020-02-05', 'H', 1),
(7, 27, 18, 270, 'NIP3806', '2020-02-05', 'H', 1),
(8, 28, 18, 270, 'NIP3806', '2020-02-05', 'H', 1),
(9, 30, 18, 270, 'NIP3806', '2020-02-05', 'S', 1),
(10, 31, 18, 347, 'NIP3806', '2020-02-05', 'H', 1),
(11, 32, 18, 347, 'NIP3806', '2020-02-05', 'H', 1),
(12, 33, 18, 347, 'NIP3806', '2020-02-05', 'H', 1),
(13, 43, 18, 218, 'NIP3806', '2020-02-05', 'H', 1),
(14, 44, 18, 218, 'NIP3806', '2020-02-05', 'H', 1),
(15, 45, 18, 218, 'NIP3806', '2020-02-05', 'H', 1),
(16, 46, 18, 222, 'NIP3806', '2020-02-05', 'H', 1),
(17, 47, 18, 222, 'NIP3806', '2020-02-05', 'S', 1),
(18, 48, 18, 222, 'NIP3806', '2020-02-05', 'H', 1),
(19, 49, 18, 377, 'NIP3806', '2020-02-05', 'H', 1),
(20, 50, 18, 377, 'NIP3806', '2020-02-05', 'A', 1),
(21, 1, 10, 307, 'NIP3807', '2020-02-05', 'H', 1),
(22, 4, 10, 307, 'NIP3807', '2020-02-05', 'A', 1),
(23, 7, 10, 307, 'NIP3807', '2020-02-05', 'H', 1),
(24, 2, 10, 86, 'NIP3807', '2020-02-05', 'H', 1),
(25, 5, 10, 86, 'NIP3807', '2020-02-05', 'H', 1),
(26, 8, 10, 86, 'NIP3807', '2020-02-05', 'S', 1),
(27, 3, 10, 87, 'NIP3807', '2020-02-05', 'H', 1),
(28, 6, 10, 87, 'NIP3807', '2020-02-05', 'I', 1),
(29, 9, 10, 87, 'NIP3807', '2020-02-05', 'H', 1),
(30, 18, 10, 326, 'NIP3807', '2020-02-05', 'S', 1),
(31, 19, 10, 326, 'NIP3807', '2020-02-05', 'H', 1),
(32, 20, 10, 326, 'NIP3807', '2020-02-05', 'H', 1),
(33, 21, 10, 256, 'NIP3807', '2020-02-05', 'H', 1),
(34, 22, 10, 256, 'NIP3807', '2020-02-05', 'H', 1),
(35, 23, 10, 256, 'NIP3807', '2020-02-05', 'H', 1),
(36, 24, 10, 334, 'NIP3807', '2020-02-05', 'H', 1),
(37, 25, 10, 334, 'NIP3807', '2020-02-05', 'H', 1),
(38, 26, 10, 334, 'NIP3807', '2020-02-05', 'H', 1),
(39, 34, 10, 276, 'NIP3807', '2020-02-05', 'H', 1),
(40, 35, 10, 276, 'NIP3807', '2020-02-05', 'H', 1),
(41, 36, 10, 276, 'NIP3807', '2020-02-05', 'H', 1),
(42, 34, 10, 276, 'NIP3807', '2020-02-05', 'H', 1),
(43, 35, 10, 276, 'NIP3807', '2020-02-05', 'I', 1),
(44, 36, 10, 276, 'NIP3807', '2020-02-05', 'H', 1),
(45, 37, 10, 283, 'NIP3807', '2020-02-05', 'H', 1),
(46, 38, 10, 283, 'NIP3807', '2020-02-05', 'H', 1),
(47, 39, 10, 283, 'NIP3807', '2020-02-05', 'H', 1),
(48, 40, 10, 287, 'NIP3807', '2020-02-05', 'H', 1),
(49, 41, 10, 287, 'NIP3807', '2020-02-05', 'S', 1),
(50, 42, 10, 287, 'NIP3807', '2020-02-05', 'H', 1),
(51, 49, 17, 228, 'NIP3811', '2020-02-08', 'A', 1),
(52, 50, 17, 228, 'NIP3811', '2020-02-08', 'H', 1),
(53, 51, 17, 228, 'NIP3811', '2020-02-08', 'H', 1),
(54, 1, 11, 378, 'NIP3817', '2020-02-08', 'H', 1),
(55, 4, 11, 378, 'NIP3817', '2020-02-08', 'A', 1),
(56, 7, 11, 378, 'NIP3817', '2020-02-08', 'H', 1);

-- --------------------------------------------------------

--
-- Table structure for table `alternatif`
--

CREATE TABLE `alternatif` (
  `idAlternatif` int(11) NOT NULL,
  `namaAlternatif` varchar(50) NOT NULL,
  `idSiswa` int(11) NOT NULL,
  `statusAlternatif` int(11) NOT NULL
) ENGINE=InnoDB DEFAULT CHARSET=utf8mb4;

--
-- Dumping data for table `alternatif`
--

INSERT INTO `alternatif` (`idAlternatif`, `namaAlternatif`, `idSiswa`, `statusAlternatif`) VALUES
(1, 'MIPA - UI', 1, 1),
(2, 'TEKNIK - UI', 1, 1),
(3, 'SENI - UI', 1, 1),
(9, 'MIPA - UI', 2, 1),
(10, 'TEKNIK - UI', 2, 1),
(11, 'SENI - UI', 2, 1);

-- --------------------------------------------------------

--
-- Table structure for table `bukunilai`
--

CREATE TABLE `bukunilai` (
  `idBukuNilai` int(11) NOT NULL,
  `nomorInduk` varchar(50) NOT NULL,
  `idMapel` int(11) NOT NULL,
  `idSiswa` int(11) NOT NULL,
  `idKelas` int(11) NOT NULL,
  `jenisNilai` varchar(100) NOT NULL,
  `nilai` int(11) NOT NULL,
  `tanggal` date NOT NULL,
  `semester` int(11) NOT NULL,
  `statusBukuNilai` int(11) NOT NULL
) ENGINE=InnoDB DEFAULT CHARSET=utf8mb4;

--
-- Dumping data for table `bukunilai`
--

INSERT INTO `bukunilai` (`idBukuNilai`, `nomorInduk`, `idMapel`, `idSiswa`, `idKelas`, `jenisNilai`, `nilai`, `tanggal`, `semester`, `statusBukuNilai`) VALUES
(1, 'NIP3807', 1, 1, 1, 'Tugas', 70, '2020-02-07', 1, 1),
(2, 'NIP3808', 1, 1, 1, 'Tugas', 80, '2020-02-07', 1, 1),
(3, 'NIP3809', 1, 1, 1, 'Tugas', 75, '2020-02-07', 1, 1),
(4, 'NIP3810', 1, 1, 1, 'Tugas', 90, '2020-02-07', 1, 1),
(5, 'NIP3811', 1, 1, 1, 'Ulangan Harian', 50, '2020-02-07', 1, 1),
(6, 'NIP3812', 1, 1, 1, 'Praktek', 90, '2020-02-07', 1, 1),
(7, 'NIP3813', 1, 1, 1, 'UTS', 85, '2020-02-07', 1, 1),
(8, 'NIP3814', 2, 1, 1, 'Tugas', 70, '2020-02-07', 1, 1),
(9, 'NIP3815', 2, 1, 1, 'Tugas', 80, '2020-02-07', 1, 1),
(10, 'NIP3816', 2, 1, 1, 'Tugas', 75, '2020-02-07', 1, 1),
(11, 'NIP3817', 2, 1, 1, 'Tugas', 90, '2020-02-07', 1, 1),
(12, 'NIP3818', 2, 1, 1, 'Ulangan Harian', 50, '2020-02-07', 1, 1),
(13, 'NIP3819', 2, 1, 1, 'Praktek', 90, '2020-02-07', 1, 1),
(14, 'NIP3820', 2, 1, 1, 'UTS', 85, '2020-02-07', 1, 1),
(15, 'NIP3821', 3, 1, 1, 'Tugas', 70, '2020-02-07', 1, 1),
(16, 'NIP3822', 3, 1, 1, 'Tugas', 80, '2020-02-07', 1, 1),
(17, 'NIP3823', 3, 1, 1, 'Tugas', 75, '2020-02-07', 1, 1),
(18, 'NIP3824', 3, 1, 1, 'Tugas', 90, '2020-02-07', 1, 1),
(19, 'NIP3825', 3, 1, 1, 'Ulangan Harian', 50, '2020-02-07', 1, 1),
(20, 'NIP3826', 3, 1, 1, 'Praktek', 90, '2020-02-07', 1, 1),
(21, 'NIP3827', 3, 1, 1, 'UTS', 85, '2020-02-07', 1, 1),
(22, 'NIP3828', 14, 1, 1, 'Tugas', 70, '2020-02-07', 1, 1),
(23, 'NIP3829', 14, 1, 1, 'Tugas', 80, '2020-02-07', 1, 1),
(24, 'NIP3830', 14, 1, 1, 'Tugas', 75, '2020-02-07', 1, 1),
(25, 'NIP3831', 14, 1, 1, 'Tugas', 90, '2020-02-07', 1, 1),
(26, 'NIP3832', 14, 1, 1, 'Ulangan Harian', 50, '2020-02-07', 1, 1),
(27, 'NIP3833', 14, 1, 1, 'Praktek', 90, '2020-02-07', 1, 1),
(28, 'NIP3834', 14, 1, 1, 'UTS', 85, '2020-02-07', 1, 1),
(29, 'NIP3835', 16, 1, 1, 'Tugas', 70, '2020-02-07', 1, 1),
(30, 'NIP3836', 16, 1, 1, 'Tugas', 80, '2020-02-07', 1, 1),
(31, 'NIP3837', 16, 1, 1, 'Tugas', 75, '2020-02-07', 1, 1),
(32, 'NIP3838', 16, 1, 1, 'Tugas', 90, '2020-02-07', 1, 1),
(33, 'NIP3839', 16, 1, 1, 'Ulangan Harian', 50, '2020-02-07', 1, 1),
(34, 'NIP3840', 16, 1, 1, 'Praktek', 90, '2020-02-07', 1, 1),
(35, 'NIP3841', 16, 1, 1, 'UTS', 85, '2020-02-07', 1, 1),
(36, 'NIP3842', 12, 1, 1, 'Tugas', 70, '2020-02-07', 1, 1),
(37, 'NIP3843', 12, 1, 1, 'Tugas', 80, '2020-02-07', 1, 1),
(38, 'NIP3844', 12, 1, 1, 'Tugas', 75, '2020-02-07', 1, 1),
(39, 'NIP3845', 12, 1, 1, 'Tugas', 90, '2020-02-07', 1, 1),
(40, 'NIP3846', 12, 1, 1, 'Ulangan Harian', 50, '2020-02-07', 1, 1),
(41, 'NIP3847', 12, 1, 1, 'Praktek', 90, '2020-02-07', 1, 1),
(42, 'NIP3848', 12, 1, 1, 'UTS', 85, '2020-02-07', 1, 1),
(43, 'NIP3849', 19, 1, 1, 'Tugas', 70, '2020-02-07', 1, 1),
(44, 'NIP3850', 19, 1, 1, 'Tugas', 80, '2020-02-07', 1, 1),
(45, 'NIP3851', 19, 1, 1, 'Tugas', 75, '2020-02-07', 1, 1),
(46, 'NIP3852', 19, 1, 1, 'Tugas', 90, '2020-02-07', 1, 1),
(47, 'NIP3853', 19, 1, 1, 'Ulangan Harian', 50, '2020-02-07', 1, 1),
(48, 'NIP3854', 19, 1, 1, 'Praktek', 90, '2020-02-07', 1, 1),
(49, 'NIP3855', 19, 1, 1, 'UTS', 85, '2020-02-07', 1, 1),
(50, 'NIP3856', 20, 1, 1, 'Tugas', 70, '2020-02-07', 1, 1),
(51, 'NIP3857', 20, 1, 1, 'Tugas', 80, '2020-02-07', 1, 1),
(52, 'NIP3858', 20, 1, 1, 'Tugas', 75, '2020-02-07', 1, 1),
(53, 'NIP3859', 20, 1, 1, 'Tugas', 90, '2020-02-07', 1, 1),
(54, 'NIP3860', 20, 1, 1, 'Ulangan Harian', 50, '2020-02-07', 1, 1),
(55, 'NIP3861', 20, 1, 1, 'Praktek', 90, '2020-02-07', 1, 1),
(56, 'NIP3862', 20, 1, 1, 'UTS', 85, '2020-02-07', 1, 1),
(57, 'NIP3863', 15, 1, 1, 'Tugas', 70, '2020-02-07', 1, 1),
(58, 'NIP3864', 15, 1, 1, 'Tugas', 80, '2020-02-07', 1, 1),
(59, 'NIP3865', 15, 1, 1, 'Tugas', 75, '2020-02-07', 1, 1),
(60, 'NIP3866', 15, 1, 1, 'Tugas', 90, '2020-02-07', 1, 1),
(61, 'NIP3867', 15, 1, 1, 'Ulangan Harian', 50, '2020-02-07', 1, 1),
(62, 'NIP3868', 15, 1, 1, 'Praktek', 90, '2020-02-07', 1, 1),
(63, 'NIP3869', 15, 1, 1, 'UTS', 85, '2020-02-07', 1, 1),
(64, 'NIP3870', 17, 1, 1, 'Tugas', 70, '2020-02-07', 1, 1),
(65, 'NIP3871', 17, 1, 1, 'Tugas', 80, '2020-02-07', 1, 1),
(66, 'NIP3872', 17, 1, 1, 'Tugas', 75, '2020-02-07', 1, 1),
(67, 'NIP3873', 17, 1, 1, 'Tugas', 90, '2020-02-07', 1, 1),
(68, 'NIP3874', 17, 1, 1, 'Ulangan Harian', 50, '2020-02-07', 1, 1),
(69, 'NIP3875', 17, 1, 1, 'Praktek', 90, '2020-02-07', 1, 1),
(70, 'NIP3876', 17, 1, 1, 'UTS', 85, '2020-02-07', 1, 1),
(71, 'NIP3877', 13, 1, 1, 'Tugas', 70, '2020-02-07', 1, 1),
(72, 'NIP3878', 13, 1, 1, 'Tugas', 80, '2020-02-07', 1, 1),
(73, 'NIP3879', 13, 1, 1, 'Tugas', 75, '2020-02-07', 1, 1),
(74, 'NIP3880', 13, 1, 1, 'Tugas', 90, '2020-02-07', 1, 1),
(75, 'NIP3881', 13, 1, 1, 'Ulangan Harian', 50, '2020-02-07', 1, 1),
(76, 'NIP3882', 13, 1, 1, 'Praktek', 90, '2020-02-07', 1, 1),
(77, 'NIP3883', 13, 1, 1, 'UTS', 85, '2020-02-07', 1, 1),
(78, 'NIP3884', 23, 1, 1, 'Tugas', 70, '2020-02-07', 1, 1),
(79, 'NIP3885', 23, 1, 1, 'Tugas', 80, '2020-02-07', 1, 1),
(80, 'NIP3886', 23, 1, 1, 'Tugas', 75, '2020-02-07', 1, 1),
(81, 'NIP3887', 23, 1, 1, 'Tugas', 90, '2020-02-07', 1, 1),
(82, 'NIP3888', 23, 1, 1, 'Ulangan Harian', 50, '2020-02-07', 1, 1),
(83, 'NIP3889', 23, 1, 1, 'Praktek', 90, '2020-02-07', 1, 1),
(84, 'NIP3890', 23, 1, 1, 'UTS', 85, '2020-02-07', 1, 1),
(85, 'NIP3891', 24, 1, 1, 'Tugas', 70, '2020-02-07', 1, 1),
(86, 'NIP3892', 24, 1, 1, 'Tugas', 80, '2020-02-07', 1, 1),
(87, 'NIP3893', 24, 1, 1, 'Tugas', 75, '2020-02-07', 1, 1),
(88, 'NIP3894', 24, 1, 1, 'Tugas', 90, '2020-02-07', 1, 1),
(89, 'NIP3895', 24, 1, 1, 'Ulangan Harian', 50, '2020-02-07', 1, 1),
(90, 'NIP3896', 24, 1, 1, 'Praktek', 90, '2020-02-07', 1, 1),
(91, 'NIP3897', 24, 1, 1, 'UTS', 85, '2020-02-07', 1, 1),
(92, 'NIP3898', 25, 1, 1, 'Tugas', 70, '2020-02-07', 1, 1),
(93, 'NIP3899', 25, 1, 1, 'Tugas', 80, '2020-02-07', 1, 1),
(94, 'NIP3900', 25, 1, 1, 'Tugas', 75, '2020-02-07', 1, 1),
(95, 'NIP3901', 25, 1, 1, 'Tugas', 90, '2020-02-07', 1, 1),
(96, 'NIP3902', 25, 1, 1, 'Ulangan Harian', 50, '2020-02-07', 1, 1),
(97, 'NIP3903', 25, 1, 1, 'Praktek', 90, '2020-02-07', 1, 1),
(98, 'NIP3904', 25, 1, 1, 'UTS', 85, '2020-02-07', 1, 1),
(99, 'NIP3905', 6, 1, 1, 'Tugas', 70, '2020-02-07', 1, 1),
(100, 'NIP3906', 6, 1, 1, 'Tugas', 80, '2020-02-07', 1, 1),
(101, 'NIP3907', 6, 1, 1, 'Tugas', 75, '2020-02-07', 1, 1),
(102, 'NIP3908', 6, 1, 1, 'Tugas', 90, '2020-02-07', 1, 1),
(103, 'NIP3909', 6, 1, 1, 'Ulangan Harian', 50, '2020-02-07', 1, 1),
(104, 'NIP3910', 6, 1, 1, 'Praktek', 90, '2020-02-07', 1, 1),
(105, 'NIP3911', 6, 1, 1, 'UTS', 85, '2020-02-07', 1, 1),
(106, 'NIP3912', 11, 1, 1, 'Tugas', 70, '2020-02-07', 1, 1),
(107, 'NIP3913', 11, 1, 1, 'Tugas', 80, '2020-02-07', 1, 1),
(108, 'NIP3914', 11, 1, 1, 'Tugas', 75, '2020-02-07', 1, 1),
(109, 'NIP3915', 11, 1, 1, 'Tugas', 90, '2020-02-07', 1, 1),
(110, 'NIP3916', 11, 1, 1, 'Ulangan Harian', 50, '2020-02-07', 1, 1),
(111, 'NIP3917', 11, 1, 1, 'Praktek', 90, '2020-02-07', 1, 1),
(112, 'NIP3918', 11, 1, 1, 'UTS', 85, '2020-02-07', 1, 1),
(113, 'NIP3919', 4, 1, 1, 'Tugas', 70, '2020-02-07', 1, 1),
(114, 'NIP3920', 4, 1, 1, 'Tugas', 80, '2020-02-07', 1, 1),
(115, 'NIP3921', 4, 1, 1, 'Tugas', 75, '2020-02-07', 1, 1),
(116, 'NIP3922', 4, 1, 1, 'Tugas', 90, '2020-02-07', 1, 1),
(117, 'NIP3923', 4, 1, 1, 'Ulangan Harian', 50, '2020-02-07', 1, 1),
(118, 'NIP3924', 4, 1, 1, 'Praktek', 90, '2020-02-07', 1, 1),
(119, 'NIP3925', 4, 1, 1, 'UTS', 85, '2020-02-07', 1, 1),
(120, 'NIP3926', 8, 1, 1, 'Tugas', 70, '2020-02-07', 1, 1),
(121, 'NIP3927', 8, 1, 1, 'Tugas', 80, '2020-02-07', 1, 1),
(122, 'NIP3928', 8, 1, 1, 'Tugas', 75, '2020-02-07', 1, 1),
(123, 'NIP3929', 8, 1, 1, 'Tugas', 90, '2020-02-07', 1, 1),
(124, 'NIP3930', 8, 1, 1, 'Ulangan Harian', 50, '2020-02-07', 1, 1),
(125, 'NIP3931', 8, 1, 1, 'Praktek', 90, '2020-02-07', 1, 1),
(126, 'NIP3932', 8, 1, 1, 'UTS', 85, '2020-02-07', 1, 1),
(127, 'NIP3933', 10, 1, 1, 'Tugas', 70, '2020-02-07', 1, 1),
(128, 'NIP3934', 10, 1, 1, 'Tugas', 80, '2020-02-07', 1, 1),
(129, 'NIP3935', 10, 1, 1, 'Tugas', 75, '2020-02-07', 1, 1),
(130, 'NIP3936', 10, 1, 1, 'Tugas', 90, '2020-02-07', 1, 1),
(131, 'NIP3937', 10, 1, 1, 'Ulangan Harian', 50, '2020-02-07', 1, 1),
(132, 'NIP3938', 10, 1, 1, 'Praktek', 90, '2020-02-07', 1, 1),
(133, 'NIP3939', 10, 1, 1, 'UTS', 85, '2020-02-07', 1, 1),
(134, 'NIP3940', 21, 1, 1, 'Tugas', 70, '2020-02-07', 1, 1),
(135, 'NIP3941', 21, 1, 1, 'Tugas', 80, '2020-02-07', 1, 1),
(136, 'NIP3942', 21, 1, 1, 'Tugas', 75, '2020-02-07', 1, 1),
(137, 'NIP3943', 21, 1, 1, 'Tugas', 90, '2020-02-07', 1, 1),
(138, 'NIP3944', 21, 1, 1, 'Ulangan Harian', 50, '2020-02-07', 1, 1),
(139, 'NIP3945', 21, 1, 1, 'Praktek', 90, '2020-02-07', 1, 1),
(140, 'NIP3946', 21, 1, 1, 'UTS', 85, '2020-02-07', 1, 1),
(141, 'NIP3947', 26, 1, 1, 'Tugas', 70, '2020-02-07', 1, 1),
(142, 'NIP3948', 26, 1, 1, 'Tugas', 60, '2020-02-07', 1, 1),
(143, 'NIP3949', 26, 1, 1, 'Tugas', 80, '2020-02-07', 1, 1),
(144, 'NIP3950', 26, 1, 1, 'Tugas', 90, '2020-02-07', 1, 1),
(145, 'NIP3951', 26, 1, 1, 'Ulangan Harian', 77, '2020-02-07', 1, 1),
(146, 'NIP3952', 26, 1, 1, 'Praktek', 83, '2020-02-07', 1, 1),
(147, 'NIP3953', 26, 1, 1, 'UTS', 66, '2020-02-07', 1, 1),
(148, 'NIP3954', 27, 1, 1, 'Tugas', 90, '2020-02-07', 1, 1),
(149, 'NIP3955', 27, 1, 1, 'Tugas', 89, '2020-02-07', 1, 1),
(150, 'NIP3956', 27, 1, 1, 'Tugas', 78, '2020-02-07', 1, 1),
(151, 'NIP3957', 27, 1, 1, 'Tugas', 67, '2020-02-07', 1, 1),
(152, 'NIP3958', 27, 1, 1, 'Ulangan Harian', 87, '2020-02-07', 1, 1),
(153, 'NIP3959', 27, 1, 1, 'Praktek', 88, '2020-02-07', 1, 1),
(154, 'NIP3960', 27, 1, 1, 'UTS', 82, '2020-02-07', 1, 1),
(155, 'NIP3807', 1, 2, 2, 'Tugas', 86, '2020-02-07', 1, 1),
(156, 'NIP3808', 1, 2, 2, 'Tugas', 77, '2020-02-07', 1, 1),
(157, 'NIP3809', 1, 2, 2, 'Tugas', 60, '2020-02-07', 1, 1),
(158, 'NIP3810', 1, 2, 2, 'Tugas', 89, '2020-02-07', 1, 1),
(159, 'NIP3811', 1, 2, 2, 'Ulangan Harian', 94, '2020-02-07', 1, 1),
(160, 'NIP3812', 1, 2, 2, 'Praktek', 56, '2020-02-07', 1, 1),
(161, 'NIP3813', 1, 2, 2, 'UTS', 74, '2020-02-07', 1, 1),
(162, 'NIP3814', 2, 2, 2, 'Tugas', 72, '2020-02-07', 1, 1),
(163, 'NIP3815', 2, 2, 2, 'Tugas', 81, '2020-02-07', 1, 1),
(164, 'NIP3816', 2, 2, 2, 'Tugas', 90, '2020-02-07', 1, 1),
(165, 'NIP3817', 2, 2, 2, 'Tugas', 95, '2020-02-07', 1, 1),
(166, 'NIP3818', 2, 2, 2, 'Ulangan Harian', 99, '2020-02-07', 1, 1),
(167, 'NIP3819', 2, 2, 2, 'Praktek', 45, '2020-02-07', 1, 1),
(168, 'NIP3820', 2, 2, 2, 'UTS', 67, '2020-02-07', 1, 1),
(169, 'NIP3821', 3, 2, 2, 'Tugas', 75, '2020-02-07', 1, 1),
(170, 'NIP3822', 3, 2, 2, 'Tugas', 88, '2020-02-07', 1, 1),
(171, 'NIP3823', 3, 2, 2, 'Tugas', 54, '2020-02-07', 1, 1),
(172, 'NIP3824', 3, 2, 2, 'Tugas', 96, '2020-02-07', 1, 1),
(173, 'NIP3825', 3, 2, 2, 'Ulangan Harian', 85, '2020-02-07', 1, 1),
(174, 'NIP3826', 3, 2, 2, 'Praktek', 89, '2020-02-07', 1, 1),
(175, 'NIP3827', 3, 2, 2, 'UTS', 54, '2020-02-07', 1, 1),
(176, 'NIP3828', 14, 2, 2, 'Tugas', 76, '2020-02-07', 1, 1),
(177, 'NIP3829', 14, 2, 2, 'Tugas', 54, '2020-02-07', 1, 1),
(178, 'NIP3830', 14, 2, 2, 'Tugas', 45, '2020-02-07', 1, 1),
(179, 'NIP3831', 14, 2, 2, 'Tugas', 86, '2020-02-07', 1, 1),
(180, 'NIP3832', 14, 2, 2, 'Ulangan Harian', 58, '2020-02-07', 1, 1),
(181, 'NIP3833', 14, 2, 2, 'Praktek', 69, '2020-02-07', 1, 1),
(182, 'NIP3834', 14, 2, 2, 'UTS', 58, '2020-02-07', 1, 1),
(183, 'NIP3835', 16, 2, 2, 'Tugas', 63, '2020-02-07', 1, 1),
(184, 'NIP3836', 16, 2, 2, 'Tugas', 83, '2020-02-07', 1, 1),
(185, 'NIP3837', 16, 2, 2, 'Tugas', 77, '2020-02-07', 1, 1),
(186, 'NIP3838', 16, 2, 2, 'Tugas', 74, '2020-02-07', 1, 1),
(187, 'NIP3839', 16, 2, 2, 'Ulangan Harian', 84, '2020-02-07', 1, 1),
(188, 'NIP3840', 16, 2, 2, 'Praktek', 64, '2020-02-07', 1, 1),
(189, 'NIP3841', 16, 2, 2, 'UTS', 73, '2020-02-07', 1, 1),
(190, 'NIP3842', 12, 2, 2, 'Tugas', 82, '2020-02-07', 1, 1),
(191, 'NIP3843', 12, 2, 2, 'Tugas', 91, '2020-02-07', 1, 1),
(192, 'NIP3844', 12, 2, 2, 'Tugas', 78, '2020-02-07', 1, 1),
(193, 'NIP3845', 12, 2, 2, 'Tugas', 89, '2020-02-07', 1, 1),
(194, 'NIP3846', 12, 2, 2, 'Ulangan Harian', 67, '2020-02-07', 1, 1),
(195, 'NIP3847', 12, 2, 2, 'Praktek', 76, '2020-02-07', 1, 1),
(196, 'NIP3848', 12, 2, 2, 'UTS', 87, '2020-02-07', 1, 1),
(197, 'NIP3849', 19, 2, 2, 'Tugas', 98, '2020-02-07', 1, 1),
(198, 'NIP3850', 19, 2, 2, 'Tugas', 65, '2020-02-07', 1, 1),
(199, 'NIP3851', 19, 2, 2, 'Tugas', 67, '2020-02-07', 1, 1),
(200, 'NIP3852', 19, 2, 2, 'Tugas', 85, '2020-02-07', 1, 1),
(201, 'NIP3853', 19, 2, 2, 'Ulangan Harian', 86, '2020-02-07', 1, 1),
(202, 'NIP3854', 19, 2, 2, 'Praktek', 71, '2020-02-07', 1, 1),
(203, 'NIP3855', 19, 2, 2, 'UTS', 81, '2020-02-07', 1, 1),
(204, 'NIP3856', 20, 2, 2, 'Tugas', 91, '2020-02-07', 1, 1),
(205, 'NIP3857', 20, 2, 2, 'Tugas', 61, '2020-02-07', 1, 1),
(206, 'NIP3858', 20, 2, 2, 'Tugas', 67, '2020-02-07', 1, 1),
(207, 'NIP3859', 20, 2, 2, 'Tugas', 65, '2020-02-07', 1, 1),
(208, 'NIP3860', 20, 2, 2, 'Ulangan Harian', 85, '2020-02-07', 1, 1),
(209, 'NIP3861', 20, 2, 2, 'Praktek', 94, '2020-02-07', 1, 1),
(210, 'NIP3862', 20, 2, 2, 'UTS', 75, '2020-02-07', 1, 1),
(211, 'NIP3863', 15, 2, 2, 'Tugas', 63, '2020-02-07', 1, 1),
(212, 'NIP3864', 15, 2, 2, 'Tugas', 85, '2020-02-07', 1, 1),
(213, 'NIP3865', 15, 2, 2, 'Tugas', 64, '2020-02-07', 1, 1),
(214, 'NIP3866', 15, 2, 2, 'Tugas', 99, '2020-02-07', 1, 1),
(215, 'NIP3867', 15, 2, 2, 'Ulangan Harian', 92, '2020-02-07', 1, 1),
(216, 'NIP3868', 15, 2, 2, 'Praktek', 75, '2020-02-07', 1, 1),
(217, 'NIP3869', 15, 2, 2, 'UTS', 63, '2020-02-07', 1, 1),
(218, 'NIP3870', 17, 2, 2, 'Tugas', 84, '2020-02-07', 1, 1),
(219, 'NIP3871', 17, 2, 2, 'Tugas', 95, '2020-02-07', 1, 1),
(220, 'NIP3872', 17, 2, 2, 'Tugas', 66, '2020-02-07', 1, 1),
(221, 'NIP3873', 17, 2, 2, 'Tugas', 88, '2020-02-07', 1, 1),
(222, 'NIP3874', 17, 2, 2, 'Ulangan Harian', 55, '2020-02-07', 1, 1),
(223, 'NIP3875', 17, 2, 2, 'Praktek', 87, '2020-02-07', 1, 1),
(224, 'NIP3876', 17, 2, 2, 'UTS', 65, '2020-02-07', 1, 1),
(225, 'NIP3877', 13, 2, 2, 'Tugas', 84, '2020-02-07', 1, 1),
(226, 'NIP3878', 13, 2, 2, 'Tugas', 83, '2020-02-07', 1, 1),
(227, 'NIP3879', 13, 2, 2, 'Tugas', 72, '2020-02-07', 1, 1),
(228, 'NIP3880', 13, 2, 2, 'Tugas', 80, '2020-02-07', 1, 1),
(229, 'NIP3881', 13, 2, 2, 'Ulangan Harian', 50, '2020-02-07', 1, 1),
(230, 'NIP3882', 13, 2, 2, 'Praktek', 60, '2020-02-07', 1, 1),
(231, 'NIP3883', 13, 2, 2, 'UTS', 83, '2020-02-07', 1, 1),
(232, 'NIP3884', 23, 2, 2, 'Tugas', 77, '2020-02-07', 1, 1),
(233, 'NIP3885', 23, 2, 2, 'Tugas', 70, '2020-02-07', 1, 1),
(234, 'NIP3886', 23, 2, 2, 'Tugas', 60, '2020-02-07', 1, 1),
(235, 'NIP3887', 23, 2, 2, 'Tugas', 67, '2020-02-07', 1, 1),
(236, 'NIP3888', 23, 2, 2, 'Ulangan Harian', 84, '2020-02-07', 1, 1),
(237, 'NIP3889', 23, 2, 2, 'Praktek', 73, '2020-02-07', 1, 1),
(238, 'NIP3890', 23, 2, 2, 'UTS', 88, '2020-02-07', 1, 1),
(239, 'NIP3891', 24, 2, 2, 'Tugas', 74, '2020-02-07', 1, 1),
(240, 'NIP3892', 24, 2, 2, 'Tugas', 92, '2020-02-07', 1, 1),
(241, 'NIP3893', 24, 2, 2, 'Tugas', 81, '2020-02-07', 1, 1),
(242, 'NIP3894', 24, 2, 2, 'Tugas', 73, '2020-02-07', 1, 1),
(243, 'NIP3895', 24, 2, 2, 'Ulangan Harian', 64, '2020-02-07', 1, 1),
(244, 'NIP3896', 24, 2, 2, 'Praktek', 85, '2020-02-07', 1, 1),
(245, 'NIP3897', 24, 2, 2, 'UTS', 77, '2020-02-07', 1, 1),
(246, 'NIP3898', 25, 2, 2, 'Tugas', 55, '2020-02-07', 1, 1),
(247, 'NIP3899', 25, 2, 2, 'Tugas', 88, '2020-02-07', 1, 1),
(248, 'NIP3900', 25, 2, 2, 'Tugas', 99, '2020-02-07', 1, 1),
(249, 'NIP3901', 25, 2, 2, 'Tugas', 65, '2020-02-07', 1, 1),
(250, 'NIP3902', 25, 2, 2, 'Ulangan Harian', 78, '2020-02-07', 1, 1),
(251, 'NIP3903', 25, 2, 2, 'Praktek', 65, '2020-02-07', 1, 1),
(252, 'NIP3904', 25, 2, 2, 'UTS', 86, '2020-02-07', 1, 1),
(253, 'NIP3905', 6, 2, 2, 'Tugas', 67, '2020-02-07', 1, 1),
(254, 'NIP3906', 6, 2, 2, 'Tugas', 79, '2020-02-07', 1, 1),
(255, 'NIP3907', 6, 2, 2, 'Tugas', 67, '2020-02-07', 1, 1),
(256, 'NIP3908', 6, 2, 2, 'Tugas', 88, '2020-02-07', 1, 1),
(257, 'NIP3909', 6, 2, 2, 'Ulangan Harian', 96, '2020-02-07', 1, 1),
(258, 'NIP3910', 6, 2, 2, 'Praktek', 94, '2020-02-07', 1, 1),
(259, 'NIP3911', 6, 2, 2, 'UTS', 65, '2020-02-07', 1, 1),
(260, 'NIP3912', 11, 2, 2, 'Tugas', 36, '2020-02-07', 1, 1),
(261, 'NIP3913', 11, 2, 2, 'Tugas', 78, '2020-02-07', 1, 1),
(262, 'NIP3914', 11, 2, 2, 'Tugas', 64, '2020-02-07', 1, 1),
(263, 'NIP3915', 11, 2, 2, 'Tugas', 68, '2020-02-07', 1, 1),
(264, 'NIP3916', 11, 2, 2, 'Ulangan Harian', 86, '2020-02-07', 1, 1),
(265, 'NIP3917', 11, 2, 2, 'Praktek', 57, '2020-02-07', 1, 1),
(266, 'NIP3918', 11, 2, 2, 'UTS', 86, '2020-02-07', 1, 1),
(267, 'NIP3919', 4, 2, 2, 'Tugas', 82, '2020-02-07', 1, 1),
(268, 'NIP3920', 4, 2, 2, 'Tugas', 83, '2020-02-07', 1, 1),
(269, 'NIP3921', 4, 2, 2, 'Tugas', 73, '2020-02-07', 1, 1),
(270, 'NIP3922', 4, 2, 2, 'Tugas', 92, '2020-02-07', 1, 1),
(271, 'NIP3923', 4, 2, 2, 'Ulangan Harian', 72, '2020-02-07', 1, 1),
(272, 'NIP3924', 4, 2, 2, 'Praktek', 63, '2020-02-07', 1, 1),
(273, 'NIP3925', 4, 2, 2, 'UTS', 72, '2020-02-07', 1, 1),
(274, 'NIP3926', 8, 2, 2, 'Tugas', 61, '2020-02-07', 1, 1),
(275, 'NIP3927', 8, 2, 2, 'Tugas', 73, '2020-02-07', 1, 1),
(276, 'NIP3928', 8, 2, 2, 'Tugas', 73, '2020-02-07', 1, 1),
(277, 'NIP3929', 8, 2, 2, 'Tugas', 84, '2020-02-07', 1, 1),
(278, 'NIP3930', 8, 2, 2, 'Ulangan Harian', 45, '2020-02-07', 1, 1),
(279, 'NIP3931', 8, 2, 2, 'Praktek', 67, '2020-02-07', 1, 1),
(280, 'NIP3932', 8, 2, 2, 'UTS', 34, '2020-02-07', 1, 1),
(281, 'NIP3933', 10, 2, 2, 'Tugas', 64, '2020-02-07', 1, 1),
(282, 'NIP3934', 10, 2, 2, 'Tugas', 65, '2020-02-07', 1, 1),
(283, 'NIP3935', 10, 2, 2, 'Tugas', 44, '2020-02-07', 1, 1),
(284, 'NIP3936', 10, 2, 2, 'Tugas', 73, '2020-02-07', 1, 1),
(285, 'NIP3937', 10, 2, 2, 'Ulangan Harian', 53, '2020-02-07', 1, 1),
(286, 'NIP3938', 10, 2, 2, 'Praktek', 74, '2020-02-07', 1, 1),
(287, 'NIP3939', 10, 2, 2, 'UTS', 42, '2020-02-07', 1, 1),
(288, 'NIP3940', 21, 2, 2, 'Tugas', 54, '2020-02-07', 1, 1),
(289, 'NIP3941', 21, 2, 2, 'Tugas', 75, '2020-02-07', 1, 1),
(290, 'NIP3942', 21, 2, 2, 'Tugas', 74, '2020-02-07', 1, 1),
(291, 'NIP3943', 21, 2, 2, 'Tugas', 57, '2020-02-07', 1, 1),
(292, 'NIP3944', 21, 2, 2, 'Ulangan Harian', 35, '2020-02-07', 1, 1),
(293, 'NIP3945', 21, 2, 2, 'Praktek', 84, '2020-02-07', 1, 1),
(294, 'NIP3946', 21, 2, 2, 'UTS', 66, '2020-02-07', 1, 1),
(295, 'NIP3940', 21, 2, 2, 'Tugas', 45, '2020-02-07', 1, 1),
(296, 'NIP3941', 21, 2, 2, 'Tugas', 85, '2020-02-07', 1, 1),
(297, 'NIP3942', 21, 2, 2, 'Tugas', 74, '2020-02-07', 1, 1),
(298, 'NIP3943', 21, 2, 2, 'Tugas', 96, '2020-02-07', 1, 1),
(299, 'NIP3944', 21, 2, 2, 'Ulangan Harian', 54, '2020-02-07', 1, 1),
(300, 'NIP3945', 21, 2, 2, 'Praktek', 85, '2020-02-07', 1, 1),
(301, 'NIP3946', 21, 2, 2, 'UTS', 66, '2020-02-07', 1, 1),
(302, 'NIP3947', 26, 2, 2, 'Tugas', 74, '2020-02-07', 1, 1),
(303, 'NIP3948', 26, 2, 2, 'Tugas', 85, '2020-02-07', 1, 1),
(304, 'NIP3949', 26, 2, 2, 'Tugas', 64, '2020-02-07', 1, 1),
(305, 'NIP3950', 26, 2, 2, 'Tugas', 53, '2020-02-07', 1, 1),
(306, 'NIP3951', 26, 2, 2, 'Ulangan Harian', 74, '2020-02-07', 1, 1),
(307, 'NIP3952', 26, 2, 2, 'Praktek', 75, '2020-02-07', 1, 1),
(308, 'NIP3953', 26, 2, 2, 'UTS', 53, '2020-02-07', 1, 1),
(309, 'NIP3954', 27, 2, 2, 'Tugas', 85, '2020-02-07', 1, 1),
(310, 'NIP3955', 27, 2, 2, 'Tugas', 64, '2020-02-07', 1, 1),
(311, 'NIP3956', 27, 2, 2, 'Tugas', 75, '2020-02-07', 1, 1),
(312, 'NIP3957', 27, 2, 2, 'Tugas', 85, '2020-02-07', 1, 1),
(313, 'NIP3958', 27, 2, 2, 'Ulangan Harian', 64, '2020-02-07', 1, 1),
(314, 'NIP3959', 27, 2, 2, 'Praktek', 86, '2020-02-07', 1, 1),
(315, 'NIP3960', 27, 2, 2, 'UTS', 96, '2020-02-07', 1, 1),
(316, 'NIP3807', 1, 3, 3, 'Tugas', 86, '2020-02-07', 1, 1),
(317, 'NIP3808', 1, 3, 3, 'Tugas', 77, '2020-02-07', 1, 1),
(318, 'NIP3809', 1, 3, 3, 'Tugas', 60, '2020-02-07', 1, 1),
(319, 'NIP3810', 1, 3, 3, 'Tugas', 72, '2020-02-07', 1, 1),
(320, 'NIP3811', 1, 3, 3, 'Ulangan Harian', 47, '2020-02-07', 1, 1),
(321, 'NIP3812', 1, 3, 3, 'Praktek', 56, '2020-02-07', 1, 1),
(322, 'NIP3813', 1, 3, 3, 'UTS', 74, '2020-02-07', 1, 1),
(323, 'NIP3814', 2, 3, 3, 'Tugas', 72, '2020-02-07', 1, 1),
(324, 'NIP3815', 2, 3, 3, 'Tugas', 81, '2020-02-07', 1, 1),
(325, 'NIP3816', 2, 3, 3, 'Tugas', 90, '2020-02-07', 1, 1),
(326, 'NIP3817', 2, 3, 3, 'Tugas', 95, '2020-02-07', 1, 1),
(327, 'NIP3818', 2, 3, 3, 'Ulangan Harian', 54, '2020-02-07', 1, 1),
(328, 'NIP3819', 2, 3, 3, 'Praktek', 85, '2020-02-07', 1, 1),
(329, 'NIP3820', 2, 3, 3, 'UTS', 53, '2020-02-07', 1, 1),
(330, 'NIP3821', 3, 3, 3, 'Tugas', 75, '2020-02-07', 1, 1),
(331, 'NIP3822', 3, 3, 3, 'Tugas', 74, '2020-02-07', 1, 1),
(332, 'NIP3823', 3, 3, 3, 'Tugas', 46, '2020-02-07', 1, 1),
(333, 'NIP3824', 3, 3, 3, 'Tugas', 64, '2020-02-07', 1, 1),
(334, 'NIP3825', 3, 3, 3, 'Ulangan Harian', 85, '2020-02-07', 1, 1),
(335, 'NIP3826', 3, 3, 3, 'Praktek', 66, '2020-02-07', 1, 1),
(336, 'NIP3827', 3, 3, 3, 'UTS', 84, '2020-02-07', 1, 1),
(337, 'NIP3828', 14, 3, 3, 'Tugas', 65, '2020-02-07', 1, 1),
(338, 'NIP3829', 14, 3, 3, 'Tugas', 75, '2020-02-07', 1, 1),
(339, 'NIP3830', 14, 3, 3, 'Tugas', 63, '2020-02-07', 1, 1),
(340, 'NIP3831', 14, 3, 3, 'Tugas', 74, '2020-02-07', 1, 1),
(341, 'NIP3832', 14, 3, 3, 'Ulangan Harian', 52, '2020-02-07', 1, 1),
(342, 'NIP3833', 14, 3, 3, 'Praktek', 74, '2020-02-07', 1, 1),
(343, 'NIP3834', 14, 3, 3, 'UTS', 62, '2020-02-07', 1, 1),
(344, 'NIP3835', 16, 3, 3, 'Tugas', 52, '2020-02-07', 1, 1),
(345, 'NIP3836', 16, 3, 3, 'Tugas', 95, '2020-02-07', 1, 1),
(346, 'NIP3837', 16, 3, 3, 'Tugas', 53, '2020-02-07', 1, 1),
(347, 'NIP3838', 16, 3, 3, 'Tugas', 74, '2020-02-07', 1, 1),
(348, 'NIP3839', 16, 3, 3, 'Ulangan Harian', 76, '2020-02-07', 1, 1),
(349, 'NIP3840', 16, 3, 3, 'Praktek', 36, '2020-02-07', 1, 1),
(350, 'NIP3841', 16, 3, 3, 'UTS', 73, '2020-02-07', 1, 1),
(351, 'NIP3842', 12, 3, 3, 'Tugas', 82, '2020-02-07', 1, 1),
(352, 'NIP3843', 12, 3, 3, 'Tugas', 91, '2020-02-07', 1, 1),
(353, 'NIP3844', 12, 3, 3, 'Tugas', 78, '2020-02-07', 1, 1),
(354, 'NIP3845', 12, 3, 3, 'Tugas', 89, '2020-02-07', 1, 1),
(355, 'NIP3846', 12, 3, 3, 'Ulangan Harian', 67, '2020-02-07', 1, 1),
(356, 'NIP3847', 12, 3, 3, 'Praktek', 76, '2020-02-07', 1, 1),
(357, 'NIP3848', 12, 3, 3, 'UTS', 87, '2020-02-07', 1, 1),
(358, 'NIP3849', 19, 3, 3, 'Tugas', 98, '2020-02-07', 1, 1),
(359, 'NIP3850', 19, 3, 3, 'Tugas', 65, '2020-02-07', 1, 1),
(360, 'NIP3851', 19, 3, 3, 'Tugas', 67, '2020-02-07', 1, 1),
(361, 'NIP3852', 19, 3, 3, 'Tugas', 85, '2020-02-07', 1, 1),
(362, 'NIP3853', 19, 3, 3, 'Ulangan Harian', 86, '2020-02-07', 1, 1),
(363, 'NIP3854', 19, 3, 3, 'Praktek', 71, '2020-02-07', 1, 1),
(364, 'NIP3855', 19, 3, 3, 'UTS', 81, '2020-02-07', 1, 1),
(365, 'NIP3856', 20, 3, 3, 'Tugas', 91, '2020-02-07', 1, 1),
(366, 'NIP3857', 20, 3, 3, 'Tugas', 61, '2020-02-07', 1, 1),
(367, 'NIP3858', 20, 3, 3, 'Tugas', 67, '2020-02-07', 1, 1),
(368, 'NIP3859', 20, 3, 3, 'Tugas', 65, '2020-02-07', 1, 1),
(369, 'NIP3860', 20, 3, 3, 'Ulangan Harian', 85, '2020-02-07', 1, 1),
(370, 'NIP3861', 20, 3, 3, 'Praktek', 66, '2020-02-07', 1, 1),
(371, 'NIP3862', 20, 3, 3, 'UTS', 45, '2020-02-07', 1, 1),
(372, 'NIP3863', 15, 3, 3, 'Tugas', 74, '2020-02-07', 1, 1),
(373, 'NIP3864', 15, 3, 3, 'Tugas', 96, '2020-02-07', 1, 1),
(374, 'NIP3865', 15, 3, 3, 'Tugas', 74, '2020-02-07', 1, 1),
(375, 'NIP3866', 15, 3, 3, 'Tugas', 85, '2020-02-07', 1, 1),
(376, 'NIP3867', 15, 3, 3, 'Ulangan Harian', 92, '2020-02-07', 1, 1),
(377, 'NIP3868', 15, 3, 3, 'Praktek', 75, '2020-02-07', 1, 1),
(378, 'NIP3869', 15, 3, 3, 'UTS', 63, '2020-02-07', 1, 1),
(379, 'NIP3870', 17, 3, 3, 'Tugas', 84, '2020-02-07', 1, 1),
(380, 'NIP3871', 17, 3, 3, 'Tugas', 95, '2020-02-07', 1, 1),
(381, 'NIP3872', 17, 3, 3, 'Tugas', 66, '2020-02-07', 1, 1),
(382, 'NIP3873', 17, 3, 3, 'Tugas', 88, '2020-02-07', 1, 1),
(383, 'NIP3874', 17, 3, 3, 'Ulangan Harian', 55, '2020-02-07', 1, 1),
(384, 'NIP3875', 17, 3, 3, 'Praktek', 87, '2020-02-07', 1, 1),
(385, 'NIP3876', 17, 3, 3, 'UTS', 65, '2020-02-07', 1, 1),
(386, 'NIP3877', 13, 3, 3, 'Tugas', 84, '2020-02-07', 1, 1),
(387, 'NIP3878', 13, 3, 3, 'Tugas', 83, '2020-02-07', 1, 1),
(388, 'NIP3879', 13, 3, 3, 'Tugas', 72, '2020-02-07', 1, 1),
(389, 'NIP3880', 13, 3, 3, 'Tugas', 80, '2020-02-07', 1, 1),
(390, 'NIP3881', 13, 3, 3, 'Ulangan Harian', 50, '2020-02-07', 1, 1),
(391, 'NIP3882', 13, 3, 3, 'Praktek', 60, '2020-02-07', 1, 1),
(392, 'NIP3883', 13, 3, 3, 'UTS', 83, '2020-02-07', 1, 1),
(393, 'NIP3884', 23, 3, 3, 'Tugas', 77, '2020-02-07', 1, 1),
(394, 'NIP3885', 23, 3, 3, 'Tugas', 60, '2020-02-07', 1, 1),
(395, 'NIP3886', 23, 3, 3, 'Tugas', 74, '2020-02-07', 1, 1),
(396, 'NIP3887', 23, 3, 3, 'Tugas', 89, '2020-02-07', 1, 1),
(397, 'NIP3888', 23, 3, 3, 'Ulangan Harian', 74, '2020-02-07', 1, 1),
(398, 'NIP3889', 23, 3, 3, 'Praktek', 70, '2020-02-07', 1, 1),
(399, 'NIP3890', 23, 3, 3, 'UTS', 66, '2020-02-07', 1, 1),
(400, 'NIP3891', 24, 3, 3, 'Tugas', 57, '2020-02-07', 1, 1),
(401, 'NIP3892', 24, 3, 3, 'Tugas', 83, '2020-02-07', 1, 1),
(402, 'NIP3893', 24, 3, 3, 'Tugas', 81, '2020-02-07', 1, 1),
(403, 'NIP3894', 24, 3, 3, 'Tugas', 73, '2020-02-07', 1, 1),
(404, 'NIP3895', 24, 3, 3, 'Ulangan Harian', 64, '2020-02-07', 1, 1),
(405, 'NIP3896', 24, 3, 3, 'Praktek', 85, '2020-02-07', 1, 1),
(406, 'NIP3897', 24, 3, 3, 'UTS', 77, '2020-02-07', 1, 1),
(407, 'NIP3898', 25, 3, 3, 'Tugas', 55, '2020-02-07', 1, 1),
(408, 'NIP3899', 25, 3, 3, 'Tugas', 88, '2020-02-07', 1, 1),
(409, 'NIP3900', 25, 3, 3, 'Tugas', 99, '2020-02-07', 1, 1),
(410, 'NIP3901', 25, 3, 3, 'Tugas', 65, '2020-02-07', 1, 1),
(411, 'NIP3902', 25, 3, 3, 'Ulangan Harian', 78, '2020-02-07', 1, 1),
(412, 'NIP3903', 25, 3, 3, 'Praktek', 65, '2020-02-07', 1, 1),
(413, 'NIP3904', 25, 3, 3, 'UTS', 86, '2020-02-07', 1, 1),
(414, 'NIP3905', 6, 3, 3, 'Tugas', 67, '2020-02-07', 1, 1),
(415, 'NIP3906', 6, 3, 3, 'Tugas', 79, '2020-02-07', 1, 1),
(416, 'NIP3907', 6, 3, 3, 'Tugas', 67, '2020-02-07', 1, 1),
(417, 'NIP3908', 6, 3, 3, 'Tugas', 88, '2020-02-07', 1, 1),
(418, 'NIP3909', 6, 3, 3, 'Ulangan Harian', 96, '2020-02-07', 1, 1),
(419, 'NIP3910', 6, 3, 3, 'Praktek', 94, '2020-02-07', 1, 1),
(420, 'NIP3911', 6, 3, 3, 'UTS', 65, '2020-02-07', 1, 1),
(421, 'NIP3912', 11, 3, 3, 'Tugas', 36, '2020-02-07', 1, 1),
(422, 'NIP3913', 11, 3, 3, 'Tugas', 78, '2020-02-07', 1, 1),
(423, 'NIP3914', 11, 3, 3, 'Tugas', 53, '2020-02-07', 1, 1),
(424, 'NIP3915', 11, 3, 3, 'Tugas', 74, '2020-02-07', 1, 1),
(425, 'NIP3916', 11, 3, 3, 'Ulangan Harian', 74, '2020-02-07', 1, 1),
(426, 'NIP3917', 11, 3, 3, 'Praktek', 42, '2020-02-07', 1, 1),
(427, 'NIP3918', 11, 3, 3, 'UTS', 86, '2020-02-07', 1, 1),
(428, 'NIP3919', 4, 3, 3, 'Tugas', 82, '2020-02-07', 1, 1),
(429, 'NIP3920', 4, 3, 3, 'Tugas', 83, '2020-02-07', 1, 1),
(430, 'NIP3921', 4, 3, 3, 'Tugas', 73, '2020-02-07', 1, 1),
(431, 'NIP3922', 4, 3, 3, 'Tugas', 92, '2020-02-07', 1, 1),
(432, 'NIP3923', 4, 3, 3, 'Ulangan Harian', 72, '2020-02-07', 1, 1),
(433, 'NIP3924', 4, 3, 3, 'Praktek', 63, '2020-02-07', 1, 1),
(434, 'NIP3925', 4, 3, 3, 'UTS', 72, '2020-02-07', 1, 1),
(435, 'NIP3926', 8, 3, 3, 'Tugas', 61, '2020-02-07', 1, 1),
(436, 'NIP3927', 8, 3, 3, 'Tugas', 73, '2020-02-07', 1, 1),
(437, 'NIP3928', 8, 3, 3, 'Tugas', 73, '2020-02-07', 1, 1),
(438, 'NIP3929', 8, 3, 3, 'Tugas', 84, '2020-02-07', 1, 1),
(439, 'NIP3930', 8, 3, 3, 'Ulangan Harian', 45, '2020-02-07', 1, 1),
(440, 'NIP3931', 8, 3, 3, 'Praktek', 67, '2020-02-07', 1, 1),
(441, 'NIP3932', 8, 3, 3, 'UTS', 34, '2020-02-07', 1, 1),
(442, 'NIP3933', 10, 3, 3, 'Tugas', 64, '2020-02-07', 1, 1),
(443, 'NIP3934', 10, 3, 3, 'Tugas', 65, '2020-02-07', 1, 1),
(444, 'NIP3935', 10, 3, 3, 'Tugas', 44, '2020-02-07', 1, 1),
(445, 'NIP3936', 10, 3, 3, 'Tugas', 73, '2020-02-07', 1, 1),
(446, 'NIP3937', 10, 3, 3, 'Ulangan Harian', 63, '2020-02-07', 1, 1),
(447, 'NIP3938', 10, 3, 3, 'Praktek', 74, '2020-02-07', 1, 1),
(448, 'NIP3939', 10, 3, 3, 'UTS', 41, '2020-02-07', 1, 1),
(449, 'NIP3940', 21, 3, 3, 'Tugas', 56, '2020-02-07', 1, 1),
(450, 'NIP3941', 21, 3, 3, 'Tugas', 84, '2020-02-07', 1, 1),
(451, 'NIP3942', 21, 3, 3, 'Tugas', 63, '2020-02-07', 1, 1),
(452, 'NIP3943', 21, 3, 3, 'Tugas', 74, '2020-02-07', 1, 1),
(453, 'NIP3944', 21, 3, 3, 'Ulangan Harian', 35, '2020-02-07', 1, 1),
(454, 'NIP3945', 21, 3, 3, 'Praktek', 85, '2020-02-07', 1, 1),
(455, 'NIP3946', 21, 3, 3, 'UTS', 36, '2020-02-07', 1, 1),
(456, 'NIP3940', 21, 3, 3, 'Tugas', 45, '2020-02-07', 1, 1),
(457, 'NIP3941', 21, 3, 3, 'Tugas', 73, '2020-02-07', 1, 1),
(458, 'NIP3942', 21, 3, 3, 'Tugas', 46, '2020-02-07', 1, 1),
(459, 'NIP3943', 21, 3, 3, 'Tugas', 84, '2020-02-07', 1, 1),
(460, 'NIP3944', 21, 3, 3, 'Ulangan Harian', 54, '2020-02-07', 1, 1),
(461, 'NIP3945', 21, 3, 3, 'Praktek', 85, '2020-02-07', 1, 1),
(462, 'NIP3946', 21, 3, 3, 'UTS', 66, '2020-02-07', 1, 1),
(463, 'NIP3947', 26, 3, 3, 'Tugas', 74, '2020-02-07', 1, 1),
(464, 'NIP3948', 26, 3, 3, 'Tugas', 85, '2020-02-07', 1, 1),
(465, 'NIP3949', 26, 3, 3, 'Tugas', 64, '2020-02-07', 1, 1),
(466, 'NIP3950', 26, 3, 3, 'Tugas', 53, '2020-02-07', 1, 1),
(467, 'NIP3951', 26, 3, 3, 'Ulangan Harian', 74, '2020-02-07', 1, 1),
(468, 'NIP3952', 26, 3, 3, 'Praktek', 75, '2020-02-07', 1, 1),
(469, 'NIP3953', 26, 3, 3, 'UTS', 53, '2020-02-07', 1, 1),
(470, 'NIP3954', 27, 3, 3, 'Tugas', 85, '2020-02-07', 1, 1),
(471, 'NIP3955', 27, 3, 3, 'Tugas', 64, '2020-02-07', 1, 1),
(472, 'NIP3956', 27, 3, 3, 'Tugas', 75, '2020-02-07', 1, 1),
(473, 'NIP3957', 27, 3, 3, 'Tugas', 64, '2020-02-07', 1, 1),
(474, 'NIP3958', 27, 3, 3, 'Ulangan Harian', 74, '2020-02-07', 1, 1),
(475, 'NIP3959', 27, 3, 3, 'Praktek', 74, '2020-02-07', 1, 1),
(476, 'NIP3960', 27, 3, 3, 'UTS', 53, '2020-02-07', 1, 1),
(477, 'NIP3807', 1, 4, 1, 'Tugas', 75, '2020-02-07', 1, 1),
(478, 'NIP3808', 1, 4, 1, 'Tugas', 53, '2020-02-07', 1, 1),
(479, 'NIP3809', 1, 4, 1, 'Tugas', 85, '2020-02-07', 1, 1),
(480, 'NIP3810', 1, 4, 1, 'Tugas', 64, '2020-02-07', 1, 1),
(481, 'NIP3811', 1, 4, 1, 'Ulangan Harian', 75, '2020-02-07', 1, 1),
(482, 'NIP3812', 1, 4, 1, 'Praktek', 64, '2020-02-07', 1, 1),
(483, 'NIP3813', 1, 4, 1, 'UTS', 74, '2020-02-07', 1, 1),
(484, 'NIP3814', 2, 4, 1, 'Tugas', 72, '2020-02-07', 1, 1),
(485, 'NIP3815', 2, 4, 1, 'Tugas', 81, '2020-02-07', 1, 1),
(486, 'NIP3816', 2, 4, 1, 'Tugas', 90, '2020-02-07', 1, 1),
(487, 'NIP3817', 2, 4, 1, 'Tugas', 95, '2020-02-07', 1, 1),
(488, 'NIP3818', 2, 4, 1, 'Ulangan Harian', 54, '2020-02-07', 1, 1),
(489, 'NIP3819', 2, 4, 1, 'Praktek', 85, '2020-02-07', 1, 1),
(490, 'NIP3820', 2, 4, 1, 'UTS', 53, '2020-02-07', 1, 1),
(491, 'NIP3821', 3, 4, 1, 'Tugas', 75, '2020-02-07', 1, 1),
(492, 'NIP3822', 3, 4, 1, 'Tugas', 74, '2020-02-07', 1, 1),
(493, 'NIP3823', 3, 4, 1, 'Tugas', 46, '2020-02-07', 1, 1),
(494, 'NIP3824', 3, 4, 1, 'Tugas', 64, '2020-02-07', 1, 1),
(495, 'NIP3825', 3, 4, 1, 'Ulangan Harian', 85, '2020-02-07', 1, 1),
(496, 'NIP3826', 3, 4, 1, 'Praktek', 66, '2020-02-07', 1, 1),
(497, 'NIP3827', 3, 4, 1, 'UTS', 84, '2020-02-07', 1, 1),
(498, 'NIP3828', 14, 4, 1, 'Tugas', 65, '2020-02-07', 1, 1),
(499, 'NIP3829', 14, 4, 1, 'Tugas', 75, '2020-02-07', 1, 1),
(500, 'NIP3830', 14, 4, 1, 'Tugas', 63, '2020-02-07', 1, 1),
(501, 'NIP3831', 14, 4, 1, 'Tugas', 74, '2020-02-07', 1, 1),
(502, 'NIP3832', 14, 4, 1, 'Ulangan Harian', 52, '2020-02-07', 1, 1),
(503, 'NIP3833', 14, 4, 1, 'Praktek', 74, '2020-02-07', 1, 1),
(504, 'NIP3834', 14, 4, 1, 'UTS', 62, '2020-02-07', 1, 1),
(505, 'NIP3835', 16, 4, 1, 'Tugas', 52, '2020-02-07', 1, 1),
(506, 'NIP3836', 16, 4, 1, 'Tugas', 95, '2020-02-07', 1, 1),
(507, 'NIP3837', 16, 4, 1, 'Tugas', 53, '2020-02-07', 1, 1),
(508, 'NIP3838', 16, 4, 1, 'Tugas', 74, '2020-02-07', 1, 1),
(509, 'NIP3839', 16, 4, 1, 'Ulangan Harian', 76, '2020-02-07', 1, 1),
(510, 'NIP3840', 16, 4, 1, 'Praktek', 36, '2020-02-07', 1, 1),
(511, 'NIP3841', 16, 4, 1, 'UTS', 73, '2020-02-07', 1, 1),
(512, 'NIP3842', 12, 4, 1, 'Tugas', 82, '2020-02-07', 1, 1),
(513, 'NIP3843', 12, 4, 1, 'Tugas', 91, '2020-02-07', 1, 1),
(514, 'NIP3844', 12, 4, 1, 'Tugas', 78, '2020-02-07', 1, 1),
(515, 'NIP3845', 12, 4, 1, 'Tugas', 89, '2020-02-07', 1, 1),
(516, 'NIP3846', 12, 4, 1, 'Ulangan Harian', 67, '2020-02-07', 1, 1),
(517, 'NIP3847', 12, 4, 1, 'Praktek', 74, '2020-02-07', 1, 1),
(518, 'NIP3848', 12, 4, 1, 'UTS', 85, '2020-02-07', 1, 1),
(519, 'NIP3849', 19, 4, 1, 'Tugas', 64, '2020-02-07', 1, 1),
(520, 'NIP3850', 19, 4, 1, 'Tugas', 53, '2020-02-07', 1, 1),
(521, 'NIP3851', 19, 4, 1, 'Tugas', 74, '2020-02-07', 1, 1),
(522, 'NIP3852', 19, 4, 1, 'Tugas', 75, '2020-02-07', 1, 1),
(523, 'NIP3853', 19, 4, 1, 'Ulangan Harian', 53, '2020-02-07', 1, 1),
(524, 'NIP3854', 19, 4, 1, 'Praktek', 85, '2020-02-07', 1, 1),
(525, 'NIP3855', 19, 4, 1, 'UTS', 81, '2020-02-07', 1, 1),
(526, 'NIP3856', 20, 4, 1, 'Tugas', 91, '2020-02-07', 1, 1),
(527, 'NIP3857', 20, 4, 1, 'Tugas', 61, '2020-02-07', 1, 1),
(528, 'NIP3858', 20, 4, 1, 'Tugas', 67, '2020-02-07', 1, 1),
(529, 'NIP3859', 20, 4, 1, 'Tugas', 65, '2020-02-07', 1, 1),
(530, 'NIP3860', 20, 4, 1, 'Ulangan Harian', 85, '2020-02-07', 1, 1),
(531, 'NIP3861', 20, 4, 1, 'Praktek', 66, '2020-02-07', 1, 1),
(532, 'NIP3862', 20, 4, 1, 'UTS', 45, '2020-02-07', 1, 1),
(533, 'NIP3863', 15, 4, 1, 'Tugas', 74, '2020-02-07', 1, 1),
(534, 'NIP3864', 15, 4, 1, 'Tugas', 96, '2020-02-07', 1, 1),
(535, 'NIP3865', 15, 4, 1, 'Tugas', 74, '2020-02-07', 1, 1),
(536, 'NIP3866', 15, 4, 1, 'Tugas', 85, '2020-02-07', 1, 1),
(537, 'NIP3867', 15, 4, 1, 'Ulangan Harian', 92, '2020-02-07', 1, 1),
(538, 'NIP3868', 15, 4, 1, 'Praktek', 75, '2020-02-07', 1, 1),
(539, 'NIP3869', 15, 4, 1, 'UTS', 63, '2020-02-07', 1, 1),
(540, 'NIP3870', 17, 4, 1, 'Tugas', 84, '2020-02-07', 1, 1),
(541, 'NIP3871', 17, 4, 1, 'Tugas', 95, '2020-02-07', 1, 1),
(542, 'NIP3872', 17, 4, 1, 'Tugas', 66, '2020-02-07', 1, 1),
(543, 'NIP3873', 17, 4, 1, 'Tugas', 88, '2020-02-07', 1, 1),
(544, 'NIP3874', 17, 4, 1, 'Ulangan Harian', 55, '2020-02-07', 1, 1),
(545, 'NIP3875', 17, 4, 1, 'Praktek', 87, '2020-02-07', 1, 1),
(546, 'NIP3876', 17, 4, 1, 'UTS', 65, '2020-02-07', 1, 1),
(547, 'NIP3877', 13, 4, 1, 'Tugas', 84, '2020-02-07', 1, 1),
(548, 'NIP3878', 13, 4, 1, 'Tugas', 83, '2020-02-07', 1, 1),
(549, 'NIP3879', 13, 4, 1, 'Tugas', 72, '2020-02-07', 1, 1),
(550, 'NIP3880', 13, 4, 1, 'Tugas', 80, '2020-02-07', 1, 1),
(551, 'NIP3881', 13, 4, 1, 'Ulangan Harian', 50, '2020-02-07', 1, 1),
(552, 'NIP3882', 13, 4, 1, 'Praktek', 60, '2020-02-07', 1, 1),
(553, 'NIP3883', 13, 4, 1, 'UTS', 83, '2020-02-07', 1, 1),
(554, 'NIP3884', 23, 4, 1, 'Tugas', 77, '2020-02-07', 1, 1),
(555, 'NIP3885', 23, 4, 1, 'Tugas', 60, '2020-02-07', 1, 1),
(556, 'NIP3886', 23, 4, 1, 'Tugas', 74, '2020-02-07', 1, 1),
(557, 'NIP3887', 23, 4, 1, 'Tugas', 89, '2020-02-07', 1, 1),
(558, 'NIP3888', 23, 4, 1, 'Ulangan Harian', 74, '2020-02-07', 1, 1),
(559, 'NIP3889', 23, 4, 1, 'Praktek', 70, '2020-02-07', 1, 1),
(560, 'NIP3890', 23, 4, 1, 'UTS', 66, '2020-02-07', 1, 1),
(561, 'NIP3891', 24, 4, 1, 'Tugas', 57, '2020-02-07', 1, 1),
(562, 'NIP3892', 24, 4, 1, 'Tugas', 83, '2020-02-07', 1, 1),
(563, 'NIP3893', 24, 4, 1, 'Tugas', 81, '2020-02-07', 1, 1),
(564, 'NIP3894', 24, 4, 1, 'Tugas', 73, '2020-02-07', 1, 1),
(565, 'NIP3895', 24, 4, 1, 'Ulangan Harian', 64, '2020-02-07', 1, 1),
(566, 'NIP3896', 24, 4, 1, 'Praktek', 85, '2020-02-07', 1, 1),
(567, 'NIP3897', 24, 4, 1, 'UTS', 77, '2020-02-07', 1, 1),
(568, 'NIP3898', 25, 4, 1, 'Tugas', 55, '2020-02-07', 1, 1),
(569, 'NIP3899', 25, 4, 1, 'Tugas', 88, '2020-02-07', 1, 1),
(570, 'NIP3900', 25, 4, 1, 'Tugas', 99, '2020-02-07', 1, 1),
(571, 'NIP3901', 25, 4, 1, 'Tugas', 65, '2020-02-07', 1, 1),
(572, 'NIP3902', 25, 4, 1, 'Ulangan Harian', 78, '2020-02-07', 1, 1),
(573, 'NIP3903', 25, 4, 1, 'Praktek', 65, '2020-02-07', 1, 1),
(574, 'NIP3904', 25, 4, 1, 'UTS', 86, '2020-02-07', 1, 1),
(575, 'NIP3905', 6, 4, 1, 'Tugas', 67, '2020-02-07', 1, 1),
(576, 'NIP3906', 6, 4, 1, 'Tugas', 79, '2020-02-07', 1, 1),
(577, 'NIP3907', 6, 4, 1, 'Tugas', 67, '2020-02-07', 1, 1),
(578, 'NIP3908', 6, 4, 1, 'Tugas', 88, '2020-02-07', 1, 1),
(579, 'NIP3909', 6, 4, 1, 'Ulangan Harian', 96, '2020-02-07', 1, 1),
(580, 'NIP3910', 6, 4, 1, 'Praktek', 94, '2020-02-07', 1, 1),
(581, 'NIP3911', 6, 4, 1, 'UTS', 65, '2020-02-07', 1, 1),
(582, 'NIP3912', 11, 4, 1, 'Tugas', 36, '2020-02-07', 1, 1),
(583, 'NIP3913', 11, 4, 1, 'Tugas', 78, '2020-02-07', 1, 1),
(584, 'NIP3914', 11, 4, 1, 'Tugas', 53, '2020-02-07', 1, 1),
(585, 'NIP3915', 11, 4, 1, 'Tugas', 74, '2020-02-07', 1, 1),
(586, 'NIP3916', 11, 4, 1, 'Ulangan Harian', 74, '2020-02-07', 1, 1),
(587, 'NIP3917', 11, 4, 1, 'Praktek', 42, '2020-02-07', 1, 1),
(588, 'NIP3918', 11, 4, 1, 'UTS', 86, '2020-02-07', 1, 1),
(589, 'NIP3919', 4, 4, 1, 'Tugas', 82, '2020-02-07', 1, 1),
(590, 'NIP3920', 4, 4, 1, 'Tugas', 83, '2020-02-07', 1, 1),
(591, 'NIP3921', 4, 4, 1, 'Tugas', 73, '2020-02-07', 1, 1),
(592, 'NIP3922', 4, 4, 1, 'Tugas', 92, '2020-02-07', 1, 1),
(593, 'NIP3923', 4, 4, 1, 'Ulangan Harian', 72, '2020-02-07', 1, 1),
(594, 'NIP3924', 4, 4, 1, 'Praktek', 63, '2020-02-07', 1, 1),
(595, 'NIP3925', 4, 4, 1, 'UTS', 72, '2020-02-07', 1, 1),
(596, 'NIP3926', 8, 4, 1, 'Tugas', 61, '2020-02-07', 1, 1),
(597, 'NIP3927', 8, 4, 1, 'Tugas', 73, '2020-02-07', 1, 1),
(598, 'NIP3928', 8, 4, 1, 'Tugas', 73, '2020-02-07', 1, 1),
(599, 'NIP3929', 8, 4, 1, 'Tugas', 84, '2020-02-07', 1, 1),
(600, 'NIP3930', 8, 4, 1, 'Ulangan Harian', 45, '2020-02-07', 1, 1),
(601, 'NIP3931', 8, 4, 1, 'Praktek', 67, '2020-02-07', 1, 1),
(602, 'NIP3932', 8, 4, 1, 'UTS', 34, '2020-02-07', 1, 1),
(603, 'NIP3933', 10, 4, 1, 'Tugas', 64, '2020-02-07', 1, 1),
(604, 'NIP3934', 10, 4, 1, 'Tugas', 65, '2020-02-07', 1, 1),
(605, 'NIP3935', 10, 4, 1, 'Tugas', 44, '2020-02-07', 1, 1),
(606, 'NIP3936', 10, 4, 1, 'Tugas', 73, '2020-02-07', 1, 1),
(607, 'NIP3937', 10, 4, 1, 'Ulangan Harian', 63, '2020-02-07', 1, 1),
(608, 'NIP3938', 10, 4, 1, 'Praktek', 74, '2020-02-07', 1, 1),
(609, 'NIP3939', 10, 4, 1, 'UTS', 41, '2020-02-07', 1, 1),
(610, 'NIP3940', 21, 4, 1, 'Tugas', 78, '2020-02-07', 1, 1),
(611, 'NIP3941', 21, 4, 1, 'Tugas', 53, '2020-02-07', 1, 1),
(612, 'NIP3942', 21, 4, 1, 'Tugas', 74, '2020-02-07', 1, 1),
(613, 'NIP3943', 21, 4, 1, 'Tugas', 74, '2020-02-07', 1, 1),
(614, 'NIP3944', 21, 4, 1, 'Ulangan Harian', 42, '2020-02-07', 1, 1),
(615, 'NIP3945', 21, 4, 1, 'Praktek', 86, '2020-02-07', 1, 1),
(616, 'NIP3946', 21, 4, 1, 'UTS', 82, '2020-02-07', 1, 1),
(617, 'NIP3940', 21, 4, 1, 'Tugas', 83, '2020-02-07', 1, 1),
(618, 'NIP3941', 21, 4, 1, 'Tugas', 73, '2020-02-07', 1, 1),
(619, 'NIP3942', 21, 4, 1, 'Tugas', 46, '2020-02-07', 1, 1),
(620, 'NIP3943', 21, 4, 1, 'Tugas', 84, '2020-02-07', 1, 1),
(621, 'NIP3944', 21, 4, 1, 'Ulangan Harian', 54, '2020-02-07', 1, 1),
(622, 'NIP3945', 21, 4, 1, 'Praktek', 85, '2020-02-07', 1, 1),
(623, 'NIP3946', 21, 4, 1, 'UTS', 66, '2020-02-07', 1, 1),
(624, 'NIP3947', 26, 4, 1, 'Tugas', 74, '2020-02-07', 1, 1),
(625, 'NIP3948', 26, 4, 1, 'Tugas', 85, '2020-02-07', 1, 1),
(626, 'NIP3949', 26, 4, 1, 'Tugas', 81, '2020-02-07', 1, 1),
(627, 'NIP3950', 26, 4, 1, 'Tugas', 73, '2020-02-07', 1, 1),
(628, 'NIP3951', 26, 4, 1, 'Ulangan Harian', 64, '2020-02-07', 1, 1),
(629, 'NIP3952', 26, 4, 1, 'Praktek', 85, '2020-02-07', 1, 1),
(630, 'NIP3953', 26, 4, 1, 'UTS', 77, '2020-02-07', 1, 1),
(631, 'NIP3954', 27, 4, 1, 'Tugas', 55, '2020-02-07', 1, 1),
(632, 'NIP3955', 27, 4, 1, 'Tugas', 88, '2020-02-07', 1, 1),
(633, 'NIP3956', 27, 4, 1, 'Tugas', 99, '2020-02-07', 1, 1),
(634, 'NIP3957', 27, 4, 1, 'Tugas', 65, '2020-02-07', 1, 1),
(635, 'NIP3958', 27, 4, 1, 'Ulangan Harian', 74, '2020-02-07', 1, 1),
(636, 'NIP3959', 27, 4, 1, 'Praktek', 74, '2020-02-07', 1, 1),
(637, 'NIP3960', 27, 4, 1, 'UTS', 53, '2020-02-07', 1, 1),
(638, 'NIP3807', 1, 5, 2, 'Tugas', 53, '2020-02-07', 1, 1),
(639, 'NIP3808', 1, 5, 2, 'Tugas', 85, '2020-02-07', 1, 1),
(640, 'NIP3809', 1, 5, 2, 'Tugas', 88, '2020-02-07', 1, 1),
(641, 'NIP3810', 1, 5, 2, 'Tugas', 45, '2020-02-07', 1, 1),
(642, 'NIP3811', 1, 5, 2, 'Ulangan Harian', 72, '2020-02-07', 1, 1),
(643, 'NIP3812', 1, 5, 2, 'Praktek', 75, '2020-02-07', 1, 1),
(644, 'NIP3813', 1, 5, 2, 'UTS', 94, '2020-02-07', 1, 1),
(645, 'NIP3814', 2, 5, 2, 'Tugas', 74, '2020-02-07', 1, 1),
(646, 'NIP3815', 2, 5, 2, 'Tugas', 75, '2020-02-07', 1, 1),
(647, 'NIP3816', 2, 5, 2, 'Tugas', 53, '2020-02-07', 1, 1),
(648, 'NIP3817', 2, 5, 2, 'Tugas', 85, '2020-02-07', 1, 1),
(649, 'NIP3818', 2, 5, 2, 'Ulangan Harian', 64, '2020-02-07', 1, 1),
(650, 'NIP3819', 2, 5, 2, 'Praktek', 75, '2020-02-07', 1, 1),
(651, 'NIP3820', 2, 5, 2, 'UTS', 64, '2020-02-07', 1, 1),
(652, 'NIP3821', 3, 5, 2, 'Tugas', 74, '2020-02-07', 1, 1),
(653, 'NIP3822', 3, 5, 2, 'Tugas', 72, '2020-02-07', 1, 1),
(654, 'NIP3823', 3, 5, 2, 'Tugas', 81, '2020-02-07', 1, 1),
(655, 'NIP3824', 3, 5, 2, 'Tugas', 90, '2020-02-07', 1, 1),
(656, 'NIP3825', 3, 5, 2, 'Ulangan Harian', 95, '2020-02-07', 1, 1),
(657, 'NIP3826', 3, 5, 2, 'Praktek', 54, '2020-02-07', 1, 1),
(658, 'NIP3827', 3, 5, 2, 'UTS', 85, '2020-02-07', 1, 1),
(659, 'NIP3828', 14, 5, 2, 'Tugas', 53, '2020-02-07', 1, 1),
(660, 'NIP3829', 14, 5, 2, 'Tugas', 75, '2020-02-07', 1, 1),
(661, 'NIP3830', 14, 5, 2, 'Tugas', 74, '2020-02-07', 1, 1),
(662, 'NIP3831', 14, 5, 2, 'Tugas', 46, '2020-02-07', 1, 1),
(663, 'NIP3832', 14, 5, 2, 'Ulangan Harian', 64, '2020-02-07', 1, 1),
(664, 'NIP3833', 14, 5, 2, 'Praktek', 85, '2020-02-07', 1, 1),
(665, 'NIP3834', 14, 5, 2, 'UTS', 66, '2020-02-07', 1, 1),
(666, 'NIP3835', 16, 5, 2, 'Tugas', 84, '2020-02-07', 1, 1),
(667, 'NIP3836', 16, 5, 2, 'Tugas', 65, '2020-02-07', 1, 1),
(668, 'NIP3837', 16, 5, 2, 'Tugas', 75, '2020-02-07', 1, 1),
(669, 'NIP3838', 16, 5, 2, 'Tugas', 63, '2020-02-07', 1, 1),
(670, 'NIP3839', 16, 5, 2, 'Ulangan Harian', 74, '2020-02-07', 1, 1),
(671, 'NIP3840', 16, 5, 2, 'Praktek', 52, '2020-02-07', 1, 1),
(672, 'NIP3841', 16, 5, 2, 'UTS', 74, '2020-02-07', 1, 1),
(673, 'NIP3842', 12, 5, 2, 'Tugas', 62, '2020-02-07', 1, 1),
(674, 'NIP3843', 12, 5, 2, 'Tugas', 52, '2020-02-07', 1, 1),
(675, 'NIP3844', 12, 5, 2, 'Tugas', 95, '2020-02-07', 1, 1),
(676, 'NIP3845', 12, 5, 2, 'Tugas', 53, '2020-02-07', 1, 1),
(677, 'NIP3846', 12, 5, 2, 'Ulangan Harian', 74, '2020-02-07', 1, 1),
(678, 'NIP3847', 12, 5, 2, 'Praktek', 76, '2020-02-07', 1, 1),
(679, 'NIP3848', 12, 5, 2, 'UTS', 36, '2020-02-07', 1, 1),
(680, 'NIP3849', 19, 5, 2, 'Tugas', 73, '2020-02-07', 1, 1),
(681, 'NIP3850', 19, 5, 2, 'Tugas', 82, '2020-02-07', 1, 1),
(682, 'NIP3851', 19, 5, 2, 'Tugas', 91, '2020-02-07', 1, 1),
(683, 'NIP3852', 19, 5, 2, 'Tugas', 78, '2020-02-07', 1, 1),
(684, 'NIP3853', 19, 5, 2, 'Ulangan Harian', 89, '2020-02-07', 1, 1),
(685, 'NIP3854', 19, 5, 2, 'Praktek', 67, '2020-02-07', 1, 1),
(686, 'NIP3855', 19, 5, 2, 'UTS', 74, '2020-02-07', 1, 1),
(687, 'NIP3856', 20, 5, 2, 'Tugas', 85, '2020-02-07', 1, 1),
(688, 'NIP3857', 20, 5, 2, 'Tugas', 64, '2020-02-07', 1, 1),
(689, 'NIP3858', 20, 5, 2, 'Tugas', 53, '2020-02-07', 1, 1),
(690, 'NIP3859', 20, 5, 2, 'Tugas', 74, '2020-02-07', 1, 1),
(691, 'NIP3860', 20, 5, 2, 'Ulangan Harian', 75, '2020-02-07', 1, 1),
(692, 'NIP3861', 20, 5, 2, 'Praktek', 53, '2020-02-07', 1, 1),
(693, 'NIP3862', 20, 5, 2, 'UTS', 85, '2020-02-07', 1, 1),
(694, 'NIP3863', 15, 5, 2, 'Tugas', 81, '2020-02-07', 1, 1),
(695, 'NIP3864', 15, 5, 2, 'Tugas', 91, '2020-02-07', 1, 1),
(696, 'NIP3865', 15, 5, 2, 'Tugas', 61, '2020-02-07', 1, 1),
(697, 'NIP3866', 15, 5, 2, 'Tugas', 67, '2020-02-07', 1, 1),
(698, 'NIP3867', 15, 5, 2, 'Ulangan Harian', 36, '2020-02-07', 1, 1),
(699, 'NIP3868', 15, 5, 2, 'Praktek', 75, '2020-02-07', 1, 1),
(700, 'NIP3869', 15, 5, 2, 'UTS', 63, '2020-02-07', 1, 1),
(701, 'NIP3870', 17, 5, 2, 'Tugas', 84, '2020-02-07', 1, 1),
(702, 'NIP3871', 17, 5, 2, 'Tugas', 95, '2020-02-07', 1, 1),
(703, 'NIP3872', 17, 5, 2, 'Tugas', 66, '2020-02-07', 1, 1),
(704, 'NIP3873', 17, 5, 2, 'Tugas', 88, '2020-02-07', 1, 1),
(705, 'NIP3874', 17, 5, 2, 'Ulangan Harian', 55, '2020-02-07', 1, 1),
(706, 'NIP3875', 17, 5, 2, 'Praktek', 87, '2020-02-07', 1, 1),
(707, 'NIP3876', 17, 5, 2, 'UTS', 65, '2020-02-07', 1, 1),
(708, 'NIP3877', 13, 5, 2, 'Tugas', 84, '2020-02-07', 1, 1),
(709, 'NIP3878', 13, 5, 2, 'Tugas', 83, '2020-02-07', 1, 1),
(710, 'NIP3879', 13, 5, 2, 'Tugas', 72, '2020-02-07', 1, 1),
(711, 'NIP3880', 13, 5, 2, 'Tugas', 80, '2020-02-07', 1, 1),
(712, 'NIP3881', 13, 5, 2, 'Ulangan Harian', 50, '2020-02-07', 1, 1),
(713, 'NIP3882', 13, 5, 2, 'Praktek', 60, '2020-02-07', 1, 1),
(714, 'NIP3883', 13, 5, 2, 'UTS', 83, '2020-02-07', 1, 1),
(715, 'NIP3884', 23, 5, 2, 'Tugas', 77, '2020-02-07', 1, 1),
(716, 'NIP3885', 23, 5, 2, 'Tugas', 60, '2020-02-07', 1, 1),
(717, 'NIP3886', 23, 5, 2, 'Tugas', 74, '2020-02-07', 1, 1),
(718, 'NIP3887', 23, 5, 2, 'Tugas', 89, '2020-02-07', 1, 1),
(719, 'NIP3888', 23, 5, 2, 'Ulangan Harian', 74, '2020-02-07', 1, 1),
(720, 'NIP3889', 23, 5, 2, 'Praktek', 70, '2020-02-07', 1, 1),
(721, 'NIP3890', 23, 5, 2, 'UTS', 66, '2020-02-07', 1, 1),
(722, 'NIP3891', 24, 5, 2, 'Tugas', 57, '2020-02-07', 1, 1),
(723, 'NIP3892', 24, 5, 2, 'Tugas', 83, '2020-02-07', 1, 1),
(724, 'NIP3893', 24, 5, 2, 'Tugas', 81, '2020-02-07', 1, 1),
(725, 'NIP3894', 24, 5, 2, 'Tugas', 73, '2020-02-07', 1, 1),
(726, 'NIP3895', 24, 5, 2, 'Ulangan Harian', 64, '2020-02-07', 1, 1),
(727, 'NIP3896', 24, 5, 2, 'Praktek', 85, '2020-02-07', 1, 1),
(728, 'NIP3897', 24, 5, 2, 'UTS', 77, '2020-02-07', 1, 1),
(729, 'NIP3898', 25, 5, 2, 'Tugas', 55, '2020-02-07', 1, 1),
(730, 'NIP3899', 25, 5, 2, 'Tugas', 88, '2020-02-07', 1, 1),
(731, 'NIP3900', 25, 5, 2, 'Tugas', 99, '2020-02-07', 1, 1),
(732, 'NIP3901', 25, 5, 2, 'Tugas', 65, '2020-02-07', 1, 1),
(733, 'NIP3902', 25, 5, 2, 'Ulangan Harian', 78, '2020-02-07', 1, 1),
(734, 'NIP3903', 25, 5, 2, 'Praktek', 65, '2020-02-07', 1, 1),
(735, 'NIP3904', 25, 5, 2, 'UTS', 86, '2020-02-07', 1, 1),
(736, 'NIP3905', 6, 5, 2, 'Tugas', 67, '2020-02-07', 1, 1),
(737, 'NIP3906', 6, 5, 2, 'Tugas', 79, '2020-02-07', 1, 1),
(738, 'NIP3907', 6, 5, 2, 'Tugas', 67, '2020-02-07', 1, 1),
(739, 'NIP3908', 6, 5, 2, 'Tugas', 88, '2020-02-07', 1, 1),
(740, 'NIP3909', 6, 5, 2, 'Ulangan Harian', 96, '2020-02-07', 1, 1),
(741, 'NIP3910', 6, 5, 2, 'Praktek', 94, '2020-02-07', 1, 1),
(742, 'NIP3911', 6, 5, 2, 'UTS', 65, '2020-02-07', 1, 1),
(743, 'NIP3912', 11, 5, 2, 'Tugas', 36, '2020-02-07', 1, 1),
(744, 'NIP3913', 11, 5, 2, 'Tugas', 78, '2020-02-07', 1, 1),
(745, 'NIP3914', 11, 5, 2, 'Tugas', 53, '2020-02-07', 1, 1),
(746, 'NIP3915', 11, 5, 2, 'Tugas', 74, '2020-02-07', 1, 1),
(747, 'NIP3916', 11, 5, 2, 'Ulangan Harian', 74, '2020-02-07', 1, 1),
(748, 'NIP3917', 11, 5, 2, 'Praktek', 42, '2020-02-07', 1, 1),
(749, 'NIP3918', 11, 5, 2, 'UTS', 86, '2020-02-07', 1, 1),
(750, 'NIP3919', 4, 5, 2, 'Tugas', 82, '2020-02-07', 1, 1),
(751, 'NIP3920', 4, 5, 2, 'Tugas', 83, '2020-02-07', 1, 1),
(752, 'NIP3921', 4, 5, 2, 'Tugas', 73, '2020-02-07', 1, 1),
(753, 'NIP3922', 4, 5, 2, 'Tugas', 92, '2020-02-07', 1, 1),
(754, 'NIP3923', 4, 5, 2, 'Ulangan Harian', 72, '2020-02-07', 1, 1),
(755, 'NIP3924', 4, 5, 2, 'Praktek', 63, '2020-02-07', 1, 1),
(756, 'NIP3925', 4, 5, 2, 'UTS', 72, '2020-02-07', 1, 1),
(757, 'NIP3926', 8, 5, 2, 'Tugas', 61, '2020-02-07', 1, 1),
(758, 'NIP3927', 8, 5, 2, 'Tugas', 73, '2020-02-07', 1, 1),
(759, 'NIP3928', 8, 5, 2, 'Tugas', 73, '2020-02-07', 1, 1),
(760, 'NIP3929', 8, 5, 2, 'Tugas', 84, '2020-02-07', 1, 1),
(761, 'NIP3930', 8, 5, 2, 'Ulangan Harian', 45, '2020-02-07', 1, 1),
(762, 'NIP3931', 8, 5, 2, 'Praktek', 67, '2020-02-07', 1, 1),
(763, 'NIP3932', 8, 5, 2, 'UTS', 34, '2020-02-07', 1, 1),
(764, 'NIP3933', 10, 5, 2, 'Tugas', 64, '2020-02-07', 1, 1),
(765, 'NIP3934', 10, 5, 2, 'Tugas', 65, '2020-02-07', 1, 1),
(766, 'NIP3935', 10, 5, 2, 'Tugas', 44, '2020-02-07', 1, 1),
(767, 'NIP3936', 10, 5, 2, 'Tugas', 73, '2020-02-07', 1, 1),
(768, 'NIP3937', 10, 5, 2, 'Ulangan Harian', 63, '2020-02-07', 1, 1),
(769, 'NIP3938', 10, 5, 2, 'Praktek', 74, '2020-02-07', 1, 1),
(770, 'NIP3939', 10, 5, 2, 'UTS', 41, '2020-02-07', 1, 1),
(771, 'NIP3940', 21, 5, 2, 'Tugas', 78, '2020-02-07', 1, 1),
(772, 'NIP3941', 21, 5, 2, 'Tugas', 53, '2020-02-07', 1, 1),
(773, 'NIP3942', 21, 5, 2, 'Tugas', 74, '2020-02-07', 1, 1),
(774, 'NIP3943', 21, 5, 2, 'Tugas', 74, '2020-02-07', 1, 1),
(775, 'NIP3944', 21, 5, 2, 'Ulangan Harian', 42, '2020-02-07', 1, 1),
(776, 'NIP3945', 21, 5, 2, 'Praktek', 86, '2020-02-07', 1, 1),
(777, 'NIP3946', 21, 5, 2, 'UTS', 82, '2020-02-07', 1, 1),
(778, 'NIP3940', 21, 5, 2, 'Tugas', 83, '2020-02-07', 1, 1),
(779, 'NIP3941', 21, 5, 2, 'Tugas', 73, '2020-02-07', 1, 1),
(780, 'NIP3942', 21, 5, 2, 'Tugas', 46, '2020-02-07', 1, 1),
(781, 'NIP3943', 21, 5, 2, 'Tugas', 84, '2020-02-07', 1, 1),
(782, 'NIP3944', 21, 5, 2, 'Ulangan Harian', 54, '2020-02-07', 1, 1),
(783, 'NIP3945', 21, 5, 2, 'Praktek', 85, '2020-02-07', 1, 1),
(784, 'NIP3946', 21, 5, 2, 'UTS', 66, '2020-02-07', 1, 1),
(785, 'NIP3947', 26, 5, 2, 'Tugas', 74, '2020-02-07', 1, 1),
(786, 'NIP3948', 26, 5, 2, 'Tugas', 85, '2020-02-07', 1, 1),
(787, 'NIP3949', 26, 5, 2, 'Tugas', 52, '2020-02-07', 1, 1),
(788, 'NIP3950', 26, 5, 2, 'Tugas', 74, '2020-02-07', 1, 1),
(789, 'NIP3951', 26, 5, 2, 'Ulangan Harian', 62, '2020-02-07', 1, 1),
(790, 'NIP3952', 26, 5, 2, 'Praktek', 52, '2020-02-07', 1, 1),
(791, 'NIP3953', 26, 5, 2, 'UTS', 95, '2020-02-07', 1, 1),
(792, 'NIP3954', 27, 5, 2, 'Tugas', 53, '2020-02-07', 1, 1),
(793, 'NIP3955', 27, 5, 2, 'Tugas', 74, '2020-02-07', 1, 1),
(794, 'NIP3956', 27, 5, 2, 'Tugas', 76, '2020-02-07', 1, 1),
(795, 'NIP3957', 27, 5, 2, 'Tugas', 36, '2020-02-07', 1, 1),
(796, 'NIP3958', 27, 5, 2, 'Ulangan Harian', 73, '2020-02-07', 1, 1),
(797, 'NIP3959', 27, 5, 2, 'Praktek', 82, '2020-02-07', 1, 1),
(798, 'NIP3960', 27, 5, 2, 'UTS', 91, '2020-02-07', 1, 1),
(799, 'NIP3807', 1, 6, 3, 'Tugas', 64, '2020-02-07', 1, 1),
(800, 'NIP3808', 1, 6, 3, 'Tugas', 53, '2020-02-07', 1, 1),
(801, 'NIP3809', 1, 6, 3, 'Tugas', 74, '2020-02-07', 1, 1),
(802, 'NIP3810', 1, 6, 3, 'Tugas', 75, '2020-02-07', 1, 1),
(803, 'NIP3811', 1, 6, 3, 'Ulangan Harian', 53, '2020-02-07', 1, 1),
(804, 'NIP3812', 1, 6, 3, 'Praktek', 85, '2020-02-07', 1, 1),
(805, 'NIP3813', 1, 6, 3, 'UTS', 64, '2020-02-07', 1, 1),
(806, 'NIP3814', 2, 6, 3, 'Tugas', 75, '2020-02-07', 1, 1),
(807, 'NIP3815', 2, 6, 3, 'Tugas', 64, '2020-02-07', 1, 1),
(808, 'NIP3816', 2, 6, 3, 'Tugas', 74, '2020-02-07', 1, 1),
(809, 'NIP3817', 2, 6, 3, 'Tugas', 74, '2020-02-07', 1, 1),
(810, 'NIP3818', 2, 6, 3, 'Ulangan Harian', 53, '2020-02-07', 1, 1),
(811, 'NIP3819', 2, 6, 3, 'Praktek', 85, '2020-02-07', 1, 1),
(812, 'NIP3820', 2, 6, 3, 'UTS', 88, '2020-02-07', 1, 1),
(813, 'NIP3821', 3, 6, 3, 'Tugas', 45, '2020-02-07', 1, 1),
(814, 'NIP3822', 3, 6, 3, 'Tugas', 72, '2020-02-07', 1, 1),
(815, 'NIP3823', 3, 6, 3, 'Tugas', 75, '2020-02-07', 1, 1),
(816, 'NIP3824', 3, 6, 3, 'Tugas', 94, '2020-02-07', 1, 1),
(817, 'NIP3825', 3, 6, 3, 'Ulangan Harian', 74, '2020-02-07', 1, 1),
(818, 'NIP3826', 3, 6, 3, 'Praktek', 75, '2020-02-07', 1, 1),
(819, 'NIP3827', 3, 6, 3, 'UTS', 53, '2020-02-07', 1, 1),
(820, 'NIP3828', 14, 6, 3, 'Tugas', 85, '2020-02-07', 1, 1),
(821, 'NIP3829', 14, 6, 3, 'Tugas', 64, '2020-02-07', 1, 1),
(822, 'NIP3830', 14, 6, 3, 'Tugas', 75, '2020-02-07', 1, 1),
(823, 'NIP3831', 14, 6, 3, 'Tugas', 64, '2020-02-07', 1, 1),
(824, 'NIP3832', 14, 6, 3, 'Ulangan Harian', 74, '2020-02-07', 1, 1),
(825, 'NIP3833', 14, 6, 3, 'Praktek', 72, '2020-02-07', 1, 1),
(826, 'NIP3834', 14, 6, 3, 'UTS', 81, '2020-02-07', 1, 1),
(827, 'NIP3835', 16, 6, 3, 'Tugas', 90, '2020-02-07', 1, 1),
(828, 'NIP3836', 16, 6, 3, 'Tugas', 95, '2020-02-07', 1, 1),
(829, 'NIP3837', 16, 6, 3, 'Tugas', 54, '2020-02-07', 1, 1),
(830, 'NIP3838', 16, 6, 3, 'Tugas', 85, '2020-02-07', 1, 1),
(831, 'NIP3839', 16, 6, 3, 'Ulangan Harian', 53, '2020-02-07', 1, 1),
(832, 'NIP3840', 16, 6, 3, 'Praktek', 75, '2020-02-07', 1, 1);
INSERT INTO `bukunilai` (`idBukuNilai`, `nomorInduk`, `idMapel`, `idSiswa`, `idKelas`, `jenisNilai`, `nilai`, `tanggal`, `semester`, `statusBukuNilai`) VALUES
(833, 'NIP3841', 16, 6, 3, 'UTS', 74, '2020-02-07', 1, 1),
(834, 'NIP3842', 12, 6, 3, 'Tugas', 46, '2020-02-07', 1, 1),
(835, 'NIP3843', 12, 6, 3, 'Tugas', 64, '2020-02-07', 1, 1),
(836, 'NIP3844', 12, 6, 3, 'Tugas', 85, '2020-02-07', 1, 1),
(837, 'NIP3845', 12, 6, 3, 'Tugas', 66, '2020-02-07', 1, 1),
(838, 'NIP3846', 12, 6, 3, 'Ulangan Harian', 84, '2020-02-07', 1, 1),
(839, 'NIP3847', 12, 6, 3, 'Praktek', 65, '2020-02-07', 1, 1),
(840, 'NIP3848', 12, 6, 3, 'UTS', 75, '2020-02-07', 1, 1),
(841, 'NIP3849', 19, 6, 3, 'Tugas', 63, '2020-02-07', 1, 1),
(842, 'NIP3850', 19, 6, 3, 'Tugas', 74, '2020-02-07', 1, 1),
(843, 'NIP3851', 19, 6, 3, 'Tugas', 52, '2020-02-07', 1, 1),
(844, 'NIP3852', 19, 6, 3, 'Tugas', 74, '2020-02-07', 1, 1),
(845, 'NIP3853', 19, 6, 3, 'Ulangan Harian', 62, '2020-02-07', 1, 1),
(846, 'NIP3854', 19, 6, 3, 'Praktek', 52, '2020-02-07', 1, 1),
(847, 'NIP3855', 19, 6, 3, 'UTS', 95, '2020-02-07', 1, 1),
(848, 'NIP3856', 20, 6, 3, 'Tugas', 53, '2020-02-07', 1, 1),
(849, 'NIP3857', 20, 6, 3, 'Tugas', 74, '2020-02-07', 1, 1),
(850, 'NIP3858', 20, 6, 3, 'Tugas', 76, '2020-02-07', 1, 1),
(851, 'NIP3859', 20, 6, 3, 'Tugas', 36, '2020-02-07', 1, 1),
(852, 'NIP3860', 20, 6, 3, 'Ulangan Harian', 73, '2020-02-07', 1, 1),
(853, 'NIP3861', 20, 6, 3, 'Praktek', 82, '2020-02-07', 1, 1),
(854, 'NIP3862', 20, 6, 3, 'UTS', 91, '2020-02-07', 1, 1),
(855, 'NIP3863', 15, 6, 3, 'Tugas', 78, '2020-02-07', 1, 1),
(856, 'NIP3864', 15, 6, 3, 'Tugas', 89, '2020-02-07', 1, 1),
(857, 'NIP3865', 15, 6, 3, 'Tugas', 61, '2020-02-07', 1, 1),
(858, 'NIP3866', 15, 6, 3, 'Tugas', 67, '2020-02-07', 1, 1),
(859, 'NIP3867', 15, 6, 3, 'Ulangan Harian', 36, '2020-02-07', 1, 1),
(860, 'NIP3868', 15, 6, 3, 'Praktek', 75, '2020-02-07', 1, 1),
(861, 'NIP3869', 15, 6, 3, 'UTS', 63, '2020-02-07', 1, 1),
(862, 'NIP3870', 17, 6, 3, 'Tugas', 84, '2020-02-07', 1, 1),
(863, 'NIP3871', 17, 6, 3, 'Tugas', 95, '2020-02-07', 1, 1),
(864, 'NIP3872', 17, 6, 3, 'Tugas', 66, '2020-02-07', 1, 1),
(865, 'NIP3873', 17, 6, 3, 'Tugas', 88, '2020-02-07', 1, 1),
(866, 'NIP3874', 17, 6, 3, 'Ulangan Harian', 55, '2020-02-07', 1, 1),
(867, 'NIP3875', 17, 6, 3, 'Praktek', 87, '2020-02-07', 1, 1),
(868, 'NIP3876', 17, 6, 3, 'UTS', 65, '2020-02-07', 1, 1),
(869, 'NIP3877', 13, 6, 3, 'Tugas', 84, '2020-02-07', 1, 1),
(870, 'NIP3878', 13, 6, 3, 'Tugas', 83, '2020-02-07', 1, 1),
(871, 'NIP3879', 13, 6, 3, 'Tugas', 72, '2020-02-07', 1, 1),
(872, 'NIP3880', 13, 6, 3, 'Tugas', 80, '2020-02-07', 1, 1),
(873, 'NIP3881', 13, 6, 3, 'Ulangan Harian', 50, '2020-02-07', 1, 1),
(874, 'NIP3882', 13, 6, 3, 'Praktek', 60, '2020-02-07', 1, 1),
(875, 'NIP3883', 13, 6, 3, 'UTS', 83, '2020-02-07', 1, 1),
(876, 'NIP3884', 23, 6, 3, 'Tugas', 77, '2020-02-07', 1, 1),
(877, 'NIP3885', 23, 6, 3, 'Tugas', 60, '2020-02-07', 1, 1),
(878, 'NIP3886', 23, 6, 3, 'Tugas', 74, '2020-02-07', 1, 1),
(879, 'NIP3887', 23, 6, 3, 'Tugas', 89, '2020-02-07', 1, 1),
(880, 'NIP3888', 23, 6, 3, 'Ulangan Harian', 74, '2020-02-07', 1, 1),
(881, 'NIP3889', 23, 6, 3, 'Praktek', 70, '2020-02-07', 1, 1),
(882, 'NIP3890', 23, 6, 3, 'UTS', 66, '2020-02-07', 1, 1),
(883, 'NIP3891', 24, 6, 3, 'Tugas', 57, '2020-02-07', 1, 1),
(884, 'NIP3892', 24, 6, 3, 'Tugas', 83, '2020-02-07', 1, 1),
(885, 'NIP3893', 24, 6, 3, 'Tugas', 81, '2020-02-07', 1, 1),
(886, 'NIP3894', 24, 6, 3, 'Tugas', 73, '2020-02-07', 1, 1),
(887, 'NIP3895', 24, 6, 3, 'Ulangan Harian', 64, '2020-02-07', 1, 1),
(888, 'NIP3896', 24, 6, 3, 'Praktek', 85, '2020-02-07', 1, 1),
(889, 'NIP3897', 24, 6, 3, 'UTS', 77, '2020-02-07', 1, 1),
(890, 'NIP3898', 25, 6, 3, 'Tugas', 55, '2020-02-07', 1, 1),
(891, 'NIP3899', 25, 6, 3, 'Tugas', 45, '2020-02-07', 1, 1),
(892, 'NIP3900', 25, 6, 3, 'Tugas', 67, '2020-02-07', 1, 1),
(893, 'NIP3901', 25, 6, 3, 'Tugas', 34, '2020-02-07', 1, 1),
(894, 'NIP3902', 25, 6, 3, 'Ulangan Harian', 64, '2020-02-07', 1, 1),
(895, 'NIP3903', 25, 6, 3, 'Praktek', 65, '2020-02-07', 1, 1),
(896, 'NIP3904', 25, 6, 3, 'UTS', 44, '2020-02-07', 1, 1),
(897, 'NIP3905', 6, 6, 3, 'Tugas', 73, '2020-02-07', 1, 1),
(898, 'NIP3906', 6, 6, 3, 'Tugas', 63, '2020-02-07', 1, 1),
(899, 'NIP3907', 6, 6, 3, 'Tugas', 74, '2020-02-07', 1, 1),
(900, 'NIP3908', 6, 6, 3, 'Tugas', 41, '2020-02-07', 1, 1),
(901, 'NIP3909', 6, 6, 3, 'Ulangan Harian', 78, '2020-02-07', 1, 1),
(902, 'NIP3910', 6, 6, 3, 'Praktek', 53, '2020-02-07', 1, 1),
(903, 'NIP3911', 6, 6, 3, 'UTS', 74, '2020-02-07', 1, 1),
(904, 'NIP3912', 11, 6, 3, 'Tugas', 74, '2020-02-07', 1, 1),
(905, 'NIP3913', 11, 6, 3, 'Tugas', 78, '2020-02-07', 1, 1),
(906, 'NIP3914', 11, 6, 3, 'Tugas', 53, '2020-02-07', 1, 1),
(907, 'NIP3915', 11, 6, 3, 'Tugas', 74, '2020-02-07', 1, 1),
(908, 'NIP3916', 11, 6, 3, 'Ulangan Harian', 74, '2020-02-07', 1, 1),
(909, 'NIP3917', 11, 6, 3, 'Praktek', 42, '2020-02-07', 1, 1),
(910, 'NIP3918', 11, 6, 3, 'UTS', 86, '2020-02-07', 1, 1),
(911, 'NIP3919', 4, 6, 3, 'Tugas', 82, '2020-02-07', 1, 1),
(912, 'NIP3920', 4, 6, 3, 'Tugas', 83, '2020-02-07', 1, 1),
(913, 'NIP3921', 4, 6, 3, 'Tugas', 73, '2020-02-07', 1, 1),
(914, 'NIP3922', 4, 6, 3, 'Tugas', 92, '2020-02-07', 1, 1),
(915, 'NIP3923', 4, 6, 3, 'Ulangan Harian', 72, '2020-02-07', 1, 1),
(916, 'NIP3924', 4, 6, 3, 'Praktek', 63, '2020-02-07', 1, 1),
(917, 'NIP3925', 4, 6, 3, 'UTS', 72, '2020-02-07', 1, 1),
(918, 'NIP3926', 8, 6, 3, 'Tugas', 61, '2020-02-07', 1, 1),
(919, 'NIP3927', 8, 6, 3, 'Tugas', 73, '2020-02-07', 1, 1),
(920, 'NIP3928', 8, 6, 3, 'Tugas', 73, '2020-02-07', 1, 1),
(921, 'NIP3929', 8, 6, 3, 'Tugas', 84, '2020-02-07', 1, 1),
(922, 'NIP3930', 8, 6, 3, 'Ulangan Harian', 45, '2020-02-07', 1, 1),
(923, 'NIP3931', 8, 6, 3, 'Praktek', 67, '2020-02-07', 1, 1),
(924, 'NIP3932', 8, 6, 3, 'UTS', 34, '2020-02-07', 1, 1),
(925, 'NIP3933', 10, 6, 3, 'Tugas', 64, '2020-02-07', 1, 1),
(926, 'NIP3934', 10, 6, 3, 'Tugas', 65, '2020-02-07', 1, 1),
(927, 'NIP3935', 10, 6, 3, 'Tugas', 44, '2020-02-07', 1, 1),
(928, 'NIP3936', 10, 6, 3, 'Tugas', 73, '2020-02-07', 1, 1),
(929, 'NIP3937', 10, 6, 3, 'Ulangan Harian', 63, '2020-02-07', 1, 1),
(930, 'NIP3938', 10, 6, 3, 'Praktek', 74, '2020-02-07', 1, 1),
(931, 'NIP3939', 10, 6, 3, 'UTS', 41, '2020-02-07', 1, 1),
(932, 'NIP3940', 21, 6, 3, 'Tugas', 78, '2020-02-07', 1, 1),
(933, 'NIP3941', 21, 6, 3, 'Tugas', 53, '2020-02-07', 1, 1),
(934, 'NIP3942', 21, 6, 3, 'Tugas', 74, '2020-02-07', 1, 1),
(935, 'NIP3943', 21, 6, 3, 'Tugas', 74, '2020-02-07', 1, 1),
(936, 'NIP3944', 21, 6, 3, 'Ulangan Harian', 42, '2020-02-07', 1, 1),
(937, 'NIP3945', 21, 6, 3, 'Praktek', 86, '2020-02-07', 1, 1),
(938, 'NIP3946', 21, 6, 3, 'UTS', 82, '2020-02-07', 1, 1),
(939, 'NIP3940', 21, 6, 3, 'Tugas', 83, '2020-02-07', 1, 1),
(940, 'NIP3941', 21, 6, 3, 'Tugas', 81, '2020-02-07', 1, 1),
(941, 'NIP3942', 21, 6, 3, 'Tugas', 73, '2020-02-07', 1, 1),
(942, 'NIP3943', 21, 6, 3, 'Tugas', 64, '2020-02-07', 1, 1),
(943, 'NIP3944', 21, 6, 3, 'Ulangan Harian', 85, '2020-02-07', 1, 1),
(944, 'NIP3945', 21, 6, 3, 'Praktek', 77, '2020-02-07', 1, 1),
(945, 'NIP3946', 21, 6, 3, 'UTS', 55, '2020-02-07', 1, 1),
(946, 'NIP3947', 26, 6, 3, 'Tugas', 88, '2020-02-07', 1, 1),
(947, 'NIP3948', 26, 6, 3, 'Tugas', 99, '2020-02-07', 1, 1),
(948, 'NIP3949', 26, 6, 3, 'Tugas', 65, '2020-02-07', 1, 1),
(949, 'NIP3950', 26, 6, 3, 'Tugas', 74, '2020-02-07', 1, 1),
(950, 'NIP3951', 26, 6, 3, 'Ulangan Harian', 74, '2020-02-07', 1, 1),
(951, 'NIP3952', 26, 6, 3, 'Praktek', 53, '2020-02-07', 1, 1),
(952, 'NIP3953', 26, 6, 3, 'UTS', 53, '2020-02-07', 1, 1),
(953, 'NIP3954', 27, 6, 3, 'Tugas', 74, '2020-02-07', 1, 1),
(954, 'NIP3955', 27, 6, 3, 'Tugas', 74, '2020-02-07', 1, 1),
(955, 'NIP3956', 27, 6, 3, 'Tugas', 85, '2020-02-07', 1, 1),
(956, 'NIP3957', 27, 6, 3, 'Tugas', 93, '2020-02-07', 1, 1),
(957, 'NIP3958', 27, 6, 3, 'Ulangan Harian', 53, '2020-02-07', 1, 1),
(958, 'NIP3959', 27, 6, 3, 'Praktek', 52, '2020-02-07', 1, 1),
(959, 'NIP3960', 27, 6, 3, 'UTS', 53, '2020-02-07', 1, 1),
(960, 'NIP3807', 1, 10, 4, 'Tugas', 70, '2020-02-07', 1, 1),
(961, 'NIP3808', 1, 10, 4, 'Tugas', 80, '2020-02-07', 1, 1),
(962, 'NIP3809', 1, 10, 4, 'Tugas', 75, '2020-02-07', 1, 1),
(963, 'NIP3810', 1, 10, 4, 'Tugas', 90, '2020-02-07', 1, 1),
(964, 'NIP3811', 1, 10, 4, 'Ulangan Harian', 50, '2020-02-07', 1, 1),
(965, 'NIP3812', 1, 10, 4, 'Praktek', 90, '2020-02-07', 1, 1),
(966, 'NIP3813', 1, 10, 4, 'UTS', 85, '2020-02-07', 1, 1),
(967, 'NIP3814', 2, 10, 4, 'Tugas', 70, '2020-02-07', 1, 1),
(968, 'NIP3815', 2, 10, 4, 'Tugas', 80, '2020-02-07', 1, 1),
(969, 'NIP3816', 2, 10, 4, 'Tugas', 75, '2020-02-07', 1, 1),
(970, 'NIP3817', 2, 10, 4, 'Tugas', 90, '2020-02-07', 1, 1),
(971, 'NIP3818', 2, 10, 4, 'Ulangan Harian', 50, '2020-02-07', 1, 1),
(972, 'NIP3819', 2, 10, 4, 'Praktek', 90, '2020-02-07', 1, 1),
(973, 'NIP3820', 2, 10, 4, 'UTS', 85, '2020-02-07', 1, 1),
(974, 'NIP3821', 3, 10, 4, 'Tugas', 70, '2020-02-07', 1, 1),
(975, 'NIP3822', 3, 10, 4, 'Tugas', 80, '2020-02-07', 1, 1),
(976, 'NIP3823', 3, 10, 4, 'Tugas', 75, '2020-02-07', 1, 1),
(977, 'NIP3824', 3, 10, 4, 'Tugas', 90, '2020-02-07', 1, 1),
(978, 'NIP3825', 3, 10, 4, 'Ulangan Harian', 50, '2020-02-07', 1, 1),
(979, 'NIP3826', 3, 10, 4, 'Praktek', 90, '2020-02-07', 1, 1),
(980, 'NIP3827', 3, 10, 4, 'UTS', 85, '2020-02-07', 1, 1),
(981, 'NIP3828', 14, 10, 4, 'Tugas', 70, '2020-02-07', 1, 1),
(982, 'NIP3829', 14, 10, 4, 'Tugas', 80, '2020-02-07', 1, 1),
(983, 'NIP3830', 14, 10, 4, 'Tugas', 75, '2020-02-07', 1, 1),
(984, 'NIP3831', 14, 10, 4, 'Tugas', 90, '2020-02-07', 1, 1),
(985, 'NIP3832', 14, 10, 4, 'Ulangan Harian', 50, '2020-02-07', 1, 1),
(986, 'NIP3833', 14, 10, 4, 'Praktek', 90, '2020-02-07', 1, 1),
(987, 'NIP3834', 14, 10, 4, 'UTS', 85, '2020-02-07', 1, 1),
(988, 'NIP3835', 16, 10, 4, 'Tugas', 70, '2020-02-07', 1, 1),
(989, 'NIP3836', 16, 10, 4, 'Tugas', 80, '2020-02-07', 1, 1),
(990, 'NIP3837', 16, 10, 4, 'Tugas', 75, '2020-02-07', 1, 1),
(991, 'NIP3838', 16, 10, 4, 'Tugas', 90, '2020-02-07', 1, 1),
(992, 'NIP3839', 16, 10, 4, 'Ulangan Harian', 50, '2020-02-07', 1, 1),
(993, 'NIP3840', 16, 10, 4, 'Praktek', 90, '2020-02-07', 1, 1),
(994, 'NIP3841', 16, 10, 4, 'UTS', 85, '2020-02-07', 1, 1),
(995, 'NIP3842', 12, 10, 4, 'Tugas', 70, '2020-02-07', 1, 1),
(996, 'NIP3843', 12, 10, 4, 'Tugas', 80, '2020-02-07', 1, 1),
(997, 'NIP3844', 12, 10, 4, 'Tugas', 75, '2020-02-07', 1, 1),
(998, 'NIP3845', 12, 10, 4, 'Tugas', 90, '2020-02-07', 1, 1),
(999, 'NIP3846', 12, 10, 4, 'Ulangan Harian', 50, '2020-02-07', 1, 1),
(1000, 'NIP3847', 12, 10, 4, 'Praktek', 90, '2020-02-07', 1, 1),
(1001, 'NIP3848', 12, 10, 4, 'UTS', 85, '2020-02-07', 1, 1),
(1002, 'NIP3849', 19, 10, 4, 'Tugas', 70, '2020-02-07', 1, 1),
(1003, 'NIP3850', 19, 10, 4, 'Tugas', 80, '2020-02-07', 1, 1),
(1004, 'NIP3851', 19, 10, 4, 'Tugas', 75, '2020-02-07', 1, 1),
(1005, 'NIP3852', 19, 10, 4, 'Tugas', 90, '2020-02-07', 1, 1),
(1006, 'NIP3853', 19, 10, 4, 'Ulangan Harian', 50, '2020-02-07', 1, 1),
(1007, 'NIP3854', 19, 10, 4, 'Praktek', 90, '2020-02-07', 1, 1),
(1008, 'NIP3855', 19, 10, 4, 'UTS', 85, '2020-02-07', 1, 1),
(1009, 'NIP3856', 20, 10, 4, 'Tugas', 70, '2020-02-07', 1, 1),
(1010, 'NIP3857', 20, 10, 4, 'Tugas', 80, '2020-02-07', 1, 1),
(1011, 'NIP3858', 20, 10, 4, 'Tugas', 75, '2020-02-07', 1, 1),
(1012, 'NIP3859', 20, 10, 4, 'Tugas', 90, '2020-02-07', 1, 1),
(1013, 'NIP3860', 20, 10, 4, 'Ulangan Harian', 50, '2020-02-07', 1, 1),
(1014, 'NIP3861', 20, 10, 4, 'Praktek', 90, '2020-02-07', 1, 1),
(1015, 'NIP3862', 20, 10, 4, 'UTS', 85, '2020-02-07', 1, 1),
(1016, 'NIP3863', 15, 10, 4, 'Tugas', 70, '2020-02-07', 1, 1),
(1017, 'NIP3864', 15, 10, 4, 'Tugas', 80, '2020-02-07', 1, 1),
(1018, 'NIP3865', 15, 10, 4, 'Tugas', 75, '2020-02-07', 1, 1),
(1019, 'NIP3866', 15, 10, 4, 'Tugas', 90, '2020-02-07', 1, 1),
(1020, 'NIP3867', 15, 10, 4, 'Ulangan Harian', 50, '2020-02-07', 1, 1),
(1021, 'NIP3868', 15, 10, 4, 'Praktek', 90, '2020-02-07', 1, 1),
(1022, 'NIP3869', 15, 10, 4, 'UTS', 85, '2020-02-07', 1, 1),
(1023, 'NIP3870', 17, 10, 4, 'Tugas', 70, '2020-02-07', 1, 1),
(1024, 'NIP3871', 17, 10, 4, 'Tugas', 80, '2020-02-07', 1, 1),
(1025, 'NIP3872', 17, 10, 4, 'Tugas', 75, '2020-02-07', 1, 1),
(1026, 'NIP3873', 17, 10, 4, 'Tugas', 90, '2020-02-07', 1, 1),
(1027, 'NIP3874', 17, 10, 4, 'Ulangan Harian', 50, '2020-02-07', 1, 1),
(1028, 'NIP3875', 17, 10, 4, 'Praktek', 90, '2020-02-07', 1, 1),
(1029, 'NIP3876', 17, 10, 4, 'UTS', 85, '2020-02-07', 1, 1),
(1030, 'NIP3877', 13, 10, 4, 'Tugas', 70, '2020-02-07', 1, 1),
(1031, 'NIP3878', 13, 10, 4, 'Tugas', 80, '2020-02-07', 1, 1),
(1032, 'NIP3879', 13, 10, 4, 'Tugas', 75, '2020-02-07', 1, 1),
(1033, 'NIP3880', 13, 10, 4, 'Tugas', 90, '2020-02-07', 1, 1),
(1034, 'NIP3881', 13, 10, 4, 'Ulangan Harian', 50, '2020-02-07', 1, 1),
(1035, 'NIP3882', 13, 10, 4, 'Praktek', 90, '2020-02-07', 1, 1),
(1036, 'NIP3883', 13, 10, 4, 'UTS', 85, '2020-02-07', 1, 1),
(1037, 'NIP3884', 23, 10, 4, 'Tugas', 70, '2020-02-07', 1, 1),
(1038, 'NIP3885', 23, 10, 4, 'Tugas', 80, '2020-02-07', 1, 1),
(1039, 'NIP3886', 23, 10, 4, 'Tugas', 75, '2020-02-07', 1, 1),
(1040, 'NIP3887', 23, 10, 4, 'Tugas', 90, '2020-02-07', 1, 1),
(1041, 'NIP3888', 23, 10, 4, 'Ulangan Harian', 50, '2020-02-07', 1, 1),
(1042, 'NIP3889', 23, 10, 4, 'Praktek', 90, '2020-02-07', 1, 1),
(1043, 'NIP3890', 23, 10, 4, 'UTS', 85, '2020-02-07', 1, 1),
(1044, 'NIP3891', 24, 10, 4, 'Tugas', 70, '2020-02-07', 1, 1),
(1045, 'NIP3892', 24, 10, 4, 'Tugas', 80, '2020-02-07', 1, 1),
(1046, 'NIP3893', 24, 10, 4, 'Tugas', 75, '2020-02-07', 1, 1),
(1047, 'NIP3894', 24, 10, 4, 'Tugas', 90, '2020-02-07', 1, 1),
(1048, 'NIP3895', 24, 10, 4, 'Ulangan Harian', 50, '2020-02-07', 1, 1),
(1049, 'NIP3896', 24, 10, 4, 'Praktek', 90, '2020-02-07', 1, 1),
(1050, 'NIP3897', 24, 10, 4, 'UTS', 85, '2020-02-07', 1, 1),
(1051, 'NIP3898', 25, 10, 4, 'Tugas', 70, '2020-02-07', 1, 1),
(1052, 'NIP3899', 25, 10, 4, 'Tugas', 80, '2020-02-07', 1, 1),
(1053, 'NIP3900', 25, 10, 4, 'Tugas', 75, '2020-02-07', 1, 1),
(1054, 'NIP3901', 25, 10, 4, 'Tugas', 90, '2020-02-07', 1, 1),
(1055, 'NIP3902', 25, 10, 4, 'Ulangan Harian', 50, '2020-02-07', 1, 1),
(1056, 'NIP3903', 25, 10, 4, 'Praktek', 90, '2020-02-07', 1, 1),
(1057, 'NIP3904', 25, 10, 4, 'UTS', 85, '2020-02-07', 1, 1),
(1058, 'NIP3905', 6, 10, 4, 'Tugas', 70, '2020-02-07', 1, 1),
(1059, 'NIP3906', 6, 10, 4, 'Tugas', 80, '2020-02-07', 1, 1),
(1060, 'NIP3907', 6, 10, 4, 'Tugas', 75, '2020-02-07', 1, 1),
(1061, 'NIP3908', 6, 10, 4, 'Tugas', 90, '2020-02-07', 1, 1),
(1062, 'NIP3909', 6, 10, 4, 'Ulangan Harian', 50, '2020-02-07', 1, 1),
(1063, 'NIP3910', 6, 10, 4, 'Praktek', 90, '2020-02-07', 1, 1),
(1064, 'NIP3911', 6, 10, 4, 'UTS', 85, '2020-02-07', 1, 1),
(1065, 'NIP3912', 18, 10, 4, 'Tugas', 70, '2020-02-07', 1, 1),
(1066, 'NIP3913', 18, 10, 4, 'Tugas', 80, '2020-02-07', 1, 1),
(1067, 'NIP3914', 18, 10, 4, 'Tugas', 75, '2020-02-07', 1, 1),
(1068, 'NIP3915', 18, 10, 4, 'Tugas', 90, '2020-02-07', 1, 1),
(1069, 'NIP3916', 18, 10, 4, 'Ulangan Harian', 50, '2020-02-07', 1, 1),
(1070, 'NIP3917', 18, 10, 4, 'Praktek', 90, '2020-02-07', 1, 1),
(1071, 'NIP3918', 18, 10, 4, 'UTS', 85, '2020-02-07', 1, 1),
(1072, 'NIP3919', 21, 10, 4, 'Tugas', 70, '2020-02-07', 1, 1),
(1073, 'NIP3920', 21, 10, 4, 'Tugas', 80, '2020-02-07', 1, 1),
(1074, 'NIP3921', 21, 10, 4, 'Tugas', 75, '2020-02-07', 1, 1),
(1075, 'NIP3922', 21, 10, 4, 'Tugas', 90, '2020-02-07', 1, 1),
(1076, 'NIP3923', 21, 10, 4, 'Ulangan Harian', 50, '2020-02-07', 1, 1),
(1077, 'NIP3924', 21, 10, 4, 'Praktek', 90, '2020-02-07', 1, 1),
(1078, 'NIP3925', 21, 10, 4, 'UTS', 85, '2020-02-07', 1, 1),
(1079, 'NIP3926', 7, 10, 4, 'Tugas', 70, '2020-02-07', 1, 1),
(1080, 'NIP3927', 7, 10, 4, 'Tugas', 80, '2020-02-07', 1, 1),
(1081, 'NIP3928', 7, 10, 4, 'Tugas', 75, '2020-02-07', 1, 1),
(1082, 'NIP3929', 7, 10, 4, 'Tugas', 90, '2020-02-07', 1, 1),
(1083, 'NIP3930', 7, 10, 4, 'Ulangan Harian', 50, '2020-02-07', 1, 1),
(1084, 'NIP3931', 7, 10, 4, 'Praktek', 90, '2020-02-07', 1, 1),
(1085, 'NIP3932', 7, 10, 4, 'UTS', 85, '2020-02-07', 1, 1),
(1086, 'NIP3933', 9, 10, 4, 'Tugas', 70, '2020-02-07', 1, 1),
(1087, 'NIP3934', 9, 10, 4, 'Tugas', 80, '2020-02-07', 1, 1),
(1088, 'NIP3935', 9, 10, 4, 'Tugas', 75, '2020-02-07', 1, 1),
(1089, 'NIP3936', 9, 10, 4, 'Tugas', 90, '2020-02-07', 1, 1),
(1090, 'NIP3937', 9, 10, 4, 'Ulangan Harian', 50, '2020-02-07', 1, 1),
(1091, 'NIP3938', 9, 10, 4, 'Praktek', 90, '2020-02-07', 1, 1),
(1092, 'NIP3939', 9, 10, 4, 'UTS', 85, '2020-02-07', 1, 1),
(1093, 'NIP3940', 21, 10, 4, 'Tugas', 70, '2020-02-07', 1, 1),
(1094, 'NIP3941', 21, 10, 4, 'Tugas', 80, '2020-02-07', 1, 1),
(1095, 'NIP3942', 21, 10, 4, 'Tugas', 75, '2020-02-07', 1, 1),
(1096, 'NIP3943', 21, 10, 4, 'Tugas', 90, '2020-02-07', 1, 1),
(1097, 'NIP3944', 21, 10, 4, 'Ulangan Harian', 50, '2020-02-07', 1, 1),
(1098, 'NIP3945', 21, 10, 4, 'Praktek', 90, '2020-02-07', 1, 1),
(1099, 'NIP3946', 21, 10, 4, 'UTS', 85, '2020-02-07', 1, 1),
(1100, 'NIP3947', 26, 10, 4, 'Tugas', 70, '2020-02-07', 1, 1),
(1101, 'NIP3948', 26, 10, 4, 'Tugas', 60, '2020-02-07', 1, 1),
(1102, 'NIP3949', 26, 10, 4, 'Tugas', 80, '2020-02-07', 1, 1),
(1103, 'NIP3950', 26, 10, 4, 'Tugas', 90, '2020-02-07', 1, 1),
(1104, 'NIP3951', 26, 10, 4, 'Ulangan Harian', 77, '2020-02-07', 1, 1),
(1105, 'NIP3952', 26, 10, 4, 'Praktek', 83, '2020-02-07', 1, 1),
(1106, 'NIP3953', 26, 10, 4, 'UTS', 66, '2020-02-07', 1, 1),
(1107, 'NIP3961', 29, 10, 4, 'Tugas', 84, '2020-02-07', 1, 1),
(1108, 'NIP3962', 29, 10, 4, 'Tugas', 85, '2020-02-07', 1, 1),
(1109, 'NIP3963', 29, 10, 4, 'Tugas', 96, '2020-02-07', 1, 1),
(1110, 'NIP3964', 29, 10, 4, 'Tugas', 75, '2020-02-07', 1, 1),
(1111, 'NIP3965', 29, 10, 4, 'Ulangan Harian', 64, '2020-02-07', 1, 1),
(1112, 'NIP3966', 29, 10, 4, 'Praktek', 69, '2020-02-07', 1, 1),
(1113, 'NIP3967', 29, 10, 4, 'UTS', 77, '2020-02-07', 1, 1),
(1114, 'NIP3807', 1, 11, 4, 'Tugas', 86, '2020-02-07', 1, 1),
(1115, 'NIP3808', 1, 11, 4, 'Tugas', 77, '2020-02-07', 1, 1),
(1116, 'NIP3809', 1, 11, 4, 'Tugas', 60, '2020-02-07', 1, 1),
(1117, 'NIP3810', 1, 11, 4, 'Tugas', 89, '2020-02-07', 1, 1),
(1118, 'NIP3811', 1, 11, 4, 'Ulangan Harian', 94, '2020-02-07', 1, 1),
(1119, 'NIP3812', 1, 11, 4, 'Praktek', 56, '2020-02-07', 1, 1),
(1120, 'NIP3813', 1, 11, 4, 'UTS', 74, '2020-02-07', 1, 1),
(1121, 'NIP3814', 2, 11, 4, 'Tugas', 72, '2020-02-07', 1, 1),
(1122, 'NIP3815', 2, 11, 4, 'Tugas', 81, '2020-02-07', 1, 1),
(1123, 'NIP3816', 2, 11, 4, 'Tugas', 90, '2020-02-07', 1, 1),
(1124, 'NIP3817', 2, 11, 4, 'Tugas', 95, '2020-02-07', 1, 1),
(1125, 'NIP3818', 2, 11, 4, 'Ulangan Harian', 99, '2020-02-07', 1, 1),
(1126, 'NIP3819', 2, 11, 4, 'Praktek', 45, '2020-02-07', 1, 1),
(1127, 'NIP3820', 2, 11, 4, 'UTS', 67, '2020-02-07', 1, 1),
(1128, 'NIP3821', 3, 11, 4, 'Tugas', 75, '2020-02-07', 1, 1),
(1129, 'NIP3822', 3, 11, 4, 'Tugas', 88, '2020-02-07', 1, 1),
(1130, 'NIP3823', 3, 11, 4, 'Tugas', 54, '2020-02-07', 1, 1),
(1131, 'NIP3824', 3, 11, 4, 'Tugas', 96, '2020-02-07', 1, 1),
(1132, 'NIP3825', 3, 11, 4, 'Ulangan Harian', 85, '2020-02-07', 1, 1),
(1133, 'NIP3826', 3, 11, 4, 'Praktek', 89, '2020-02-07', 1, 1),
(1134, 'NIP3827', 3, 11, 4, 'UTS', 54, '2020-02-07', 1, 1),
(1135, 'NIP3828', 14, 11, 4, 'Tugas', 76, '2020-02-07', 1, 1),
(1136, 'NIP3829', 14, 11, 4, 'Tugas', 54, '2020-02-07', 1, 1),
(1137, 'NIP3830', 14, 11, 4, 'Tugas', 45, '2020-02-07', 1, 1),
(1138, 'NIP3831', 14, 11, 4, 'Tugas', 86, '2020-02-07', 1, 1),
(1139, 'NIP3832', 14, 11, 4, 'Ulangan Harian', 58, '2020-02-07', 1, 1),
(1140, 'NIP3833', 14, 11, 4, 'Praktek', 69, '2020-02-07', 1, 1),
(1141, 'NIP3834', 14, 11, 4, 'UTS', 58, '2020-02-07', 1, 1),
(1142, 'NIP3835', 16, 11, 4, 'Tugas', 63, '2020-02-07', 1, 1),
(1143, 'NIP3836', 16, 11, 4, 'Tugas', 83, '2020-02-07', 1, 1),
(1144, 'NIP3837', 16, 11, 4, 'Tugas', 77, '2020-02-07', 1, 1),
(1145, 'NIP3838', 16, 11, 4, 'Tugas', 74, '2020-02-07', 1, 1),
(1146, 'NIP3839', 16, 11, 4, 'Ulangan Harian', 84, '2020-02-07', 1, 1),
(1147, 'NIP3840', 16, 11, 4, 'Praktek', 64, '2020-02-07', 1, 1),
(1148, 'NIP3841', 16, 11, 4, 'UTS', 73, '2020-02-07', 1, 1),
(1149, 'NIP3842', 12, 11, 4, 'Tugas', 82, '2020-02-07', 1, 1),
(1150, 'NIP3843', 12, 11, 4, 'Tugas', 91, '2020-02-07', 1, 1),
(1151, 'NIP3844', 12, 11, 4, 'Tugas', 78, '2020-02-07', 1, 1),
(1152, 'NIP3845', 12, 11, 4, 'Tugas', 89, '2020-02-07', 1, 1),
(1153, 'NIP3846', 12, 11, 4, 'Ulangan Harian', 67, '2020-02-07', 1, 1),
(1154, 'NIP3847', 12, 11, 4, 'Praktek', 76, '2020-02-07', 1, 1),
(1155, 'NIP3848', 12, 11, 4, 'UTS', 87, '2020-02-07', 1, 1),
(1156, 'NIP3849', 19, 11, 4, 'Tugas', 98, '2020-02-07', 1, 1),
(1157, 'NIP3850', 19, 11, 4, 'Tugas', 65, '2020-02-07', 1, 1),
(1158, 'NIP3851', 19, 11, 4, 'Tugas', 67, '2020-02-07', 1, 1),
(1159, 'NIP3852', 19, 11, 4, 'Tugas', 85, '2020-02-07', 1, 1),
(1160, 'NIP3853', 19, 11, 4, 'Ulangan Harian', 86, '2020-02-07', 1, 1),
(1161, 'NIP3854', 19, 11, 4, 'Praktek', 71, '2020-02-07', 1, 1),
(1162, 'NIP3855', 19, 11, 4, 'UTS', 81, '2020-02-07', 1, 1),
(1163, 'NIP3856', 20, 11, 4, 'Tugas', 91, '2020-02-07', 1, 1),
(1164, 'NIP3857', 20, 11, 4, 'Tugas', 61, '2020-02-07', 1, 1),
(1165, 'NIP3858', 20, 11, 4, 'Tugas', 67, '2020-02-07', 1, 1),
(1166, 'NIP3859', 20, 11, 4, 'Tugas', 65, '2020-02-07', 1, 1),
(1167, 'NIP3860', 20, 11, 4, 'Ulangan Harian', 85, '2020-02-07', 1, 1),
(1168, 'NIP3861', 20, 11, 4, 'Praktek', 94, '2020-02-07', 1, 1),
(1169, 'NIP3862', 20, 11, 4, 'UTS', 75, '2020-02-07', 1, 1),
(1170, 'NIP3863', 15, 11, 4, 'Tugas', 63, '2020-02-07', 1, 1),
(1171, 'NIP3864', 15, 11, 4, 'Tugas', 85, '2020-02-07', 1, 1),
(1172, 'NIP3865', 15, 11, 4, 'Tugas', 64, '2020-02-07', 1, 1),
(1173, 'NIP3866', 15, 11, 4, 'Tugas', 99, '2020-02-07', 1, 1),
(1174, 'NIP3867', 15, 11, 4, 'Ulangan Harian', 92, '2020-02-07', 1, 1),
(1175, 'NIP3868', 15, 11, 4, 'Praktek', 75, '2020-02-07', 1, 1),
(1176, 'NIP3869', 15, 11, 4, 'UTS', 63, '2020-02-07', 1, 1),
(1177, 'NIP3870', 17, 11, 4, 'Tugas', 84, '2020-02-07', 1, 1),
(1178, 'NIP3871', 17, 11, 4, 'Tugas', 95, '2020-02-07', 1, 1),
(1179, 'NIP3872', 17, 11, 4, 'Tugas', 66, '2020-02-07', 1, 1),
(1180, 'NIP3873', 17, 11, 4, 'Tugas', 88, '2020-02-07', 1, 1),
(1181, 'NIP3874', 17, 11, 4, 'Ulangan Harian', 55, '2020-02-07', 1, 1),
(1182, 'NIP3875', 17, 11, 4, 'Praktek', 87, '2020-02-07', 1, 1),
(1183, 'NIP3876', 17, 11, 4, 'UTS', 65, '2020-02-07', 1, 1),
(1184, 'NIP3877', 13, 11, 4, 'Tugas', 84, '2020-02-07', 1, 1),
(1185, 'NIP3878', 13, 11, 4, 'Tugas', 83, '2020-02-07', 1, 1),
(1186, 'NIP3879', 13, 11, 4, 'Tugas', 72, '2020-02-07', 1, 1),
(1187, 'NIP3880', 13, 11, 4, 'Tugas', 80, '2020-02-07', 1, 1),
(1188, 'NIP3881', 13, 11, 4, 'Ulangan Harian', 50, '2020-02-07', 1, 1),
(1189, 'NIP3882', 13, 11, 4, 'Praktek', 60, '2020-02-07', 1, 1),
(1190, 'NIP3883', 13, 11, 4, 'UTS', 83, '2020-02-07', 1, 1),
(1191, 'NIP3884', 23, 11, 4, 'Tugas', 77, '2020-02-07', 1, 1),
(1192, 'NIP3885', 23, 11, 4, 'Tugas', 70, '2020-02-07', 1, 1),
(1193, 'NIP3886', 23, 11, 4, 'Tugas', 60, '2020-02-07', 1, 1),
(1194, 'NIP3887', 23, 11, 4, 'Tugas', 67, '2020-02-07', 1, 1),
(1195, 'NIP3888', 23, 11, 4, 'Ulangan Harian', 84, '2020-02-07', 1, 1),
(1196, 'NIP3889', 23, 11, 4, 'Praktek', 73, '2020-02-07', 1, 1),
(1197, 'NIP3890', 23, 11, 4, 'UTS', 88, '2020-02-07', 1, 1),
(1198, 'NIP3891', 24, 11, 4, 'Tugas', 74, '2020-02-07', 1, 1),
(1199, 'NIP3892', 24, 11, 4, 'Tugas', 92, '2020-02-07', 1, 1),
(1200, 'NIP3893', 24, 11, 4, 'Tugas', 81, '2020-02-07', 1, 1),
(1201, 'NIP3894', 24, 11, 4, 'Tugas', 73, '2020-02-07', 1, 1),
(1202, 'NIP3895', 24, 11, 4, 'Ulangan Harian', 64, '2020-02-07', 1, 1),
(1203, 'NIP3896', 24, 11, 4, 'Praktek', 85, '2020-02-07', 1, 1),
(1204, 'NIP3897', 24, 11, 4, 'UTS', 77, '2020-02-07', 1, 1),
(1205, 'NIP3898', 25, 11, 4, 'Tugas', 55, '2020-02-07', 1, 1),
(1206, 'NIP3899', 25, 11, 4, 'Tugas', 88, '2020-02-07', 1, 1),
(1207, 'NIP3900', 25, 11, 4, 'Tugas', 99, '2020-02-07', 1, 1),
(1208, 'NIP3901', 25, 11, 4, 'Tugas', 65, '2020-02-07', 1, 1),
(1209, 'NIP3902', 25, 11, 4, 'Ulangan Harian', 78, '2020-02-07', 1, 1),
(1210, 'NIP3903', 25, 11, 4, 'Praktek', 65, '2020-02-07', 1, 1),
(1211, 'NIP3904', 25, 11, 4, 'UTS', 86, '2020-02-07', 1, 1),
(1212, 'NIP3905', 6, 11, 4, 'Tugas', 67, '2020-02-07', 1, 1),
(1213, 'NIP3906', 6, 11, 4, 'Tugas', 79, '2020-02-07', 1, 1),
(1214, 'NIP3907', 6, 11, 4, 'Tugas', 67, '2020-02-07', 1, 1),
(1215, 'NIP3908', 6, 11, 4, 'Tugas', 88, '2020-02-07', 1, 1),
(1216, 'NIP3909', 6, 11, 4, 'Ulangan Harian', 96, '2020-02-07', 1, 1),
(1217, 'NIP3910', 6, 11, 4, 'Praktek', 94, '2020-02-07', 1, 1),
(1218, 'NIP3911', 6, 11, 4, 'UTS', 65, '2020-02-07', 1, 1),
(1219, 'NIP3912', 18, 11, 4, 'Tugas', 36, '2020-02-07', 1, 1),
(1220, 'NIP3913', 18, 11, 4, 'Tugas', 78, '2020-02-07', 1, 1),
(1221, 'NIP3914', 18, 11, 4, 'Tugas', 64, '2020-02-07', 1, 1),
(1222, 'NIP3915', 18, 11, 4, 'Tugas', 68, '2020-02-07', 1, 1),
(1223, 'NIP3916', 18, 11, 4, 'Ulangan Harian', 86, '2020-02-07', 1, 1),
(1224, 'NIP3917', 18, 11, 4, 'Praktek', 57, '2020-02-07', 1, 1),
(1225, 'NIP3918', 18, 11, 4, 'UTS', 86, '2020-02-07', 1, 1),
(1226, 'NIP3919', 21, 11, 4, 'Tugas', 82, '2020-02-07', 1, 1),
(1227, 'NIP3920', 21, 11, 4, 'Tugas', 83, '2020-02-07', 1, 1),
(1228, 'NIP3921', 21, 11, 4, 'Tugas', 73, '2020-02-07', 1, 1),
(1229, 'NIP3922', 21, 11, 4, 'Tugas', 92, '2020-02-07', 1, 1),
(1230, 'NIP3923', 21, 11, 4, 'Ulangan Harian', 72, '2020-02-07', 1, 1),
(1231, 'NIP3924', 21, 11, 4, 'Praktek', 63, '2020-02-07', 1, 1),
(1232, 'NIP3925', 21, 11, 4, 'UTS', 72, '2020-02-07', 1, 1),
(1233, 'NIP3926', 7, 11, 4, 'Tugas', 61, '2020-02-07', 1, 1),
(1234, 'NIP3927', 7, 11, 4, 'Tugas', 73, '2020-02-07', 1, 1),
(1235, 'NIP3928', 7, 11, 4, 'Tugas', 73, '2020-02-07', 1, 1),
(1236, 'NIP3929', 7, 11, 4, 'Tugas', 84, '2020-02-07', 1, 1),
(1237, 'NIP3930', 7, 11, 4, 'Ulangan Harian', 45, '2020-02-07', 1, 1),
(1238, 'NIP3931', 7, 11, 4, 'Praktek', 67, '2020-02-07', 1, 1),
(1239, 'NIP3932', 7, 11, 4, 'UTS', 34, '2020-02-07', 1, 1),
(1240, 'NIP3933', 9, 11, 4, 'Tugas', 64, '2020-02-07', 1, 1),
(1241, 'NIP3934', 9, 11, 4, 'Tugas', 65, '2020-02-07', 1, 1),
(1242, 'NIP3935', 9, 11, 4, 'Tugas', 44, '2020-02-07', 1, 1),
(1243, 'NIP3936', 9, 11, 4, 'Tugas', 73, '2020-02-07', 1, 1),
(1244, 'NIP3937', 9, 11, 4, 'Ulangan Harian', 53, '2020-02-07', 1, 1),
(1245, 'NIP3938', 9, 11, 4, 'Praktek', 74, '2020-02-07', 1, 1),
(1246, 'NIP3939', 9, 11, 4, 'UTS', 42, '2020-02-07', 1, 1),
(1247, 'NIP3940', 21, 11, 4, 'Tugas', 54, '2020-02-07', 1, 1),
(1248, 'NIP3941', 21, 11, 4, 'Tugas', 75, '2020-02-07', 1, 1),
(1249, 'NIP3942', 21, 11, 4, 'Tugas', 74, '2020-02-07', 1, 1),
(1250, 'NIP3943', 21, 11, 4, 'Tugas', 57, '2020-02-07', 1, 1),
(1251, 'NIP3944', 21, 11, 4, 'Ulangan Harian', 35, '2020-02-07', 1, 1),
(1252, 'NIP3945', 21, 11, 4, 'Praktek', 84, '2020-02-07', 1, 1),
(1253, 'NIP3946', 21, 11, 4, 'UTS', 66, '2020-02-07', 1, 1),
(1254, 'NIP3940', 21, 11, 4, 'Tugas', 45, '2020-02-07', 1, 1),
(1255, 'NIP3941', 21, 11, 4, 'Tugas', 85, '2020-02-07', 1, 1),
(1256, 'NIP3942', 21, 11, 4, 'Tugas', 74, '2020-02-07', 1, 1),
(1257, 'NIP3943', 21, 11, 4, 'Tugas', 96, '2020-02-07', 1, 1),
(1258, 'NIP3944', 21, 11, 4, 'Ulangan Harian', 54, '2020-02-07', 1, 1),
(1259, 'NIP3945', 21, 11, 4, 'Praktek', 85, '2020-02-07', 1, 1),
(1260, 'NIP3946', 21, 11, 4, 'UTS', 66, '2020-02-07', 1, 1),
(1261, 'NIP3947', 26, 11, 4, 'Tugas', 74, '2020-02-07', 1, 1),
(1262, 'NIP3948', 26, 11, 4, 'Tugas', 85, '2020-02-07', 1, 1),
(1263, 'NIP3949', 26, 11, 4, 'Tugas', 64, '2020-02-07', 1, 1),
(1264, 'NIP3950', 26, 11, 4, 'Tugas', 53, '2020-02-07', 1, 1),
(1265, 'NIP3951', 26, 11, 4, 'Ulangan Harian', 74, '2020-02-07', 1, 1),
(1266, 'NIP3952', 26, 11, 4, 'Praktek', 75, '2020-02-07', 1, 1),
(1267, 'NIP3953', 26, 11, 4, 'UTS', 53, '2020-02-07', 1, 1),
(1268, 'NIP3961', 29, 11, 4, 'Tugas', 64, '2020-02-07', 1, 1),
(1269, 'NIP3962', 29, 11, 4, 'Tugas', 42, '2020-02-07', 1, 1),
(1270, 'NIP3963', 29, 11, 4, 'Tugas', 64, '2020-02-07', 1, 1),
(1271, 'NIP3964', 29, 11, 4, 'Tugas', 74, '2020-02-07', 1, 1),
(1272, 'NIP3965', 29, 11, 4, 'Ulangan Harian', 75, '2020-02-07', 1, 1),
(1273, 'NIP3966', 29, 11, 4, 'Praktek', 94, '2020-02-07', 1, 1),
(1274, 'NIP3967', 29, 11, 4, 'UTS', 74, '2020-02-07', 1, 1),
(1275, 'NIP3807', 1, 14, 5, 'Tugas', 86, '2020-02-07', 1, 1),
(1276, 'NIP3808', 1, 14, 5, 'Tugas', 77, '2020-02-07', 1, 1),
(1277, 'NIP3809', 1, 14, 5, 'Tugas', 60, '2020-02-07', 1, 1),
(1278, 'NIP3810', 1, 14, 5, 'Tugas', 72, '2020-02-07', 1, 1),
(1279, 'NIP3811', 1, 14, 5, 'Ulangan Harian', 47, '2020-02-07', 1, 1),
(1280, 'NIP3812', 1, 14, 5, 'Praktek', 56, '2020-02-07', 1, 1),
(1281, 'NIP3813', 1, 14, 5, 'UTS', 74, '2020-02-07', 1, 1),
(1282, 'NIP3814', 2, 14, 5, 'Tugas', 72, '2020-02-07', 1, 1),
(1283, 'NIP3815', 2, 14, 5, 'Tugas', 81, '2020-02-07', 1, 1),
(1284, 'NIP3816', 2, 14, 5, 'Tugas', 90, '2020-02-07', 1, 1),
(1285, 'NIP3817', 2, 14, 5, 'Tugas', 95, '2020-02-07', 1, 1),
(1286, 'NIP3818', 2, 14, 5, 'Ulangan Harian', 54, '2020-02-07', 1, 1),
(1287, 'NIP3819', 2, 14, 5, 'Praktek', 85, '2020-02-07', 1, 1),
(1288, 'NIP3820', 2, 14, 5, 'UTS', 53, '2020-02-07', 1, 1),
(1289, 'NIP3821', 3, 14, 5, 'Tugas', 75, '2020-02-07', 1, 1),
(1290, 'NIP3822', 3, 14, 5, 'Tugas', 74, '2020-02-07', 1, 1),
(1291, 'NIP3823', 3, 14, 5, 'Tugas', 46, '2020-02-07', 1, 1),
(1292, 'NIP3824', 3, 14, 5, 'Tugas', 64, '2020-02-07', 1, 1),
(1293, 'NIP3825', 3, 14, 5, 'Ulangan Harian', 85, '2020-02-07', 1, 1),
(1294, 'NIP3826', 3, 14, 5, 'Praktek', 66, '2020-02-07', 1, 1),
(1295, 'NIP3827', 3, 14, 5, 'UTS', 84, '2020-02-07', 1, 1),
(1296, 'NIP3828', 14, 14, 5, 'Tugas', 65, '2020-02-07', 1, 1),
(1297, 'NIP3829', 14, 14, 5, 'Tugas', 75, '2020-02-07', 1, 1),
(1298, 'NIP3830', 14, 14, 5, 'Tugas', 63, '2020-02-07', 1, 1),
(1299, 'NIP3831', 14, 14, 5, 'Tugas', 74, '2020-02-07', 1, 1),
(1300, 'NIP3832', 14, 14, 5, 'Ulangan Harian', 52, '2020-02-07', 1, 1),
(1301, 'NIP3833', 14, 14, 5, 'Praktek', 74, '2020-02-07', 1, 1),
(1302, 'NIP3834', 14, 14, 5, 'UTS', 62, '2020-02-07', 1, 1),
(1303, 'NIP3835', 16, 14, 5, 'Tugas', 52, '2020-02-07', 1, 1),
(1304, 'NIP3836', 16, 14, 5, 'Tugas', 95, '2020-02-07', 1, 1),
(1305, 'NIP3837', 16, 14, 5, 'Tugas', 53, '2020-02-07', 1, 1),
(1306, 'NIP3838', 16, 14, 5, 'Tugas', 74, '2020-02-07', 1, 1),
(1307, 'NIP3839', 16, 14, 5, 'Ulangan Harian', 76, '2020-02-07', 1, 1),
(1308, 'NIP3840', 16, 14, 5, 'Praktek', 36, '2020-02-07', 1, 1),
(1309, 'NIP3841', 16, 14, 5, 'UTS', 73, '2020-02-07', 1, 1),
(1310, 'NIP3842', 12, 14, 5, 'Tugas', 82, '2020-02-07', 1, 1),
(1311, 'NIP3843', 12, 14, 5, 'Tugas', 91, '2020-02-07', 1, 1),
(1312, 'NIP3844', 12, 14, 5, 'Tugas', 78, '2020-02-07', 1, 1),
(1313, 'NIP3845', 12, 14, 5, 'Tugas', 89, '2020-02-07', 1, 1),
(1314, 'NIP3846', 12, 14, 5, 'Ulangan Harian', 67, '2020-02-07', 1, 1),
(1315, 'NIP3847', 12, 14, 5, 'Praktek', 76, '2020-02-07', 1, 1),
(1316, 'NIP3848', 12, 14, 5, 'UTS', 87, '2020-02-07', 1, 1),
(1317, 'NIP3849', 19, 14, 5, 'Tugas', 98, '2020-02-07', 1, 1),
(1318, 'NIP3850', 19, 14, 5, 'Tugas', 65, '2020-02-07', 1, 1),
(1319, 'NIP3851', 19, 14, 5, 'Tugas', 67, '2020-02-07', 1, 1),
(1320, 'NIP3852', 19, 14, 5, 'Tugas', 85, '2020-02-07', 1, 1),
(1321, 'NIP3853', 19, 14, 5, 'Ulangan Harian', 86, '2020-02-07', 1, 1),
(1322, 'NIP3854', 19, 14, 5, 'Praktek', 71, '2020-02-07', 1, 1),
(1323, 'NIP3855', 19, 14, 5, 'UTS', 81, '2020-02-07', 1, 1),
(1324, 'NIP3856', 20, 14, 5, 'Tugas', 91, '2020-02-07', 1, 1),
(1325, 'NIP3857', 20, 14, 5, 'Tugas', 61, '2020-02-07', 1, 1),
(1326, 'NIP3858', 20, 14, 5, 'Tugas', 67, '2020-02-07', 1, 1),
(1327, 'NIP3859', 20, 14, 5, 'Tugas', 65, '2020-02-07', 1, 1),
(1328, 'NIP3860', 20, 14, 5, 'Ulangan Harian', 85, '2020-02-07', 1, 1),
(1329, 'NIP3861', 20, 14, 5, 'Praktek', 66, '2020-02-07', 1, 1),
(1330, 'NIP3862', 20, 14, 5, 'UTS', 45, '2020-02-07', 1, 1),
(1331, 'NIP3863', 15, 14, 5, 'Tugas', 74, '2020-02-07', 1, 1),
(1332, 'NIP3864', 15, 14, 5, 'Tugas', 96, '2020-02-07', 1, 1),
(1333, 'NIP3865', 15, 14, 5, 'Tugas', 74, '2020-02-07', 1, 1),
(1334, 'NIP3866', 15, 14, 5, 'Tugas', 85, '2020-02-07', 1, 1),
(1335, 'NIP3867', 15, 14, 5, 'Ulangan Harian', 92, '2020-02-07', 1, 1),
(1336, 'NIP3868', 15, 14, 5, 'Praktek', 75, '2020-02-07', 1, 1),
(1337, 'NIP3869', 15, 14, 5, 'UTS', 63, '2020-02-07', 1, 1),
(1338, 'NIP3870', 17, 14, 5, 'Tugas', 84, '2020-02-07', 1, 1),
(1339, 'NIP3871', 17, 14, 5, 'Tugas', 95, '2020-02-07', 1, 1),
(1340, 'NIP3872', 17, 14, 5, 'Tugas', 66, '2020-02-07', 1, 1),
(1341, 'NIP3873', 17, 14, 5, 'Tugas', 88, '2020-02-07', 1, 1),
(1342, 'NIP3874', 17, 14, 5, 'Ulangan Harian', 55, '2020-02-07', 1, 1),
(1343, 'NIP3875', 17, 14, 5, 'Praktek', 87, '2020-02-07', 1, 1),
(1344, 'NIP3876', 17, 14, 5, 'UTS', 65, '2020-02-07', 1, 1),
(1345, 'NIP3877', 13, 14, 5, 'Tugas', 84, '2020-02-07', 1, 1),
(1346, 'NIP3878', 13, 14, 5, 'Tugas', 83, '2020-02-07', 1, 1),
(1347, 'NIP3879', 13, 14, 5, 'Tugas', 72, '2020-02-07', 1, 1),
(1348, 'NIP3880', 13, 14, 5, 'Tugas', 80, '2020-02-07', 1, 1),
(1349, 'NIP3881', 13, 14, 5, 'Ulangan Harian', 50, '2020-02-07', 1, 1),
(1350, 'NIP3882', 13, 14, 5, 'Praktek', 60, '2020-02-07', 1, 1),
(1351, 'NIP3883', 13, 14, 5, 'UTS', 83, '2020-02-07', 1, 1),
(1352, 'NIP3884', 23, 14, 5, 'Tugas', 77, '2020-02-07', 1, 1),
(1353, 'NIP3885', 23, 14, 5, 'Tugas', 60, '2020-02-07', 1, 1),
(1354, 'NIP3886', 23, 14, 5, 'Tugas', 74, '2020-02-07', 1, 1),
(1355, 'NIP3887', 23, 14, 5, 'Tugas', 89, '2020-02-07', 1, 1),
(1356, 'NIP3888', 23, 14, 5, 'Ulangan Harian', 74, '2020-02-07', 1, 1),
(1357, 'NIP3889', 23, 14, 5, 'Praktek', 70, '2020-02-07', 1, 1),
(1358, 'NIP3890', 23, 14, 5, 'UTS', 66, '2020-02-07', 1, 1),
(1359, 'NIP3891', 24, 14, 5, 'Tugas', 57, '2020-02-07', 1, 1),
(1360, 'NIP3892', 24, 14, 5, 'Tugas', 83, '2020-02-07', 1, 1),
(1361, 'NIP3893', 24, 14, 5, 'Tugas', 81, '2020-02-07', 1, 1),
(1362, 'NIP3894', 24, 14, 5, 'Tugas', 73, '2020-02-07', 1, 1),
(1363, 'NIP3895', 24, 14, 5, 'Ulangan Harian', 64, '2020-02-07', 1, 1),
(1364, 'NIP3896', 24, 14, 5, 'Praktek', 85, '2020-02-07', 1, 1),
(1365, 'NIP3897', 24, 14, 5, 'UTS', 77, '2020-02-07', 1, 1),
(1366, 'NIP3898', 25, 14, 5, 'Tugas', 55, '2020-02-07', 1, 1),
(1367, 'NIP3899', 25, 14, 5, 'Tugas', 88, '2020-02-07', 1, 1),
(1368, 'NIP3900', 25, 14, 5, 'Tugas', 99, '2020-02-07', 1, 1),
(1369, 'NIP3901', 25, 14, 5, 'Tugas', 65, '2020-02-07', 1, 1),
(1370, 'NIP3902', 25, 14, 5, 'Ulangan Harian', 78, '2020-02-07', 1, 1),
(1371, 'NIP3903', 25, 14, 5, 'Praktek', 65, '2020-02-07', 1, 1),
(1372, 'NIP3904', 25, 14, 5, 'UTS', 86, '2020-02-07', 1, 1),
(1373, 'NIP3905', 6, 14, 5, 'Tugas', 67, '2020-02-07', 1, 1),
(1374, 'NIP3906', 6, 14, 5, 'Tugas', 79, '2020-02-07', 1, 1),
(1375, 'NIP3907', 6, 14, 5, 'Tugas', 67, '2020-02-07', 1, 1),
(1376, 'NIP3908', 6, 14, 5, 'Tugas', 88, '2020-02-07', 1, 1),
(1377, 'NIP3909', 6, 14, 5, 'Ulangan Harian', 96, '2020-02-07', 1, 1),
(1378, 'NIP3910', 6, 14, 5, 'Praktek', 94, '2020-02-07', 1, 1),
(1379, 'NIP3911', 6, 14, 5, 'UTS', 65, '2020-02-07', 1, 1),
(1380, 'NIP3912', 18, 14, 5, 'Tugas', 36, '2020-02-07', 1, 1),
(1381, 'NIP3913', 18, 14, 5, 'Tugas', 78, '2020-02-07', 1, 1),
(1382, 'NIP3914', 18, 14, 5, 'Tugas', 53, '2020-02-07', 1, 1),
(1383, 'NIP3915', 18, 14, 5, 'Tugas', 74, '2020-02-07', 1, 1),
(1384, 'NIP3916', 18, 14, 5, 'Ulangan Harian', 74, '2020-02-07', 1, 1),
(1385, 'NIP3917', 18, 14, 5, 'Praktek', 42, '2020-02-07', 1, 1),
(1386, 'NIP3918', 18, 14, 5, 'UTS', 86, '2020-02-07', 1, 1),
(1387, 'NIP3919', 21, 14, 5, 'Tugas', 82, '2020-02-07', 1, 1),
(1388, 'NIP3920', 21, 14, 5, 'Tugas', 83, '2020-02-07', 1, 1),
(1389, 'NIP3921', 21, 14, 5, 'Tugas', 73, '2020-02-07', 1, 1),
(1390, 'NIP3922', 21, 14, 5, 'Tugas', 92, '2020-02-07', 1, 1),
(1391, 'NIP3923', 21, 14, 5, 'Ulangan Harian', 72, '2020-02-07', 1, 1),
(1392, 'NIP3924', 21, 14, 5, 'Praktek', 63, '2020-02-07', 1, 1),
(1393, 'NIP3925', 21, 14, 5, 'UTS', 72, '2020-02-07', 1, 1),
(1394, 'NIP3926', 7, 14, 5, 'Tugas', 61, '2020-02-07', 1, 1),
(1395, 'NIP3927', 7, 14, 5, 'Tugas', 73, '2020-02-07', 1, 1),
(1396, 'NIP3928', 7, 14, 5, 'Tugas', 73, '2020-02-07', 1, 1),
(1397, 'NIP3929', 7, 14, 5, 'Tugas', 84, '2020-02-07', 1, 1),
(1398, 'NIP3930', 7, 14, 5, 'Ulangan Harian', 45, '2020-02-07', 1, 1),
(1399, 'NIP3931', 7, 14, 5, 'Praktek', 67, '2020-02-07', 1, 1),
(1400, 'NIP3932', 7, 14, 5, 'UTS', 34, '2020-02-07', 1, 1),
(1401, 'NIP3933', 9, 14, 5, 'Tugas', 64, '2020-02-07', 1, 1),
(1402, 'NIP3934', 9, 14, 5, 'Tugas', 65, '2020-02-07', 1, 1),
(1403, 'NIP3935', 9, 14, 5, 'Tugas', 44, '2020-02-07', 1, 1),
(1404, 'NIP3936', 9, 14, 5, 'Tugas', 73, '2020-02-07', 1, 1),
(1405, 'NIP3937', 9, 14, 5, 'Ulangan Harian', 63, '2020-02-07', 1, 1),
(1406, 'NIP3938', 9, 14, 5, 'Praktek', 74, '2020-02-07', 1, 1),
(1407, 'NIP3939', 9, 14, 5, 'UTS', 41, '2020-02-07', 1, 1),
(1408, 'NIP3940', 21, 14, 5, 'Tugas', 56, '2020-02-07', 1, 1),
(1409, 'NIP3941', 21, 14, 5, 'Tugas', 84, '2020-02-07', 1, 1),
(1410, 'NIP3942', 21, 14, 5, 'Tugas', 63, '2020-02-07', 1, 1),
(1411, 'NIP3943', 21, 14, 5, 'Tugas', 74, '2020-02-07', 1, 1),
(1412, 'NIP3944', 21, 14, 5, 'Ulangan Harian', 35, '2020-02-07', 1, 1),
(1413, 'NIP3945', 21, 14, 5, 'Praktek', 85, '2020-02-07', 1, 1),
(1414, 'NIP3946', 21, 14, 5, 'UTS', 36, '2020-02-07', 1, 1),
(1415, 'NIP3940', 21, 14, 5, 'Tugas', 45, '2020-02-07', 1, 1),
(1416, 'NIP3941', 21, 14, 5, 'Tugas', 73, '2020-02-07', 1, 1),
(1417, 'NIP3942', 21, 14, 5, 'Tugas', 46, '2020-02-07', 1, 1),
(1418, 'NIP3943', 21, 14, 5, 'Tugas', 84, '2020-02-07', 1, 1),
(1419, 'NIP3944', 21, 14, 5, 'Ulangan Harian', 54, '2020-02-07', 1, 1),
(1420, 'NIP3945', 21, 14, 5, 'Praktek', 85, '2020-02-07', 1, 1),
(1421, 'NIP3946', 21, 14, 5, 'UTS', 66, '2020-02-07', 1, 1),
(1422, 'NIP3947', 26, 14, 5, 'Tugas', 74, '2020-02-07', 1, 1),
(1423, 'NIP3948', 26, 14, 5, 'Tugas', 85, '2020-02-07', 1, 1),
(1424, 'NIP3949', 26, 14, 5, 'Tugas', 64, '2020-02-07', 1, 1),
(1425, 'NIP3950', 26, 14, 5, 'Tugas', 53, '2020-02-07', 1, 1),
(1426, 'NIP3951', 26, 14, 5, 'Ulangan Harian', 74, '2020-02-07', 1, 1),
(1427, 'NIP3952', 26, 14, 5, 'Praktek', 75, '2020-02-07', 1, 1),
(1428, 'NIP3953', 26, 14, 5, 'UTS', 53, '2020-02-07', 1, 1),
(1429, 'NIP3961', 29, 14, 5, 'Tugas', 85, '2020-02-07', 1, 1),
(1430, 'NIP3962', 29, 14, 5, 'Tugas', 88, '2020-02-07', 1, 1),
(1431, 'NIP3963', 29, 14, 5, 'Tugas', 45, '2020-02-07', 1, 1),
(1432, 'NIP3964', 29, 14, 5, 'Tugas', 72, '2020-02-07', 1, 1),
(1433, 'NIP3965', 29, 14, 5, 'Ulangan Harian', 75, '2020-02-07', 1, 1),
(1434, 'NIP3966', 29, 14, 5, 'Praktek', 94, '2020-02-07', 1, 1),
(1435, 'NIP3967', 29, 14, 5, 'UTS', 74, '2020-02-07', 1, 1),
(1436, 'NIP3807', 1, 15, 5, 'Tugas', 75, '2020-02-07', 1, 1),
(1437, 'NIP3808', 1, 15, 5, 'Tugas', 53, '2020-02-07', 1, 1),
(1438, 'NIP3809', 1, 15, 5, 'Tugas', 85, '2020-02-07', 1, 1),
(1439, 'NIP3810', 1, 15, 5, 'Tugas', 64, '2020-02-07', 1, 1),
(1440, 'NIP3811', 1, 15, 5, 'Ulangan Harian', 75, '2020-02-07', 1, 1),
(1441, 'NIP3812', 1, 15, 5, 'Praktek', 64, '2020-02-07', 1, 1),
(1442, 'NIP3813', 1, 15, 5, 'UTS', 74, '2020-02-07', 1, 1),
(1443, 'NIP3814', 2, 15, 5, 'Tugas', 72, '2020-02-07', 1, 1),
(1444, 'NIP3815', 2, 15, 5, 'Tugas', 81, '2020-02-07', 1, 1),
(1445, 'NIP3816', 2, 15, 5, 'Tugas', 90, '2020-02-07', 1, 1),
(1446, 'NIP3817', 2, 15, 5, 'Tugas', 95, '2020-02-07', 1, 1),
(1447, 'NIP3818', 2, 15, 5, 'Ulangan Harian', 54, '2020-02-07', 1, 1),
(1448, 'NIP3819', 2, 15, 5, 'Praktek', 85, '2020-02-07', 1, 1),
(1449, 'NIP3820', 2, 15, 5, 'UTS', 53, '2020-02-07', 1, 1),
(1450, 'NIP3821', 3, 15, 5, 'Tugas', 75, '2020-02-07', 1, 1),
(1451, 'NIP3822', 3, 15, 5, 'Tugas', 74, '2020-02-07', 1, 1),
(1452, 'NIP3823', 3, 15, 5, 'Tugas', 46, '2020-02-07', 1, 1),
(1453, 'NIP3824', 3, 15, 5, 'Tugas', 64, '2020-02-07', 1, 1),
(1454, 'NIP3825', 3, 15, 5, 'Ulangan Harian', 85, '2020-02-07', 1, 1),
(1455, 'NIP3826', 3, 15, 5, 'Praktek', 66, '2020-02-07', 1, 1),
(1456, 'NIP3827', 3, 15, 5, 'UTS', 84, '2020-02-07', 1, 1),
(1457, 'NIP3828', 14, 15, 5, 'Tugas', 65, '2020-02-07', 1, 1),
(1458, 'NIP3829', 14, 15, 5, 'Tugas', 75, '2020-02-07', 1, 1),
(1459, 'NIP3830', 14, 15, 5, 'Tugas', 63, '2020-02-07', 1, 1),
(1460, 'NIP3831', 14, 15, 5, 'Tugas', 74, '2020-02-07', 1, 1),
(1461, 'NIP3832', 14, 15, 5, 'Ulangan Harian', 52, '2020-02-07', 1, 1),
(1462, 'NIP3833', 14, 15, 5, 'Praktek', 74, '2020-02-07', 1, 1),
(1463, 'NIP3834', 14, 15, 5, 'UTS', 62, '2020-02-07', 1, 1),
(1464, 'NIP3835', 16, 15, 5, 'Tugas', 52, '2020-02-07', 1, 1),
(1465, 'NIP3836', 16, 15, 5, 'Tugas', 95, '2020-02-07', 1, 1),
(1466, 'NIP3837', 16, 15, 5, 'Tugas', 53, '2020-02-07', 1, 1),
(1467, 'NIP3838', 16, 15, 5, 'Tugas', 74, '2020-02-07', 1, 1),
(1468, 'NIP3839', 16, 15, 5, 'Ulangan Harian', 76, '2020-02-07', 1, 1),
(1469, 'NIP3840', 16, 15, 5, 'Praktek', 36, '2020-02-07', 1, 1),
(1470, 'NIP3841', 16, 15, 5, 'UTS', 73, '2020-02-07', 1, 1),
(1471, 'NIP3842', 12, 15, 5, 'Tugas', 82, '2020-02-07', 1, 1),
(1472, 'NIP3843', 12, 15, 5, 'Tugas', 91, '2020-02-07', 1, 1),
(1473, 'NIP3844', 12, 15, 5, 'Tugas', 78, '2020-02-07', 1, 1),
(1474, 'NIP3845', 12, 15, 5, 'Tugas', 89, '2020-02-07', 1, 1),
(1475, 'NIP3846', 12, 15, 5, 'Ulangan Harian', 67, '2020-02-07', 1, 1),
(1476, 'NIP3847', 12, 15, 5, 'Praktek', 74, '2020-02-07', 1, 1),
(1477, 'NIP3848', 12, 15, 5, 'UTS', 85, '2020-02-07', 1, 1),
(1478, 'NIP3849', 19, 15, 5, 'Tugas', 64, '2020-02-07', 1, 1),
(1479, 'NIP3850', 19, 15, 5, 'Tugas', 53, '2020-02-07', 1, 1),
(1480, 'NIP3851', 19, 15, 5, 'Tugas', 74, '2020-02-07', 1, 1),
(1481, 'NIP3852', 19, 15, 5, 'Tugas', 75, '2020-02-07', 1, 1),
(1482, 'NIP3853', 19, 15, 5, 'Ulangan Harian', 53, '2020-02-07', 1, 1),
(1483, 'NIP3854', 19, 15, 5, 'Praktek', 85, '2020-02-07', 1, 1),
(1484, 'NIP3855', 19, 15, 5, 'UTS', 81, '2020-02-07', 1, 1),
(1485, 'NIP3856', 20, 15, 5, 'Tugas', 91, '2020-02-07', 1, 1),
(1486, 'NIP3857', 20, 15, 5, 'Tugas', 61, '2020-02-07', 1, 1),
(1487, 'NIP3858', 20, 15, 5, 'Tugas', 67, '2020-02-07', 1, 1),
(1488, 'NIP3859', 20, 15, 5, 'Tugas', 65, '2020-02-07', 1, 1),
(1489, 'NIP3860', 20, 15, 5, 'Ulangan Harian', 85, '2020-02-07', 1, 1),
(1490, 'NIP3861', 20, 15, 5, 'Praktek', 66, '2020-02-07', 1, 1),
(1491, 'NIP3862', 20, 15, 5, 'UTS', 45, '2020-02-07', 1, 1),
(1492, 'NIP3863', 15, 15, 5, 'Tugas', 74, '2020-02-07', 1, 1),
(1493, 'NIP3864', 15, 15, 5, 'Tugas', 96, '2020-02-07', 1, 1),
(1494, 'NIP3865', 15, 15, 5, 'Tugas', 74, '2020-02-07', 1, 1),
(1495, 'NIP3866', 15, 15, 5, 'Tugas', 85, '2020-02-07', 1, 1),
(1496, 'NIP3867', 15, 15, 5, 'Ulangan Harian', 92, '2020-02-07', 1, 1),
(1497, 'NIP3868', 15, 15, 5, 'Praktek', 75, '2020-02-07', 1, 1),
(1498, 'NIP3869', 15, 15, 5, 'UTS', 63, '2020-02-07', 1, 1),
(1499, 'NIP3870', 17, 15, 5, 'Tugas', 84, '2020-02-07', 1, 1),
(1500, 'NIP3871', 17, 15, 5, 'Tugas', 95, '2020-02-07', 1, 1),
(1501, 'NIP3872', 17, 15, 5, 'Tugas', 66, '2020-02-07', 1, 1),
(1502, 'NIP3873', 17, 15, 5, 'Tugas', 88, '2020-02-07', 1, 1),
(1503, 'NIP3874', 17, 15, 5, 'Ulangan Harian', 55, '2020-02-07', 1, 1),
(1504, 'NIP3875', 17, 15, 5, 'Praktek', 87, '2020-02-07', 1, 1),
(1505, 'NIP3876', 17, 15, 5, 'UTS', 65, '2020-02-07', 1, 1),
(1506, 'NIP3877', 13, 15, 5, 'Tugas', 84, '2020-02-07', 1, 1),
(1507, 'NIP3878', 13, 15, 5, 'Tugas', 83, '2020-02-07', 1, 1),
(1508, 'NIP3879', 13, 15, 5, 'Tugas', 72, '2020-02-07', 1, 1),
(1509, 'NIP3880', 13, 15, 5, 'Tugas', 80, '2020-02-07', 1, 1),
(1510, 'NIP3881', 13, 15, 5, 'Ulangan Harian', 50, '2020-02-07', 1, 1),
(1511, 'NIP3882', 13, 15, 5, 'Praktek', 60, '2020-02-07', 1, 1),
(1512, 'NIP3883', 13, 15, 5, 'UTS', 83, '2020-02-07', 1, 1),
(1513, 'NIP3884', 23, 15, 5, 'Tugas', 77, '2020-02-07', 1, 1),
(1514, 'NIP3885', 23, 15, 5, 'Tugas', 60, '2020-02-07', 1, 1),
(1515, 'NIP3886', 23, 15, 5, 'Tugas', 74, '2020-02-07', 1, 1),
(1516, 'NIP3887', 23, 15, 5, 'Tugas', 89, '2020-02-07', 1, 1),
(1517, 'NIP3888', 23, 15, 5, 'Ulangan Harian', 74, '2020-02-07', 1, 1),
(1518, 'NIP3889', 23, 15, 5, 'Praktek', 70, '2020-02-07', 1, 1),
(1519, 'NIP3890', 23, 15, 5, 'UTS', 66, '2020-02-07', 1, 1),
(1520, 'NIP3891', 24, 15, 5, 'Tugas', 57, '2020-02-07', 1, 1),
(1521, 'NIP3892', 24, 15, 5, 'Tugas', 83, '2020-02-07', 1, 1),
(1522, 'NIP3893', 24, 15, 5, 'Tugas', 81, '2020-02-07', 1, 1),
(1523, 'NIP3894', 24, 15, 5, 'Tugas', 73, '2020-02-07', 1, 1),
(1524, 'NIP3895', 24, 15, 5, 'Ulangan Harian', 64, '2020-02-07', 1, 1),
(1525, 'NIP3896', 24, 15, 5, 'Praktek', 85, '2020-02-07', 1, 1),
(1526, 'NIP3897', 24, 15, 5, 'UTS', 77, '2020-02-07', 1, 1),
(1527, 'NIP3898', 25, 15, 5, 'Tugas', 55, '2020-02-07', 1, 1),
(1528, 'NIP3899', 25, 15, 5, 'Tugas', 88, '2020-02-07', 1, 1),
(1529, 'NIP3900', 25, 15, 5, 'Tugas', 99, '2020-02-07', 1, 1),
(1530, 'NIP3901', 25, 15, 5, 'Tugas', 65, '2020-02-07', 1, 1),
(1531, 'NIP3902', 25, 15, 5, 'Ulangan Harian', 78, '2020-02-07', 1, 1),
(1532, 'NIP3903', 25, 15, 5, 'Praktek', 65, '2020-02-07', 1, 1),
(1533, 'NIP3904', 25, 15, 5, 'UTS', 86, '2020-02-07', 1, 1),
(1534, 'NIP3905', 6, 15, 5, 'Tugas', 67, '2020-02-07', 1, 1),
(1535, 'NIP3906', 6, 15, 5, 'Tugas', 79, '2020-02-07', 1, 1),
(1536, 'NIP3907', 6, 15, 5, 'Tugas', 67, '2020-02-07', 1, 1),
(1537, 'NIP3908', 6, 15, 5, 'Tugas', 88, '2020-02-07', 1, 1),
(1538, 'NIP3909', 6, 15, 5, 'Ulangan Harian', 96, '2020-02-07', 1, 1),
(1539, 'NIP3910', 6, 15, 5, 'Praktek', 94, '2020-02-07', 1, 1),
(1540, 'NIP3911', 6, 15, 5, 'UTS', 65, '2020-02-07', 1, 1),
(1541, 'NIP3912', 18, 15, 5, 'Tugas', 36, '2020-02-07', 1, 1),
(1542, 'NIP3913', 18, 15, 5, 'Tugas', 78, '2020-02-07', 1, 1),
(1543, 'NIP3914', 18, 15, 5, 'Tugas', 53, '2020-02-07', 1, 1),
(1544, 'NIP3915', 18, 15, 5, 'Tugas', 74, '2020-02-07', 1, 1),
(1545, 'NIP3916', 18, 15, 5, 'Ulangan Harian', 74, '2020-02-07', 1, 1),
(1546, 'NIP3917', 18, 15, 5, 'Praktek', 42, '2020-02-07', 1, 1),
(1547, 'NIP3918', 18, 15, 5, 'UTS', 86, '2020-02-07', 1, 1),
(1548, 'NIP3919', 21, 15, 5, 'Tugas', 82, '2020-02-07', 1, 1),
(1549, 'NIP3920', 21, 15, 5, 'Tugas', 83, '2020-02-07', 1, 1),
(1550, 'NIP3921', 21, 15, 5, 'Tugas', 73, '2020-02-07', 1, 1),
(1551, 'NIP3922', 21, 15, 5, 'Tugas', 92, '2020-02-07', 1, 1),
(1552, 'NIP3923', 21, 15, 5, 'Ulangan Harian', 72, '2020-02-07', 1, 1),
(1553, 'NIP3924', 21, 15, 5, 'Praktek', 63, '2020-02-07', 1, 1),
(1554, 'NIP3925', 21, 15, 5, 'UTS', 72, '2020-02-07', 1, 1),
(1555, 'NIP3926', 7, 15, 5, 'Tugas', 61, '2020-02-07', 1, 1),
(1556, 'NIP3927', 7, 15, 5, 'Tugas', 73, '2020-02-07', 1, 1),
(1557, 'NIP3928', 7, 15, 5, 'Tugas', 73, '2020-02-07', 1, 1),
(1558, 'NIP3929', 7, 15, 5, 'Tugas', 84, '2020-02-07', 1, 1),
(1559, 'NIP3930', 7, 15, 5, 'Ulangan Harian', 45, '2020-02-07', 1, 1),
(1560, 'NIP3931', 7, 15, 5, 'Praktek', 67, '2020-02-07', 1, 1),
(1561, 'NIP3932', 7, 15, 5, 'UTS', 34, '2020-02-07', 1, 1),
(1562, 'NIP3933', 9, 15, 5, 'Tugas', 64, '2020-02-07', 1, 1),
(1563, 'NIP3934', 9, 15, 5, 'Tugas', 65, '2020-02-07', 1, 1),
(1564, 'NIP3935', 9, 15, 5, 'Tugas', 44, '2020-02-07', 1, 1),
(1565, 'NIP3936', 9, 15, 5, 'Tugas', 73, '2020-02-07', 1, 1),
(1566, 'NIP3937', 9, 15, 5, 'Ulangan Harian', 63, '2020-02-07', 1, 1),
(1567, 'NIP3938', 9, 15, 5, 'Praktek', 74, '2020-02-07', 1, 1),
(1568, 'NIP3939', 9, 15, 5, 'UTS', 41, '2020-02-07', 1, 1),
(1569, 'NIP3940', 21, 15, 5, 'Tugas', 78, '2020-02-07', 1, 1),
(1570, 'NIP3941', 21, 15, 5, 'Tugas', 53, '2020-02-07', 1, 1),
(1571, 'NIP3942', 21, 15, 5, 'Tugas', 74, '2020-02-07', 1, 1),
(1572, 'NIP3943', 21, 15, 5, 'Tugas', 74, '2020-02-07', 1, 1),
(1573, 'NIP3944', 21, 15, 5, 'Ulangan Harian', 42, '2020-02-07', 1, 1),
(1574, 'NIP3945', 21, 15, 5, 'Praktek', 86, '2020-02-07', 1, 1),
(1575, 'NIP3946', 21, 15, 5, 'UTS', 82, '2020-02-07', 1, 1),
(1576, 'NIP3940', 21, 15, 5, 'Tugas', 83, '2020-02-07', 1, 1),
(1577, 'NIP3941', 21, 15, 5, 'Tugas', 73, '2020-02-07', 1, 1),
(1578, 'NIP3942', 21, 15, 5, 'Tugas', 46, '2020-02-07', 1, 1),
(1579, 'NIP3943', 21, 15, 5, 'Tugas', 84, '2020-02-07', 1, 1),
(1580, 'NIP3944', 21, 15, 5, 'Ulangan Harian', 54, '2020-02-07', 1, 1),
(1581, 'NIP3945', 21, 15, 5, 'Praktek', 85, '2020-02-07', 1, 1),
(1582, 'NIP3946', 21, 15, 5, 'UTS', 66, '2020-02-07', 1, 1),
(1583, 'NIP3947', 26, 15, 5, 'Tugas', 74, '2020-02-07', 1, 1),
(1584, 'NIP3948', 26, 15, 5, 'Tugas', 85, '2020-02-07', 1, 1),
(1585, 'NIP3949', 26, 15, 5, 'Tugas', 81, '2020-02-07', 1, 1),
(1586, 'NIP3950', 26, 15, 5, 'Tugas', 73, '2020-02-07', 1, 1),
(1587, 'NIP3951', 26, 15, 5, 'Ulangan Harian', 64, '2020-02-07', 1, 1),
(1588, 'NIP3952', 26, 15, 5, 'Praktek', 85, '2020-02-07', 1, 1),
(1589, 'NIP3953', 26, 15, 5, 'UTS', 77, '2020-02-07', 1, 1),
(1590, 'NIP3961', 29, 15, 5, 'Tugas', 53, '2020-02-07', 1, 1),
(1591, 'NIP3962', 29, 15, 5, 'Tugas', 74, '2020-02-07', 1, 1),
(1592, 'NIP3963', 29, 15, 5, 'Tugas', 74, '2020-02-07', 1, 1),
(1593, 'NIP3964', 29, 15, 5, 'Tugas', 85, '2020-02-07', 1, 1),
(1594, 'NIP3965', 29, 15, 5, 'Ulangan Harian', 93, '2020-02-07', 1, 1),
(1595, 'NIP3966', 29, 15, 5, 'Praktek', 53, '2020-02-07', 1, 1),
(1596, 'NIP3967', 29, 15, 5, 'UTS', 52, '2020-02-07', 1, 1),
(1597, 'NIP3807', 1, 13, 4, 'Tugas', 53, '2020-02-07', 1, 1),
(1598, 'NIP3808', 1, 13, 4, 'Tugas', 85, '2020-02-07', 1, 1),
(1599, 'NIP3809', 1, 13, 4, 'Tugas', 88, '2020-02-07', 1, 1),
(1600, 'NIP3810', 1, 13, 4, 'Tugas', 45, '2020-02-07', 1, 1),
(1601, 'NIP3811', 1, 13, 4, 'Ulangan Harian', 72, '2020-02-07', 1, 1),
(1602, 'NIP3812', 1, 13, 4, 'Praktek', 75, '2020-02-07', 1, 1),
(1603, 'NIP3813', 1, 13, 4, 'UTS', 94, '2020-02-07', 1, 1),
(1604, 'NIP3814', 2, 13, 4, 'Tugas', 74, '2020-02-07', 1, 1),
(1605, 'NIP3815', 2, 13, 4, 'Tugas', 75, '2020-02-07', 1, 1),
(1606, 'NIP3816', 2, 13, 4, 'Tugas', 53, '2020-02-07', 1, 1),
(1607, 'NIP3817', 2, 13, 4, 'Tugas', 85, '2020-02-07', 1, 1),
(1608, 'NIP3818', 2, 13, 4, 'Ulangan Harian', 64, '2020-02-07', 1, 1),
(1609, 'NIP3819', 2, 13, 4, 'Praktek', 75, '2020-02-07', 1, 1),
(1610, 'NIP3820', 2, 13, 4, 'UTS', 64, '2020-02-07', 1, 1),
(1611, 'NIP3821', 3, 13, 4, 'Tugas', 74, '2020-02-07', 1, 1),
(1612, 'NIP3822', 3, 13, 4, 'Tugas', 72, '2020-02-07', 1, 1),
(1613, 'NIP3823', 3, 13, 4, 'Tugas', 81, '2020-02-07', 1, 1),
(1614, 'NIP3824', 3, 13, 4, 'Tugas', 90, '2020-02-07', 1, 1),
(1615, 'NIP3825', 3, 13, 4, 'Ulangan Harian', 95, '2020-02-07', 1, 1),
(1616, 'NIP3826', 3, 13, 4, 'Praktek', 54, '2020-02-07', 1, 1),
(1617, 'NIP3827', 3, 13, 4, 'UTS', 85, '2020-02-07', 1, 1),
(1618, 'NIP3828', 14, 13, 4, 'Tugas', 53, '2020-02-07', 1, 1),
(1619, 'NIP3829', 14, 13, 4, 'Tugas', 75, '2020-02-07', 1, 1),
(1620, 'NIP3830', 14, 13, 4, 'Tugas', 74, '2020-02-07', 1, 1),
(1621, 'NIP3831', 14, 13, 4, 'Tugas', 46, '2020-02-07', 1, 1),
(1622, 'NIP3832', 14, 13, 4, 'Ulangan Harian', 64, '2020-02-07', 1, 1),
(1623, 'NIP3833', 14, 13, 4, 'Praktek', 85, '2020-02-07', 1, 1),
(1624, 'NIP3834', 14, 13, 4, 'UTS', 66, '2020-02-07', 1, 1),
(1625, 'NIP3835', 16, 13, 4, 'Tugas', 84, '2020-02-07', 1, 1),
(1626, 'NIP3836', 16, 13, 4, 'Tugas', 65, '2020-02-07', 1, 1),
(1627, 'NIP3837', 16, 13, 4, 'Tugas', 75, '2020-02-07', 1, 1),
(1628, 'NIP3838', 16, 13, 4, 'Tugas', 63, '2020-02-07', 1, 1),
(1629, 'NIP3839', 16, 13, 4, 'Ulangan Harian', 74, '2020-02-07', 1, 1),
(1630, 'NIP3840', 16, 13, 4, 'Praktek', 52, '2020-02-07', 1, 1),
(1631, 'NIP3841', 16, 13, 4, 'UTS', 74, '2020-02-07', 1, 1),
(1632, 'NIP3842', 12, 13, 4, 'Tugas', 62, '2020-02-07', 1, 1),
(1633, 'NIP3843', 12, 13, 4, 'Tugas', 52, '2020-02-07', 1, 1),
(1634, 'NIP3844', 12, 13, 4, 'Tugas', 95, '2020-02-07', 1, 1),
(1635, 'NIP3845', 12, 13, 4, 'Tugas', 53, '2020-02-07', 1, 1),
(1636, 'NIP3846', 12, 13, 4, 'Ulangan Harian', 74, '2020-02-07', 1, 1),
(1637, 'NIP3847', 12, 13, 4, 'Praktek', 76, '2020-02-07', 1, 1),
(1638, 'NIP3848', 12, 13, 4, 'UTS', 36, '2020-02-07', 1, 1),
(1639, 'NIP3849', 19, 13, 4, 'Tugas', 73, '2020-02-07', 1, 1),
(1640, 'NIP3850', 19, 13, 4, 'Tugas', 82, '2020-02-07', 1, 1);
INSERT INTO `bukunilai` (`idBukuNilai`, `nomorInduk`, `idMapel`, `idSiswa`, `idKelas`, `jenisNilai`, `nilai`, `tanggal`, `semester`, `statusBukuNilai`) VALUES
(1641, 'NIP3851', 19, 13, 4, 'Tugas', 91, '2020-02-07', 1, 1),
(1642, 'NIP3852', 19, 13, 4, 'Tugas', 78, '2020-02-07', 1, 1),
(1643, 'NIP3853', 19, 13, 4, 'Ulangan Harian', 89, '2020-02-07', 1, 1),
(1644, 'NIP3854', 19, 13, 4, 'Praktek', 67, '2020-02-07', 1, 1),
(1645, 'NIP3855', 19, 13, 4, 'UTS', 74, '2020-02-07', 1, 1),
(1646, 'NIP3856', 20, 13, 4, 'Tugas', 85, '2020-02-07', 1, 1),
(1647, 'NIP3857', 20, 13, 4, 'Tugas', 64, '2020-02-07', 1, 1),
(1648, 'NIP3858', 20, 13, 4, 'Tugas', 53, '2020-02-07', 1, 1),
(1649, 'NIP3859', 20, 13, 4, 'Tugas', 74, '2020-02-07', 1, 1),
(1650, 'NIP3860', 20, 13, 4, 'Ulangan Harian', 75, '2020-02-07', 1, 1),
(1651, 'NIP3861', 20, 13, 4, 'Praktek', 53, '2020-02-07', 1, 1),
(1652, 'NIP3862', 20, 13, 4, 'UTS', 85, '2020-02-07', 1, 1),
(1653, 'NIP3863', 15, 13, 4, 'Tugas', 81, '2020-02-07', 1, 1),
(1654, 'NIP3864', 15, 13, 4, 'Tugas', 91, '2020-02-07', 1, 1),
(1655, 'NIP3865', 15, 13, 4, 'Tugas', 61, '2020-02-07', 1, 1),
(1656, 'NIP3866', 15, 13, 4, 'Tugas', 67, '2020-02-07', 1, 1),
(1657, 'NIP3867', 15, 13, 4, 'Ulangan Harian', 36, '2020-02-07', 1, 1),
(1658, 'NIP3868', 15, 13, 4, 'Praktek', 75, '2020-02-07', 1, 1),
(1659, 'NIP3869', 15, 13, 4, 'UTS', 63, '2020-02-07', 1, 1),
(1660, 'NIP3870', 17, 13, 4, 'Tugas', 84, '2020-02-07', 1, 1),
(1661, 'NIP3871', 17, 13, 4, 'Tugas', 95, '2020-02-07', 1, 1),
(1662, 'NIP3872', 17, 13, 4, 'Tugas', 66, '2020-02-07', 1, 1),
(1663, 'NIP3873', 17, 13, 4, 'Tugas', 88, '2020-02-07', 1, 1),
(1664, 'NIP3874', 17, 13, 4, 'Ulangan Harian', 55, '2020-02-07', 1, 1),
(1665, 'NIP3875', 17, 13, 4, 'Praktek', 87, '2020-02-07', 1, 1),
(1666, 'NIP3876', 17, 13, 4, 'UTS', 65, '2020-02-07', 1, 1),
(1667, 'NIP3877', 13, 13, 4, 'Tugas', 84, '2020-02-07', 1, 1),
(1668, 'NIP3878', 13, 13, 4, 'Tugas', 83, '2020-02-07', 1, 1),
(1669, 'NIP3879', 13, 13, 4, 'Tugas', 72, '2020-02-07', 1, 1),
(1670, 'NIP3880', 13, 13, 4, 'Tugas', 80, '2020-02-07', 1, 1),
(1671, 'NIP3881', 13, 13, 4, 'Ulangan Harian', 50, '2020-02-07', 1, 1),
(1672, 'NIP3882', 13, 13, 4, 'Praktek', 60, '2020-02-07', 1, 1),
(1673, 'NIP3883', 13, 13, 4, 'UTS', 83, '2020-02-07', 1, 1),
(1674, 'NIP3884', 23, 13, 4, 'Tugas', 77, '2020-02-07', 1, 1),
(1675, 'NIP3885', 23, 13, 4, 'Tugas', 60, '2020-02-07', 1, 1),
(1676, 'NIP3886', 23, 13, 4, 'Tugas', 74, '2020-02-07', 1, 1),
(1677, 'NIP3887', 23, 13, 4, 'Tugas', 89, '2020-02-07', 1, 1),
(1678, 'NIP3888', 23, 13, 4, 'Ulangan Harian', 74, '2020-02-07', 1, 1),
(1679, 'NIP3889', 23, 13, 4, 'Praktek', 70, '2020-02-07', 1, 1),
(1680, 'NIP3890', 23, 13, 4, 'UTS', 66, '2020-02-07', 1, 1),
(1681, 'NIP3891', 24, 13, 4, 'Tugas', 57, '2020-02-07', 1, 1),
(1682, 'NIP3892', 24, 13, 4, 'Tugas', 83, '2020-02-07', 1, 1),
(1683, 'NIP3893', 24, 13, 4, 'Tugas', 81, '2020-02-07', 1, 1),
(1684, 'NIP3894', 24, 13, 4, 'Tugas', 73, '2020-02-07', 1, 1),
(1685, 'NIP3895', 24, 13, 4, 'Ulangan Harian', 64, '2020-02-07', 1, 1),
(1686, 'NIP3896', 24, 13, 4, 'Praktek', 85, '2020-02-07', 1, 1),
(1687, 'NIP3897', 24, 13, 4, 'UTS', 77, '2020-02-07', 1, 1),
(1688, 'NIP3898', 25, 13, 4, 'Tugas', 55, '2020-02-07', 1, 1),
(1689, 'NIP3899', 25, 13, 4, 'Tugas', 88, '2020-02-07', 1, 1),
(1690, 'NIP3900', 25, 13, 4, 'Tugas', 99, '2020-02-07', 1, 1),
(1691, 'NIP3901', 25, 13, 4, 'Tugas', 65, '2020-02-07', 1, 1),
(1692, 'NIP3902', 25, 13, 4, 'Ulangan Harian', 78, '2020-02-07', 1, 1),
(1693, 'NIP3903', 25, 13, 4, 'Praktek', 65, '2020-02-07', 1, 1),
(1694, 'NIP3904', 25, 13, 4, 'UTS', 86, '2020-02-07', 1, 1),
(1695, 'NIP3905', 6, 13, 4, 'Tugas', 67, '2020-02-07', 1, 1),
(1696, 'NIP3906', 6, 13, 4, 'Tugas', 79, '2020-02-07', 1, 1),
(1697, 'NIP3907', 6, 13, 4, 'Tugas', 67, '2020-02-07', 1, 1),
(1698, 'NIP3908', 6, 13, 4, 'Tugas', 88, '2020-02-07', 1, 1),
(1699, 'NIP3909', 6, 13, 4, 'Ulangan Harian', 96, '2020-02-07', 1, 1),
(1700, 'NIP3910', 6, 13, 4, 'Praktek', 94, '2020-02-07', 1, 1),
(1701, 'NIP3911', 6, 13, 4, 'UTS', 65, '2020-02-07', 1, 1),
(1702, 'NIP3912', 18, 13, 4, 'Tugas', 36, '2020-02-07', 1, 1),
(1703, 'NIP3913', 18, 13, 4, 'Tugas', 78, '2020-02-07', 1, 1),
(1704, 'NIP3914', 18, 13, 4, 'Tugas', 53, '2020-02-07', 1, 1),
(1705, 'NIP3915', 18, 13, 4, 'Tugas', 74, '2020-02-07', 1, 1),
(1706, 'NIP3916', 18, 13, 4, 'Ulangan Harian', 74, '2020-02-07', 1, 1),
(1707, 'NIP3917', 18, 13, 4, 'Praktek', 42, '2020-02-07', 1, 1),
(1708, 'NIP3918', 18, 13, 4, 'UTS', 86, '2020-02-07', 1, 1),
(1709, 'NIP3919', 21, 13, 4, 'Tugas', 82, '2020-02-07', 1, 1),
(1710, 'NIP3920', 21, 13, 4, 'Tugas', 83, '2020-02-07', 1, 1),
(1711, 'NIP3921', 21, 13, 4, 'Tugas', 73, '2020-02-07', 1, 1),
(1712, 'NIP3922', 21, 13, 4, 'Tugas', 92, '2020-02-07', 1, 1),
(1713, 'NIP3923', 21, 13, 4, 'Ulangan Harian', 72, '2020-02-07', 1, 1),
(1714, 'NIP3924', 21, 13, 4, 'Praktek', 63, '2020-02-07', 1, 1),
(1715, 'NIP3925', 21, 13, 4, 'UTS', 72, '2020-02-07', 1, 1),
(1716, 'NIP3926', 7, 13, 4, 'Tugas', 61, '2020-02-07', 1, 1),
(1717, 'NIP3927', 7, 13, 4, 'Tugas', 73, '2020-02-07', 1, 1),
(1718, 'NIP3928', 7, 13, 4, 'Tugas', 73, '2020-02-07', 1, 1),
(1719, 'NIP3929', 7, 13, 4, 'Tugas', 84, '2020-02-07', 1, 1),
(1720, 'NIP3930', 7, 13, 4, 'Ulangan Harian', 45, '2020-02-07', 1, 1),
(1721, 'NIP3931', 7, 13, 4, 'Praktek', 67, '2020-02-07', 1, 1),
(1722, 'NIP3932', 7, 13, 4, 'UTS', 34, '2020-02-07', 1, 1),
(1723, 'NIP3933', 9, 13, 4, 'Tugas', 64, '2020-02-07', 1, 1),
(1724, 'NIP3934', 9, 13, 4, 'Tugas', 65, '2020-02-07', 1, 1),
(1725, 'NIP3935', 9, 13, 4, 'Tugas', 44, '2020-02-07', 1, 1),
(1726, 'NIP3936', 9, 13, 4, 'Tugas', 73, '2020-02-07', 1, 1),
(1727, 'NIP3937', 9, 13, 4, 'Ulangan Harian', 63, '2020-02-07', 1, 1),
(1728, 'NIP3938', 9, 13, 4, 'Praktek', 74, '2020-02-07', 1, 1),
(1729, 'NIP3939', 9, 13, 4, 'UTS', 41, '2020-02-07', 1, 1),
(1730, 'NIP3940', 21, 13, 4, 'Tugas', 78, '2020-02-07', 1, 1),
(1731, 'NIP3941', 21, 13, 4, 'Tugas', 53, '2020-02-07', 1, 1),
(1732, 'NIP3942', 21, 13, 4, 'Tugas', 74, '2020-02-07', 1, 1),
(1733, 'NIP3943', 21, 13, 4, 'Tugas', 74, '2020-02-07', 1, 1),
(1734, 'NIP3944', 21, 13, 4, 'Ulangan Harian', 42, '2020-02-07', 1, 1),
(1735, 'NIP3945', 21, 13, 4, 'Praktek', 86, '2020-02-07', 1, 1),
(1736, 'NIP3946', 21, 13, 4, 'UTS', 82, '2020-02-07', 1, 1),
(1737, 'NIP3940', 21, 13, 4, 'Tugas', 83, '2020-02-07', 1, 1),
(1738, 'NIP3941', 21, 13, 4, 'Tugas', 73, '2020-02-07', 1, 1),
(1739, 'NIP3942', 21, 13, 4, 'Tugas', 46, '2020-02-07', 1, 1),
(1740, 'NIP3943', 21, 13, 4, 'Tugas', 84, '2020-02-07', 1, 1),
(1741, 'NIP3944', 21, 13, 4, 'Ulangan Harian', 54, '2020-02-07', 1, 1),
(1742, 'NIP3945', 21, 13, 4, 'Praktek', 85, '2020-02-07', 1, 1),
(1743, 'NIP3946', 21, 13, 4, 'UTS', 66, '2020-02-07', 1, 1),
(1744, 'NIP3947', 26, 13, 4, 'Tugas', 74, '2020-02-07', 1, 1),
(1745, 'NIP3948', 26, 13, 4, 'Tugas', 85, '2020-02-07', 1, 1),
(1746, 'NIP3949', 26, 13, 4, 'Tugas', 52, '2020-02-07', 1, 1),
(1747, 'NIP3950', 26, 13, 4, 'Tugas', 74, '2020-02-07', 1, 1),
(1748, 'NIP3951', 26, 13, 4, 'Ulangan Harian', 62, '2020-02-07', 1, 1),
(1749, 'NIP3952', 26, 13, 4, 'Praktek', 52, '2020-02-07', 1, 1),
(1750, 'NIP3953', 26, 13, 4, 'UTS', 95, '2020-02-07', 1, 1),
(1751, 'NIP3961', 29, 13, 4, 'Tugas', 53, '2020-02-07', 1, 1),
(1752, 'NIP3962', 29, 13, 4, 'Tugas', 74, '2020-02-07', 1, 1),
(1753, 'NIP3963', 29, 13, 4, 'Tugas', 74, '2020-02-07', 1, 1),
(1754, 'NIP3964', 29, 13, 4, 'Tugas', 85, '2020-02-07', 1, 1),
(1755, 'NIP3965', 29, 13, 4, 'Ulangan Harian', 93, '2020-02-07', 1, 1),
(1756, 'NIP3966', 29, 13, 4, 'Praktek', 53, '2020-02-07', 1, 1),
(1757, 'NIP3967', 29, 13, 4, 'UTS', 52, '2020-02-07', 1, 1),
(1758, 'NIP3807', 1, 16, 5, 'Tugas', 64, '2020-02-07', 1, 1),
(1759, 'NIP3808', 1, 16, 5, 'Tugas', 53, '2020-02-07', 1, 1),
(1760, 'NIP3809', 1, 16, 5, 'Tugas', 74, '2020-02-07', 1, 1),
(1761, 'NIP3810', 1, 16, 5, 'Tugas', 75, '2020-02-07', 1, 1),
(1762, 'NIP3811', 1, 16, 5, 'Ulangan Harian', 53, '2020-02-07', 1, 1),
(1763, 'NIP3812', 1, 16, 5, 'Praktek', 85, '2020-02-07', 1, 1),
(1764, 'NIP3813', 1, 16, 5, 'UTS', 64, '2020-02-07', 1, 1),
(1765, 'NIP3814', 2, 16, 5, 'Tugas', 75, '2020-02-07', 1, 1),
(1766, 'NIP3815', 2, 16, 5, 'Tugas', 64, '2020-02-07', 1, 1),
(1767, 'NIP3816', 2, 16, 5, 'Tugas', 74, '2020-02-07', 1, 1),
(1768, 'NIP3817', 2, 16, 5, 'Tugas', 74, '2020-02-07', 1, 1),
(1769, 'NIP3818', 2, 16, 5, 'Ulangan Harian', 53, '2020-02-07', 1, 1),
(1770, 'NIP3819', 2, 16, 5, 'Praktek', 85, '2020-02-07', 1, 1),
(1771, 'NIP3820', 2, 16, 5, 'UTS', 88, '2020-02-07', 1, 1),
(1772, 'NIP3821', 3, 16, 5, 'Tugas', 45, '2020-02-07', 1, 1),
(1773, 'NIP3822', 3, 16, 5, 'Tugas', 72, '2020-02-07', 1, 1),
(1774, 'NIP3823', 3, 16, 5, 'Tugas', 75, '2020-02-07', 1, 1),
(1775, 'NIP3824', 3, 16, 5, 'Tugas', 94, '2020-02-07', 1, 1),
(1776, 'NIP3825', 3, 16, 5, 'Ulangan Harian', 74, '2020-02-07', 1, 1),
(1777, 'NIP3826', 3, 16, 5, 'Praktek', 75, '2020-02-07', 1, 1),
(1778, 'NIP3827', 3, 16, 5, 'UTS', 53, '2020-02-07', 1, 1),
(1779, 'NIP3828', 14, 16, 5, 'Tugas', 85, '2020-02-07', 1, 1),
(1780, 'NIP3829', 14, 16, 5, 'Tugas', 64, '2020-02-07', 1, 1),
(1781, 'NIP3830', 14, 16, 5, 'Tugas', 75, '2020-02-07', 1, 1),
(1782, 'NIP3831', 14, 16, 5, 'Tugas', 64, '2020-02-07', 1, 1),
(1783, 'NIP3832', 14, 16, 5, 'Ulangan Harian', 74, '2020-02-07', 1, 1),
(1784, 'NIP3833', 14, 16, 5, 'Praktek', 72, '2020-02-07', 1, 1),
(1785, 'NIP3834', 14, 16, 5, 'UTS', 81, '2020-02-07', 1, 1),
(1786, 'NIP3835', 16, 16, 5, 'Tugas', 90, '2020-02-07', 1, 1),
(1787, 'NIP3836', 16, 16, 5, 'Tugas', 95, '2020-02-07', 1, 1),
(1788, 'NIP3837', 16, 16, 5, 'Tugas', 54, '2020-02-07', 1, 1),
(1789, 'NIP3838', 16, 16, 5, 'Tugas', 85, '2020-02-07', 1, 1),
(1790, 'NIP3839', 16, 16, 5, 'Ulangan Harian', 53, '2020-02-07', 1, 1),
(1791, 'NIP3840', 16, 16, 5, 'Praktek', 75, '2020-02-07', 1, 1),
(1792, 'NIP3841', 16, 16, 5, 'UTS', 74, '2020-02-07', 1, 1),
(1793, 'NIP3842', 12, 16, 5, 'Tugas', 46, '2020-02-07', 1, 1),
(1794, 'NIP3843', 12, 16, 5, 'Tugas', 64, '2020-02-07', 1, 1),
(1795, 'NIP3844', 12, 16, 5, 'Tugas', 85, '2020-02-07', 1, 1),
(1796, 'NIP3845', 12, 16, 5, 'Tugas', 66, '2020-02-07', 1, 1),
(1797, 'NIP3846', 12, 16, 5, 'Ulangan Harian', 84, '2020-02-07', 1, 1),
(1798, 'NIP3847', 12, 16, 5, 'Praktek', 65, '2020-02-07', 1, 1),
(1799, 'NIP3848', 12, 16, 5, 'UTS', 75, '2020-02-07', 1, 1),
(1800, 'NIP3849', 19, 16, 5, 'Tugas', 63, '2020-02-07', 1, 1),
(1801, 'NIP3850', 19, 16, 5, 'Tugas', 74, '2020-02-07', 1, 1),
(1802, 'NIP3851', 19, 16, 5, 'Tugas', 52, '2020-02-07', 1, 1),
(1803, 'NIP3852', 19, 16, 5, 'Tugas', 74, '2020-02-07', 1, 1),
(1804, 'NIP3853', 19, 16, 5, 'Ulangan Harian', 62, '2020-02-07', 1, 1),
(1805, 'NIP3854', 19, 16, 5, 'Praktek', 52, '2020-02-07', 1, 1),
(1806, 'NIP3855', 19, 16, 5, 'UTS', 95, '2020-02-07', 1, 1),
(1807, 'NIP3856', 20, 16, 5, 'Tugas', 53, '2020-02-07', 1, 1),
(1808, 'NIP3857', 20, 16, 5, 'Tugas', 74, '2020-02-07', 1, 1),
(1809, 'NIP3858', 20, 16, 5, 'Tugas', 76, '2020-02-07', 1, 1),
(1810, 'NIP3859', 20, 16, 5, 'Tugas', 36, '2020-02-07', 1, 1),
(1811, 'NIP3860', 20, 16, 5, 'Ulangan Harian', 73, '2020-02-07', 1, 1),
(1812, 'NIP3861', 20, 16, 5, 'Praktek', 82, '2020-02-07', 1, 1),
(1813, 'NIP3862', 20, 16, 5, 'UTS', 91, '2020-02-07', 1, 1),
(1814, 'NIP3863', 15, 16, 5, 'Tugas', 78, '2020-02-07', 1, 1),
(1815, 'NIP3864', 15, 16, 5, 'Tugas', 89, '2020-02-07', 1, 1),
(1816, 'NIP3865', 15, 16, 5, 'Tugas', 61, '2020-02-07', 1, 1),
(1817, 'NIP3866', 15, 16, 5, 'Tugas', 67, '2020-02-07', 1, 1),
(1818, 'NIP3867', 15, 16, 5, 'Ulangan Harian', 36, '2020-02-07', 1, 1),
(1819, 'NIP3868', 15, 16, 5, 'Praktek', 75, '2020-02-07', 1, 1),
(1820, 'NIP3869', 15, 16, 5, 'UTS', 63, '2020-02-07', 1, 1),
(1821, 'NIP3870', 17, 16, 5, 'Tugas', 84, '2020-02-07', 1, 1),
(1822, 'NIP3871', 17, 16, 5, 'Tugas', 95, '2020-02-07', 1, 1),
(1823, 'NIP3872', 17, 16, 5, 'Tugas', 66, '2020-02-07', 1, 1),
(1824, 'NIP3873', 17, 16, 5, 'Tugas', 88, '2020-02-07', 1, 1),
(1825, 'NIP3874', 17, 16, 5, 'Ulangan Harian', 55, '2020-02-07', 1, 1),
(1826, 'NIP3875', 17, 16, 5, 'Praktek', 87, '2020-02-07', 1, 1),
(1827, 'NIP3876', 17, 16, 5, 'UTS', 65, '2020-02-07', 1, 1),
(1828, 'NIP3877', 13, 16, 5, 'Tugas', 84, '2020-02-07', 1, 1),
(1829, 'NIP3878', 13, 16, 5, 'Tugas', 83, '2020-02-07', 1, 1),
(1830, 'NIP3879', 13, 16, 5, 'Tugas', 72, '2020-02-07', 1, 1),
(1831, 'NIP3880', 13, 16, 5, 'Tugas', 80, '2020-02-07', 1, 1),
(1832, 'NIP3881', 13, 16, 5, 'Ulangan Harian', 50, '2020-02-07', 1, 1),
(1833, 'NIP3882', 13, 16, 5, 'Praktek', 60, '2020-02-07', 1, 1),
(1834, 'NIP3883', 13, 16, 5, 'UTS', 83, '2020-02-07', 1, 1),
(1835, 'NIP3884', 23, 16, 5, 'Tugas', 77, '2020-02-07', 1, 1),
(1836, 'NIP3885', 23, 16, 5, 'Tugas', 60, '2020-02-07', 1, 1),
(1837, 'NIP3886', 23, 16, 5, 'Tugas', 74, '2020-02-07', 1, 1),
(1838, 'NIP3887', 23, 16, 5, 'Tugas', 89, '2020-02-07', 1, 1),
(1839, 'NIP3888', 23, 16, 5, 'Ulangan Harian', 74, '2020-02-07', 1, 1),
(1840, 'NIP3889', 23, 16, 5, 'Praktek', 70, '2020-02-07', 1, 1),
(1841, 'NIP3890', 23, 16, 5, 'UTS', 66, '2020-02-07', 1, 1),
(1842, 'NIP3891', 24, 16, 5, 'Tugas', 57, '2020-02-07', 1, 1),
(1843, 'NIP3892', 24, 16, 5, 'Tugas', 83, '2020-02-07', 1, 1),
(1844, 'NIP3893', 24, 16, 5, 'Tugas', 81, '2020-02-07', 1, 1),
(1845, 'NIP3894', 24, 16, 5, 'Tugas', 73, '2020-02-07', 1, 1),
(1846, 'NIP3895', 24, 16, 5, 'Ulangan Harian', 64, '2020-02-07', 1, 1),
(1847, 'NIP3896', 24, 16, 5, 'Praktek', 85, '2020-02-07', 1, 1),
(1848, 'NIP3897', 24, 16, 5, 'UTS', 77, '2020-02-07', 1, 1),
(1849, 'NIP3898', 25, 16, 5, 'Tugas', 55, '2020-02-07', 1, 1),
(1850, 'NIP3899', 25, 16, 5, 'Tugas', 45, '2020-02-07', 1, 1),
(1851, 'NIP3900', 25, 16, 5, 'Tugas', 67, '2020-02-07', 1, 1),
(1852, 'NIP3901', 25, 16, 5, 'Tugas', 34, '2020-02-07', 1, 1),
(1853, 'NIP3902', 25, 16, 5, 'Ulangan Harian', 64, '2020-02-07', 1, 1),
(1854, 'NIP3903', 25, 16, 5, 'Praktek', 65, '2020-02-07', 1, 1),
(1855, 'NIP3904', 25, 16, 5, 'UTS', 44, '2020-02-07', 1, 1),
(1856, 'NIP3905', 6, 16, 5, 'Tugas', 73, '2020-02-07', 1, 1),
(1857, 'NIP3906', 6, 16, 5, 'Tugas', 63, '2020-02-07', 1, 1),
(1858, 'NIP3907', 6, 16, 5, 'Tugas', 74, '2020-02-07', 1, 1),
(1859, 'NIP3908', 6, 16, 5, 'Tugas', 41, '2020-02-07', 1, 1),
(1860, 'NIP3909', 6, 16, 5, 'Ulangan Harian', 78, '2020-02-07', 1, 1),
(1861, 'NIP3910', 6, 16, 5, 'Praktek', 53, '2020-02-07', 1, 1),
(1862, 'NIP3911', 6, 16, 5, 'UTS', 74, '2020-02-07', 1, 1),
(1863, 'NIP3912', 18, 16, 5, 'Tugas', 74, '2020-02-07', 1, 1),
(1864, 'NIP3913', 18, 16, 5, 'Tugas', 78, '2020-02-07', 1, 1),
(1865, 'NIP3914', 18, 16, 5, 'Tugas', 53, '2020-02-07', 1, 1),
(1866, 'NIP3915', 18, 16, 5, 'Tugas', 74, '2020-02-07', 1, 1),
(1867, 'NIP3916', 18, 16, 5, 'Ulangan Harian', 74, '2020-02-07', 1, 1),
(1868, 'NIP3917', 18, 16, 5, 'Praktek', 42, '2020-02-07', 1, 1),
(1869, 'NIP3918', 18, 16, 5, 'UTS', 86, '2020-02-07', 1, 1),
(1870, 'NIP3919', 21, 16, 5, 'Tugas', 82, '2020-02-07', 1, 1),
(1871, 'NIP3920', 21, 16, 5, 'Tugas', 83, '2020-02-07', 1, 1),
(1872, 'NIP3921', 21, 16, 5, 'Tugas', 73, '2020-02-07', 1, 1),
(1873, 'NIP3922', 21, 16, 5, 'Tugas', 92, '2020-02-07', 1, 1),
(1874, 'NIP3923', 21, 16, 5, 'Ulangan Harian', 72, '2020-02-07', 1, 1),
(1875, 'NIP3924', 21, 16, 5, 'Praktek', 63, '2020-02-07', 1, 1),
(1876, 'NIP3925', 21, 16, 5, 'UTS', 72, '2020-02-07', 1, 1),
(1877, 'NIP3926', 7, 16, 5, 'Tugas', 61, '2020-02-07', 1, 1),
(1878, 'NIP3927', 7, 16, 5, 'Tugas', 73, '2020-02-07', 1, 1),
(1879, 'NIP3928', 7, 16, 5, 'Tugas', 73, '2020-02-07', 1, 1),
(1880, 'NIP3929', 7, 16, 5, 'Tugas', 84, '2020-02-07', 1, 1),
(1881, 'NIP3930', 7, 16, 5, 'Ulangan Harian', 45, '2020-02-07', 1, 1),
(1882, 'NIP3931', 7, 16, 5, 'Praktek', 67, '2020-02-07', 1, 1),
(1883, 'NIP3932', 7, 16, 5, 'UTS', 34, '2020-02-07', 1, 1),
(1884, 'NIP3933', 9, 16, 5, 'Tugas', 64, '2020-02-07', 1, 1),
(1885, 'NIP3934', 9, 16, 5, 'Tugas', 65, '2020-02-07', 1, 1),
(1886, 'NIP3935', 9, 16, 5, 'Tugas', 44, '2020-02-07', 1, 1),
(1887, 'NIP3936', 9, 16, 5, 'Tugas', 73, '2020-02-07', 1, 1),
(1888, 'NIP3937', 9, 16, 5, 'Ulangan Harian', 63, '2020-02-07', 1, 1),
(1889, 'NIP3938', 9, 16, 5, 'Praktek', 74, '2020-02-07', 1, 1),
(1890, 'NIP3939', 9, 16, 5, 'UTS', 41, '2020-02-07', 1, 1),
(1891, 'NIP3940', 21, 16, 5, 'Tugas', 78, '2020-02-07', 1, 1),
(1892, 'NIP3941', 21, 16, 5, 'Tugas', 53, '2020-02-07', 1, 1),
(1893, 'NIP3942', 21, 16, 5, 'Tugas', 74, '2020-02-07', 1, 1),
(1894, 'NIP3943', 21, 16, 5, 'Tugas', 74, '2020-02-07', 1, 1),
(1895, 'NIP3944', 21, 16, 5, 'Ulangan Harian', 42, '2020-02-07', 1, 1),
(1896, 'NIP3945', 21, 16, 5, 'Praktek', 86, '2020-02-07', 1, 1),
(1897, 'NIP3946', 21, 16, 5, 'UTS', 82, '2020-02-07', 1, 1),
(1898, 'NIP3940', 21, 16, 5, 'Tugas', 83, '2020-02-07', 1, 1),
(1899, 'NIP3941', 21, 16, 5, 'Tugas', 81, '2020-02-07', 1, 1),
(1900, 'NIP3942', 21, 16, 5, 'Tugas', 73, '2020-02-07', 1, 1),
(1901, 'NIP3943', 21, 16, 5, 'Tugas', 64, '2020-02-07', 1, 1),
(1902, 'NIP3944', 21, 16, 5, 'Ulangan Harian', 85, '2020-02-07', 1, 1),
(1903, 'NIP3945', 21, 16, 5, 'Praktek', 77, '2020-02-07', 1, 1),
(1904, 'NIP3946', 21, 16, 5, 'UTS', 55, '2020-02-07', 1, 1),
(1905, 'NIP3947', 26, 16, 5, 'Tugas', 88, '2020-02-07', 1, 1),
(1906, 'NIP3948', 26, 16, 5, 'Tugas', 99, '2020-02-07', 1, 1),
(1907, 'NIP3949', 26, 16, 5, 'Tugas', 65, '2020-02-07', 1, 1),
(1908, 'NIP3950', 26, 16, 5, 'Tugas', 74, '2020-02-07', 1, 1),
(1909, 'NIP3951', 26, 16, 5, 'Ulangan Harian', 74, '2020-02-07', 1, 1),
(1910, 'NIP3952', 26, 16, 5, 'Praktek', 53, '2020-02-07', 1, 1),
(1911, 'NIP3953', 26, 16, 5, 'UTS', 53, '2020-02-07', 1, 1),
(1912, 'NIP3961', 29, 16, 5, 'Tugas', 85, '2020-02-07', 1, 1),
(1913, 'NIP3962', 29, 16, 5, 'Tugas', 88, '2020-02-07', 1, 1),
(1914, 'NIP3963', 29, 16, 5, 'Tugas', 45, '2020-02-07', 1, 1),
(1915, 'NIP3964', 29, 16, 5, 'Tugas', 72, '2020-02-07', 1, 1),
(1916, 'NIP3965', 29, 16, 5, 'Ulangan Harian', 75, '2020-02-07', 1, 1),
(1917, 'NIP3966', 29, 16, 5, 'Praktek', 94, '2020-02-07', 1, 1),
(1918, 'NIP3967', 29, 16, 5, 'UTS', 74, '2020-02-07', 1, 1),
(1919, 'NIP3807', 1, 18, 6, 'Tugas', 70, '2020-02-07', 1, 1),
(1920, 'NIP3808', 1, 18, 6, 'Tugas', 80, '2020-02-07', 1, 1),
(1921, 'NIP3809', 1, 18, 6, 'Tugas', 75, '2020-02-07', 1, 1),
(1922, 'NIP3810', 1, 18, 6, 'Tugas', 90, '2020-02-07', 1, 1),
(1923, 'NIP3811', 1, 18, 6, 'Ulangan Harian', 50, '2020-02-07', 1, 1),
(1924, 'NIP3812', 1, 18, 6, 'Praktek', 90, '2020-02-07', 1, 1),
(1925, 'NIP3813', 1, 18, 6, 'UTS', 85, '2020-02-07', 1, 1),
(1926, 'NIP3814', 2, 18, 6, 'Tugas', 70, '2020-02-07', 1, 1),
(1927, 'NIP3815', 2, 18, 6, 'Tugas', 80, '2020-02-07', 1, 1),
(1928, 'NIP3816', 2, 18, 6, 'Tugas', 75, '2020-02-07', 1, 1),
(1929, 'NIP3817', 2, 18, 6, 'Tugas', 90, '2020-02-07', 1, 1),
(1930, 'NIP3818', 2, 18, 6, 'Ulangan Harian', 50, '2020-02-07', 1, 1),
(1931, 'NIP3819', 2, 18, 6, 'Praktek', 90, '2020-02-07', 1, 1),
(1932, 'NIP3820', 2, 18, 6, 'UTS', 85, '2020-02-07', 1, 1),
(1933, 'NIP3821', 3, 18, 6, 'Tugas', 70, '2020-02-07', 1, 1),
(1934, 'NIP3822', 3, 18, 6, 'Tugas', 80, '2020-02-07', 1, 1),
(1935, 'NIP3823', 3, 18, 6, 'Tugas', 75, '2020-02-07', 1, 1),
(1936, 'NIP3824', 3, 18, 6, 'Tugas', 90, '2020-02-07', 1, 1),
(1937, 'NIP3825', 3, 18, 6, 'Ulangan Harian', 50, '2020-02-07', 1, 1),
(1938, 'NIP3826', 3, 18, 6, 'Praktek', 90, '2020-02-07', 1, 1),
(1939, 'NIP3827', 3, 18, 6, 'UTS', 85, '2020-02-07', 1, 1),
(1940, 'NIP3828', 14, 18, 6, 'Tugas', 70, '2020-02-07', 1, 1),
(1941, 'NIP3829', 14, 18, 6, 'Tugas', 80, '2020-02-07', 1, 1),
(1942, 'NIP3830', 14, 18, 6, 'Tugas', 75, '2020-02-07', 1, 1),
(1943, 'NIP3831', 14, 18, 6, 'Tugas', 90, '2020-02-07', 1, 1),
(1944, 'NIP3832', 14, 18, 6, 'Ulangan Harian', 50, '2020-02-07', 1, 1),
(1945, 'NIP3833', 14, 18, 6, 'Praktek', 90, '2020-02-07', 1, 1),
(1946, 'NIP3834', 14, 18, 6, 'UTS', 85, '2020-02-07', 1, 1),
(1947, 'NIP3835', 16, 18, 6, 'Tugas', 70, '2020-02-07', 1, 1),
(1948, 'NIP3836', 16, 18, 6, 'Tugas', 80, '2020-02-07', 1, 1),
(1949, 'NIP3837', 16, 18, 6, 'Tugas', 75, '2020-02-07', 1, 1),
(1950, 'NIP3838', 16, 18, 6, 'Tugas', 90, '2020-02-07', 1, 1),
(1951, 'NIP3839', 16, 18, 6, 'Ulangan Harian', 50, '2020-02-07', 1, 1),
(1952, 'NIP3840', 16, 18, 6, 'Praktek', 90, '2020-02-07', 1, 1),
(1953, 'NIP3841', 16, 18, 6, 'UTS', 85, '2020-02-07', 1, 1),
(1954, 'NIP3842', 12, 18, 6, 'Tugas', 70, '2020-02-07', 1, 1),
(1955, 'NIP3843', 12, 18, 6, 'Tugas', 80, '2020-02-07', 1, 1),
(1956, 'NIP3844', 12, 18, 6, 'Tugas', 75, '2020-02-07', 1, 1),
(1957, 'NIP3845', 12, 18, 6, 'Tugas', 90, '2020-02-07', 1, 1),
(1958, 'NIP3846', 12, 18, 6, 'Ulangan Harian', 50, '2020-02-07', 1, 1),
(1959, 'NIP3847', 12, 18, 6, 'Praktek', 90, '2020-02-07', 1, 1),
(1960, 'NIP3848', 12, 18, 6, 'UTS', 85, '2020-02-07', 1, 1),
(1961, 'NIP3849', 19, 18, 6, 'Tugas', 70, '2020-02-07', 1, 1),
(1962, 'NIP3850', 19, 18, 6, 'Tugas', 80, '2020-02-07', 1, 1),
(1963, 'NIP3851', 19, 18, 6, 'Tugas', 75, '2020-02-07', 1, 1),
(1964, 'NIP3852', 19, 18, 6, 'Tugas', 90, '2020-02-07', 1, 1),
(1965, 'NIP3853', 19, 18, 6, 'Ulangan Harian', 50, '2020-02-07', 1, 1),
(1966, 'NIP3854', 19, 18, 6, 'Praktek', 90, '2020-02-07', 1, 1),
(1967, 'NIP3855', 19, 18, 6, 'UTS', 85, '2020-02-07', 1, 1),
(1968, 'NIP3856', 20, 18, 6, 'Tugas', 70, '2020-02-07', 1, 1),
(1969, 'NIP3857', 20, 18, 6, 'Tugas', 80, '2020-02-07', 1, 1),
(1970, 'NIP3858', 20, 18, 6, 'Tugas', 75, '2020-02-07', 1, 1),
(1971, 'NIP3859', 20, 18, 6, 'Tugas', 90, '2020-02-07', 1, 1),
(1972, 'NIP3860', 20, 18, 6, 'Ulangan Harian', 50, '2020-02-07', 1, 1),
(1973, 'NIP3861', 20, 18, 6, 'Praktek', 90, '2020-02-07', 1, 1),
(1974, 'NIP3862', 20, 18, 6, 'UTS', 85, '2020-02-07', 1, 1),
(1975, 'NIP3863', 15, 18, 6, 'Tugas', 70, '2020-02-07', 1, 1),
(1976, 'NIP3864', 15, 18, 6, 'Tugas', 80, '2020-02-07', 1, 1),
(1977, 'NIP3865', 15, 18, 6, 'Tugas', 75, '2020-02-07', 1, 1),
(1978, 'NIP3866', 15, 18, 6, 'Tugas', 90, '2020-02-07', 1, 1),
(1979, 'NIP3867', 15, 18, 6, 'Ulangan Harian', 50, '2020-02-07', 1, 1),
(1980, 'NIP3868', 15, 18, 6, 'Praktek', 90, '2020-02-07', 1, 1),
(1981, 'NIP3869', 15, 18, 6, 'UTS', 85, '2020-02-07', 1, 1),
(1982, 'NIP3870', 17, 18, 6, 'Tugas', 70, '2020-02-07', 1, 1),
(1983, 'NIP3871', 17, 18, 6, 'Tugas', 80, '2020-02-07', 1, 1),
(1984, 'NIP3872', 17, 18, 6, 'Tugas', 75, '2020-02-07', 1, 1),
(1985, 'NIP3873', 17, 18, 6, 'Tugas', 90, '2020-02-07', 1, 1),
(1986, 'NIP3874', 17, 18, 6, 'Ulangan Harian', 50, '2020-02-07', 1, 1),
(1987, 'NIP3875', 17, 18, 6, 'Praktek', 90, '2020-02-07', 1, 1),
(1988, 'NIP3876', 17, 18, 6, 'UTS', 85, '2020-02-07', 1, 1),
(1989, 'NIP3877', 13, 18, 6, 'Tugas', 70, '2020-02-07', 1, 1),
(1990, 'NIP3878', 13, 18, 6, 'Tugas', 80, '2020-02-07', 1, 1),
(1991, 'NIP3879', 13, 18, 6, 'Tugas', 75, '2020-02-07', 1, 1),
(1992, 'NIP3880', 13, 18, 6, 'Tugas', 90, '2020-02-07', 1, 1),
(1993, 'NIP3881', 13, 18, 6, 'Ulangan Harian', 50, '2020-02-07', 1, 1),
(1994, 'NIP3882', 13, 18, 6, 'Praktek', 90, '2020-02-07', 1, 1),
(1995, 'NIP3883', 13, 18, 6, 'UTS', 85, '2020-02-07', 1, 1),
(1996, 'NIP3884', 23, 18, 6, 'Tugas', 70, '2020-02-07', 1, 1),
(1997, 'NIP3885', 23, 18, 6, 'Tugas', 80, '2020-02-07', 1, 1),
(1998, 'NIP3886', 23, 18, 6, 'Tugas', 75, '2020-02-07', 1, 1),
(1999, 'NIP3887', 23, 18, 6, 'Tugas', 90, '2020-02-07', 1, 1),
(2000, 'NIP3888', 23, 18, 6, 'Ulangan Harian', 50, '2020-02-07', 1, 1),
(2001, 'NIP3889', 23, 18, 6, 'Praktek', 90, '2020-02-07', 1, 1),
(2002, 'NIP3890', 23, 18, 6, 'UTS', 85, '2020-02-07', 1, 1),
(2003, 'NIP3891', 24, 18, 6, 'Tugas', 70, '2020-02-07', 1, 1),
(2004, 'NIP3892', 24, 18, 6, 'Tugas', 80, '2020-02-07', 1, 1),
(2005, 'NIP3893', 24, 18, 6, 'Tugas', 75, '2020-02-07', 1, 1),
(2006, 'NIP3894', 24, 18, 6, 'Tugas', 90, '2020-02-07', 1, 1),
(2007, 'NIP3895', 24, 18, 6, 'Ulangan Harian', 50, '2020-02-07', 1, 1),
(2008, 'NIP3896', 24, 18, 6, 'Praktek', 90, '2020-02-07', 1, 1),
(2009, 'NIP3897', 24, 18, 6, 'UTS', 85, '2020-02-07', 1, 1),
(2010, 'NIP3898', 25, 18, 6, 'Tugas', 70, '2020-02-07', 1, 1),
(2011, 'NIP3899', 25, 18, 6, 'Tugas', 80, '2020-02-07', 1, 1),
(2012, 'NIP3900', 25, 18, 6, 'Tugas', 75, '2020-02-07', 1, 1),
(2013, 'NIP3901', 25, 18, 6, 'Tugas', 90, '2020-02-07', 1, 1),
(2014, 'NIP3902', 25, 18, 6, 'Ulangan Harian', 50, '2020-02-07', 1, 1),
(2015, 'NIP3903', 25, 18, 6, 'Praktek', 90, '2020-02-07', 1, 1),
(2016, 'NIP3904', 25, 18, 6, 'UTS', 85, '2020-02-07', 1, 1),
(2017, 'NIP3905', 6, 18, 6, 'Tugas', 70, '2020-02-07', 1, 1),
(2018, 'NIP3906', 6, 18, 6, 'Tugas', 80, '2020-02-07', 1, 1),
(2019, 'NIP3907', 6, 18, 6, 'Tugas', 75, '2020-02-07', 1, 1),
(2020, 'NIP3908', 6, 18, 6, 'Tugas', 90, '2020-02-07', 1, 1),
(2021, 'NIP3909', 6, 18, 6, 'Ulangan Harian', 50, '2020-02-07', 1, 1),
(2022, 'NIP3910', 6, 18, 6, 'Praktek', 90, '2020-02-07', 1, 1),
(2023, 'NIP3911', 6, 18, 6, 'UTS', 85, '2020-02-07', 1, 1),
(2024, 'NIP3912', 11, 18, 6, 'Tugas', 70, '2020-02-07', 1, 1),
(2025, 'NIP3913', 11, 18, 6, 'Tugas', 80, '2020-02-07', 1, 1),
(2026, 'NIP3914', 11, 18, 6, 'Tugas', 75, '2020-02-07', 1, 1),
(2027, 'NIP3915', 11, 18, 6, 'Tugas', 90, '2020-02-07', 1, 1),
(2028, 'NIP3916', 11, 18, 6, 'Ulangan Harian', 50, '2020-02-07', 1, 1),
(2029, 'NIP3917', 11, 18, 6, 'Praktek', 90, '2020-02-07', 1, 1),
(2030, 'NIP3918', 11, 18, 6, 'UTS', 85, '2020-02-07', 1, 1),
(2031, 'NIP3919', 4, 18, 6, 'Tugas', 70, '2020-02-07', 1, 1),
(2032, 'NIP3920', 4, 18, 6, 'Tugas', 80, '2020-02-07', 1, 1),
(2033, 'NIP3921', 4, 18, 6, 'Tugas', 75, '2020-02-07', 1, 1),
(2034, 'NIP3922', 4, 18, 6, 'Tugas', 90, '2020-02-07', 1, 1),
(2035, 'NIP3923', 4, 18, 6, 'Ulangan Harian', 50, '2020-02-07', 1, 1),
(2036, 'NIP3924', 4, 18, 6, 'Praktek', 90, '2020-02-07', 1, 1),
(2037, 'NIP3925', 4, 18, 6, 'UTS', 85, '2020-02-07', 1, 1),
(2038, 'NIP3926', 8, 18, 6, 'Tugas', 70, '2020-02-07', 1, 1),
(2039, 'NIP3927', 8, 18, 6, 'Tugas', 80, '2020-02-07', 1, 1),
(2040, 'NIP3928', 8, 18, 6, 'Tugas', 75, '2020-02-07', 1, 1),
(2041, 'NIP3929', 8, 18, 6, 'Tugas', 90, '2020-02-07', 1, 1),
(2042, 'NIP3930', 8, 18, 6, 'Ulangan Harian', 50, '2020-02-07', 1, 1),
(2043, 'NIP3931', 8, 18, 6, 'Praktek', 90, '2020-02-07', 1, 1),
(2044, 'NIP3932', 8, 18, 6, 'UTS', 85, '2020-02-07', 1, 1),
(2045, 'NIP3933', 10, 18, 6, 'Tugas', 70, '2020-02-07', 1, 1),
(2046, 'NIP3934', 10, 18, 6, 'Tugas', 80, '2020-02-07', 1, 1),
(2047, 'NIP3935', 10, 18, 6, 'Tugas', 75, '2020-02-07', 1, 1),
(2048, 'NIP3936', 10, 18, 6, 'Tugas', 90, '2020-02-07', 1, 1),
(2049, 'NIP3937', 10, 18, 6, 'Ulangan Harian', 50, '2020-02-07', 1, 1),
(2050, 'NIP3938', 10, 18, 6, 'Praktek', 90, '2020-02-07', 1, 1),
(2051, 'NIP3939', 10, 18, 6, 'UTS', 85, '2020-02-07', 1, 1),
(2052, 'NIP3940', 21, 18, 6, 'Tugas', 70, '2020-02-07', 1, 1),
(2053, 'NIP3941', 21, 18, 6, 'Tugas', 80, '2020-02-07', 1, 1),
(2054, 'NIP3942', 21, 18, 6, 'Tugas', 75, '2020-02-07', 1, 1),
(2055, 'NIP3943', 21, 18, 6, 'Tugas', 90, '2020-02-07', 1, 1),
(2056, 'NIP3944', 21, 18, 6, 'Ulangan Harian', 50, '2020-02-07', 1, 1),
(2057, 'NIP3945', 21, 18, 6, 'Praktek', 90, '2020-02-07', 1, 1),
(2058, 'NIP3946', 21, 18, 6, 'UTS', 85, '2020-02-07', 1, 1),
(2059, 'NIP3947', 26, 18, 6, 'Tugas', 70, '2020-02-07', 1, 1),
(2060, 'NIP3948', 26, 18, 6, 'Tugas', 60, '2020-02-07', 1, 1),
(2061, 'NIP3949', 26, 18, 6, 'Tugas', 80, '2020-02-07', 1, 1),
(2062, 'NIP3950', 26, 18, 6, 'Tugas', 90, '2020-02-07', 1, 1),
(2063, 'NIP3951', 26, 18, 6, 'Ulangan Harian', 77, '2020-02-07', 1, 1),
(2064, 'NIP3952', 26, 18, 6, 'Praktek', 83, '2020-02-07', 1, 1),
(2065, 'NIP3953', 26, 18, 6, 'UTS', 66, '2020-02-07', 1, 1),
(2066, 'NIP3954', 27, 18, 6, 'Tugas', 90, '2020-02-07', 1, 1),
(2067, 'NIP3955', 27, 18, 6, 'Tugas', 89, '2020-02-07', 1, 1),
(2068, 'NIP3956', 27, 18, 6, 'Tugas', 78, '2020-02-07', 1, 1),
(2069, 'NIP3957', 27, 18, 6, 'Tugas', 67, '2020-02-07', 1, 1),
(2070, 'NIP3958', 27, 18, 6, 'Ulangan Harian', 87, '2020-02-07', 1, 1),
(2071, 'NIP3959', 27, 18, 6, 'Praktek', 88, '2020-02-07', 1, 1),
(2072, 'NIP3960', 27, 18, 6, 'UTS', 82, '2020-02-07', 1, 1),
(2073, 'NIP3807', 1, 19, 6, 'Tugas', 86, '2020-02-07', 1, 1),
(2074, 'NIP3808', 1, 19, 6, 'Tugas', 77, '2020-02-07', 1, 1),
(2075, 'NIP3809', 1, 19, 6, 'Tugas', 60, '2020-02-07', 1, 1),
(2076, 'NIP3810', 1, 19, 6, 'Tugas', 89, '2020-02-07', 1, 1),
(2077, 'NIP3811', 1, 19, 6, 'Ulangan Harian', 94, '2020-02-07', 1, 1),
(2078, 'NIP3812', 1, 19, 6, 'Praktek', 56, '2020-02-07', 1, 1),
(2079, 'NIP3813', 1, 19, 6, 'UTS', 74, '2020-02-07', 1, 1),
(2080, 'NIP3814', 2, 19, 6, 'Tugas', 72, '2020-02-07', 1, 1),
(2081, 'NIP3815', 2, 19, 6, 'Tugas', 81, '2020-02-07', 1, 1),
(2082, 'NIP3816', 2, 19, 6, 'Tugas', 90, '2020-02-07', 1, 1),
(2083, 'NIP3817', 2, 19, 6, 'Tugas', 95, '2020-02-07', 1, 1),
(2084, 'NIP3818', 2, 19, 6, 'Ulangan Harian', 99, '2020-02-07', 1, 1),
(2085, 'NIP3819', 2, 19, 6, 'Praktek', 45, '2020-02-07', 1, 1),
(2086, 'NIP3820', 2, 19, 6, 'UTS', 67, '2020-02-07', 1, 1),
(2087, 'NIP3821', 3, 19, 6, 'Tugas', 75, '2020-02-07', 1, 1),
(2088, 'NIP3822', 3, 19, 6, 'Tugas', 88, '2020-02-07', 1, 1),
(2089, 'NIP3823', 3, 19, 6, 'Tugas', 54, '2020-02-07', 1, 1),
(2090, 'NIP3824', 3, 19, 6, 'Tugas', 96, '2020-02-07', 1, 1),
(2091, 'NIP3825', 3, 19, 6, 'Ulangan Harian', 85, '2020-02-07', 1, 1),
(2092, 'NIP3826', 3, 19, 6, 'Praktek', 89, '2020-02-07', 1, 1),
(2093, 'NIP3827', 3, 19, 6, 'UTS', 54, '2020-02-07', 1, 1),
(2094, 'NIP3828', 14, 19, 6, 'Tugas', 76, '2020-02-07', 1, 1),
(2095, 'NIP3829', 14, 19, 6, 'Tugas', 54, '2020-02-07', 1, 1),
(2096, 'NIP3830', 14, 19, 6, 'Tugas', 45, '2020-02-07', 1, 1),
(2097, 'NIP3831', 14, 19, 6, 'Tugas', 86, '2020-02-07', 1, 1),
(2098, 'NIP3832', 14, 19, 6, 'Ulangan Harian', 58, '2020-02-07', 1, 1),
(2099, 'NIP3833', 14, 19, 6, 'Praktek', 69, '2020-02-07', 1, 1),
(2100, 'NIP3834', 14, 19, 6, 'UTS', 58, '2020-02-07', 1, 1),
(2101, 'NIP3835', 16, 19, 6, 'Tugas', 63, '2020-02-07', 1, 1),
(2102, 'NIP3836', 16, 19, 6, 'Tugas', 83, '2020-02-07', 1, 1),
(2103, 'NIP3837', 16, 19, 6, 'Tugas', 77, '2020-02-07', 1, 1),
(2104, 'NIP3838', 16, 19, 6, 'Tugas', 74, '2020-02-07', 1, 1),
(2105, 'NIP3839', 16, 19, 6, 'Ulangan Harian', 84, '2020-02-07', 1, 1),
(2106, 'NIP3840', 16, 19, 6, 'Praktek', 64, '2020-02-07', 1, 1),
(2107, 'NIP3841', 16, 19, 6, 'UTS', 73, '2020-02-07', 1, 1),
(2108, 'NIP3842', 12, 19, 6, 'Tugas', 82, '2020-02-07', 1, 1),
(2109, 'NIP3843', 12, 19, 6, 'Tugas', 91, '2020-02-07', 1, 1),
(2110, 'NIP3844', 12, 19, 6, 'Tugas', 78, '2020-02-07', 1, 1),
(2111, 'NIP3845', 12, 19, 6, 'Tugas', 89, '2020-02-07', 1, 1),
(2112, 'NIP3846', 12, 19, 6, 'Ulangan Harian', 67, '2020-02-07', 1, 1),
(2113, 'NIP3847', 12, 19, 6, 'Praktek', 76, '2020-02-07', 1, 1),
(2114, 'NIP3848', 12, 19, 6, 'UTS', 87, '2020-02-07', 1, 1),
(2115, 'NIP3849', 19, 19, 6, 'Tugas', 98, '2020-02-07', 1, 1),
(2116, 'NIP3850', 19, 19, 6, 'Tugas', 65, '2020-02-07', 1, 1),
(2117, 'NIP3851', 19, 19, 6, 'Tugas', 67, '2020-02-07', 1, 1),
(2118, 'NIP3852', 19, 19, 6, 'Tugas', 85, '2020-02-07', 1, 1),
(2119, 'NIP3853', 19, 19, 6, 'Ulangan Harian', 86, '2020-02-07', 1, 1),
(2120, 'NIP3854', 19, 19, 6, 'Praktek', 71, '2020-02-07', 1, 1),
(2121, 'NIP3855', 19, 19, 6, 'UTS', 81, '2020-02-07', 1, 1),
(2122, 'NIP3856', 20, 19, 6, 'Tugas', 91, '2020-02-07', 1, 1),
(2123, 'NIP3857', 20, 19, 6, 'Tugas', 61, '2020-02-07', 1, 1),
(2124, 'NIP3858', 20, 19, 6, 'Tugas', 67, '2020-02-07', 1, 1),
(2125, 'NIP3859', 20, 19, 6, 'Tugas', 65, '2020-02-07', 1, 1),
(2126, 'NIP3860', 20, 19, 6, 'Ulangan Harian', 85, '2020-02-07', 1, 1),
(2127, 'NIP3861', 20, 19, 6, 'Praktek', 94, '2020-02-07', 1, 1),
(2128, 'NIP3862', 20, 19, 6, 'UTS', 75, '2020-02-07', 1, 1),
(2129, 'NIP3863', 15, 19, 6, 'Tugas', 63, '2020-02-07', 1, 1),
(2130, 'NIP3864', 15, 19, 6, 'Tugas', 85, '2020-02-07', 1, 1),
(2131, 'NIP3865', 15, 19, 6, 'Tugas', 64, '2020-02-07', 1, 1),
(2132, 'NIP3866', 15, 19, 6, 'Tugas', 99, '2020-02-07', 1, 1),
(2133, 'NIP3867', 15, 19, 6, 'Ulangan Harian', 92, '2020-02-07', 1, 1),
(2134, 'NIP3868', 15, 19, 6, 'Praktek', 75, '2020-02-07', 1, 1),
(2135, 'NIP3869', 15, 19, 6, 'UTS', 63, '2020-02-07', 1, 1),
(2136, 'NIP3870', 17, 19, 6, 'Tugas', 84, '2020-02-07', 1, 1),
(2137, 'NIP3871', 17, 19, 6, 'Tugas', 95, '2020-02-07', 1, 1),
(2138, 'NIP3872', 17, 19, 6, 'Tugas', 66, '2020-02-07', 1, 1),
(2139, 'NIP3873', 17, 19, 6, 'Tugas', 88, '2020-02-07', 1, 1),
(2140, 'NIP3874', 17, 19, 6, 'Ulangan Harian', 55, '2020-02-07', 1, 1),
(2141, 'NIP3875', 17, 19, 6, 'Praktek', 87, '2020-02-07', 1, 1),
(2142, 'NIP3876', 17, 19, 6, 'UTS', 65, '2020-02-07', 1, 1),
(2143, 'NIP3877', 13, 19, 6, 'Tugas', 84, '2020-02-07', 1, 1),
(2144, 'NIP3878', 13, 19, 6, 'Tugas', 83, '2020-02-07', 1, 1),
(2145, 'NIP3879', 13, 19, 6, 'Tugas', 72, '2020-02-07', 1, 1),
(2146, 'NIP3880', 13, 19, 6, 'Tugas', 80, '2020-02-07', 1, 1),
(2147, 'NIP3881', 13, 19, 6, 'Ulangan Harian', 50, '2020-02-07', 1, 1),
(2148, 'NIP3882', 13, 19, 6, 'Praktek', 60, '2020-02-07', 1, 1),
(2149, 'NIP3883', 13, 19, 6, 'UTS', 83, '2020-02-07', 1, 1),
(2150, 'NIP3884', 23, 19, 6, 'Tugas', 77, '2020-02-07', 1, 1),
(2151, 'NIP3885', 23, 19, 6, 'Tugas', 70, '2020-02-07', 1, 1),
(2152, 'NIP3886', 23, 19, 6, 'Tugas', 60, '2020-02-07', 1, 1),
(2153, 'NIP3887', 23, 19, 6, 'Tugas', 67, '2020-02-07', 1, 1),
(2154, 'NIP3888', 23, 19, 6, 'Ulangan Harian', 84, '2020-02-07', 1, 1),
(2155, 'NIP3889', 23, 19, 6, 'Praktek', 73, '2020-02-07', 1, 1),
(2156, 'NIP3890', 23, 19, 6, 'UTS', 88, '2020-02-07', 1, 1),
(2157, 'NIP3891', 24, 19, 6, 'Tugas', 74, '2020-02-07', 1, 1),
(2158, 'NIP3892', 24, 19, 6, 'Tugas', 92, '2020-02-07', 1, 1),
(2159, 'NIP3893', 24, 19, 6, 'Tugas', 81, '2020-02-07', 1, 1),
(2160, 'NIP3894', 24, 19, 6, 'Tugas', 73, '2020-02-07', 1, 1),
(2161, 'NIP3895', 24, 19, 6, 'Ulangan Harian', 64, '2020-02-07', 1, 1),
(2162, 'NIP3896', 24, 19, 6, 'Praktek', 85, '2020-02-07', 1, 1),
(2163, 'NIP3897', 24, 19, 6, 'UTS', 77, '2020-02-07', 1, 1),
(2164, 'NIP3898', 25, 19, 6, 'Tugas', 55, '2020-02-07', 1, 1),
(2165, 'NIP3899', 25, 19, 6, 'Tugas', 88, '2020-02-07', 1, 1),
(2166, 'NIP3900', 25, 19, 6, 'Tugas', 99, '2020-02-07', 1, 1),
(2167, 'NIP3901', 25, 19, 6, 'Tugas', 65, '2020-02-07', 1, 1),
(2168, 'NIP3902', 25, 19, 6, 'Ulangan Harian', 78, '2020-02-07', 1, 1),
(2169, 'NIP3903', 25, 19, 6, 'Praktek', 65, '2020-02-07', 1, 1),
(2170, 'NIP3904', 25, 19, 6, 'UTS', 86, '2020-02-07', 1, 1),
(2171, 'NIP3905', 6, 19, 6, 'Tugas', 67, '2020-02-07', 1, 1),
(2172, 'NIP3906', 6, 19, 6, 'Tugas', 79, '2020-02-07', 1, 1),
(2173, 'NIP3907', 6, 19, 6, 'Tugas', 67, '2020-02-07', 1, 1),
(2174, 'NIP3908', 6, 19, 6, 'Tugas', 88, '2020-02-07', 1, 1),
(2175, 'NIP3909', 6, 19, 6, 'Ulangan Harian', 96, '2020-02-07', 1, 1),
(2176, 'NIP3910', 6, 19, 6, 'Praktek', 94, '2020-02-07', 1, 1),
(2177, 'NIP3911', 6, 19, 6, 'UTS', 65, '2020-02-07', 1, 1),
(2178, 'NIP3912', 11, 19, 6, 'Tugas', 36, '2020-02-07', 1, 1),
(2179, 'NIP3913', 11, 19, 6, 'Tugas', 78, '2020-02-07', 1, 1),
(2180, 'NIP3914', 11, 19, 6, 'Tugas', 64, '2020-02-07', 1, 1),
(2181, 'NIP3915', 11, 19, 6, 'Tugas', 68, '2020-02-07', 1, 1),
(2182, 'NIP3916', 11, 19, 6, 'Ulangan Harian', 86, '2020-02-07', 1, 1),
(2183, 'NIP3917', 11, 19, 6, 'Praktek', 57, '2020-02-07', 1, 1),
(2184, 'NIP3918', 11, 19, 6, 'UTS', 86, '2020-02-07', 1, 1),
(2185, 'NIP3919', 4, 19, 6, 'Tugas', 82, '2020-02-07', 1, 1),
(2186, 'NIP3920', 4, 19, 6, 'Tugas', 83, '2020-02-07', 1, 1),
(2187, 'NIP3921', 4, 19, 6, 'Tugas', 73, '2020-02-07', 1, 1),
(2188, 'NIP3922', 4, 19, 6, 'Tugas', 92, '2020-02-07', 1, 1),
(2189, 'NIP3923', 4, 19, 6, 'Ulangan Harian', 72, '2020-02-07', 1, 1),
(2190, 'NIP3924', 4, 19, 6, 'Praktek', 63, '2020-02-07', 1, 1),
(2191, 'NIP3925', 4, 19, 6, 'UTS', 72, '2020-02-07', 1, 1),
(2192, 'NIP3926', 8, 19, 6, 'Tugas', 61, '2020-02-07', 1, 1),
(2193, 'NIP3927', 8, 19, 6, 'Tugas', 73, '2020-02-07', 1, 1),
(2194, 'NIP3928', 8, 19, 6, 'Tugas', 73, '2020-02-07', 1, 1),
(2195, 'NIP3929', 8, 19, 6, 'Tugas', 84, '2020-02-07', 1, 1),
(2196, 'NIP3930', 8, 19, 6, 'Ulangan Harian', 45, '2020-02-07', 1, 1),
(2197, 'NIP3931', 8, 19, 6, 'Praktek', 67, '2020-02-07', 1, 1),
(2198, 'NIP3932', 8, 19, 6, 'UTS', 34, '2020-02-07', 1, 1),
(2199, 'NIP3933', 10, 19, 6, 'Tugas', 64, '2020-02-07', 1, 1),
(2200, 'NIP3934', 10, 19, 6, 'Tugas', 65, '2020-02-07', 1, 1),
(2201, 'NIP3935', 10, 19, 6, 'Tugas', 44, '2020-02-07', 1, 1),
(2202, 'NIP3936', 10, 19, 6, 'Tugas', 73, '2020-02-07', 1, 1),
(2203, 'NIP3937', 10, 19, 6, 'Ulangan Harian', 53, '2020-02-07', 1, 1),
(2204, 'NIP3938', 10, 19, 6, 'Praktek', 74, '2020-02-07', 1, 1),
(2205, 'NIP3939', 10, 19, 6, 'UTS', 42, '2020-02-07', 1, 1),
(2206, 'NIP3940', 21, 19, 6, 'Tugas', 54, '2020-02-07', 1, 1),
(2207, 'NIP3941', 21, 19, 6, 'Tugas', 75, '2020-02-07', 1, 1),
(2208, 'NIP3942', 21, 19, 6, 'Tugas', 74, '2020-02-07', 1, 1),
(2209, 'NIP3943', 21, 19, 6, 'Tugas', 57, '2020-02-07', 1, 1),
(2210, 'NIP3944', 21, 19, 6, 'Ulangan Harian', 35, '2020-02-07', 1, 1),
(2211, 'NIP3945', 21, 19, 6, 'Praktek', 84, '2020-02-07', 1, 1),
(2212, 'NIP3946', 21, 19, 6, 'UTS', 66, '2020-02-07', 1, 1),
(2213, 'NIP3940', 21, 19, 6, 'Tugas', 45, '2020-02-07', 1, 1),
(2214, 'NIP3941', 21, 19, 6, 'Tugas', 85, '2020-02-07', 1, 1),
(2215, 'NIP3942', 21, 19, 6, 'Tugas', 74, '2020-02-07', 1, 1),
(2216, 'NIP3943', 21, 19, 6, 'Tugas', 96, '2020-02-07', 1, 1),
(2217, 'NIP3944', 21, 19, 6, 'Ulangan Harian', 54, '2020-02-07', 1, 1),
(2218, 'NIP3945', 21, 19, 6, 'Praktek', 85, '2020-02-07', 1, 1),
(2219, 'NIP3946', 21, 19, 6, 'UTS', 66, '2020-02-07', 1, 1),
(2220, 'NIP3947', 26, 19, 6, 'Tugas', 74, '2020-02-07', 1, 1),
(2221, 'NIP3948', 26, 19, 6, 'Tugas', 85, '2020-02-07', 1, 1),
(2222, 'NIP3949', 26, 19, 6, 'Tugas', 64, '2020-02-07', 1, 1),
(2223, 'NIP3950', 26, 19, 6, 'Tugas', 53, '2020-02-07', 1, 1),
(2224, 'NIP3951', 26, 19, 6, 'Ulangan Harian', 74, '2020-02-07', 1, 1),
(2225, 'NIP3952', 26, 19, 6, 'Praktek', 75, '2020-02-07', 1, 1),
(2226, 'NIP3953', 26, 19, 6, 'UTS', 53, '2020-02-07', 1, 1),
(2227, 'NIP3954', 27, 19, 6, 'Tugas', 85, '2020-02-07', 1, 1),
(2228, 'NIP3955', 27, 19, 6, 'Tugas', 64, '2020-02-07', 1, 1),
(2229, 'NIP3956', 27, 19, 6, 'Tugas', 75, '2020-02-07', 1, 1),
(2230, 'NIP3957', 27, 19, 6, 'Tugas', 85, '2020-02-07', 1, 1),
(2231, 'NIP3958', 27, 19, 6, 'Ulangan Harian', 64, '2020-02-07', 1, 1),
(2232, 'NIP3959', 27, 19, 6, 'Praktek', 86, '2020-02-07', 1, 1),
(2233, 'NIP3960', 27, 19, 6, 'UTS', 96, '2020-02-07', 1, 1),
(2234, 'NIP3807', 1, 21, 7, 'Tugas', 86, '2020-02-07', 1, 1),
(2235, 'NIP3808', 1, 21, 7, 'Tugas', 77, '2020-02-07', 1, 1),
(2236, 'NIP3809', 1, 21, 7, 'Tugas', 60, '2020-02-07', 1, 1),
(2237, 'NIP3810', 1, 21, 7, 'Tugas', 72, '2020-02-07', 1, 1),
(2238, 'NIP3811', 1, 21, 7, 'Ulangan Harian', 47, '2020-02-07', 1, 1),
(2239, 'NIP3812', 1, 21, 7, 'Praktek', 56, '2020-02-07', 1, 1),
(2240, 'NIP3813', 1, 21, 7, 'UTS', 74, '2020-02-07', 1, 1),
(2241, 'NIP3814', 2, 21, 7, 'Tugas', 72, '2020-02-07', 1, 1),
(2242, 'NIP3815', 2, 21, 7, 'Tugas', 81, '2020-02-07', 1, 1),
(2243, 'NIP3816', 2, 21, 7, 'Tugas', 90, '2020-02-07', 1, 1),
(2244, 'NIP3817', 2, 21, 7, 'Tugas', 95, '2020-02-07', 1, 1),
(2245, 'NIP3818', 2, 21, 7, 'Ulangan Harian', 54, '2020-02-07', 1, 1),
(2246, 'NIP3819', 2, 21, 7, 'Praktek', 85, '2020-02-07', 1, 1),
(2247, 'NIP3820', 2, 21, 7, 'UTS', 53, '2020-02-07', 1, 1),
(2248, 'NIP3821', 3, 21, 7, 'Tugas', 75, '2020-02-07', 1, 1),
(2249, 'NIP3822', 3, 21, 7, 'Tugas', 74, '2020-02-07', 1, 1),
(2250, 'NIP3823', 3, 21, 7, 'Tugas', 46, '2020-02-07', 1, 1),
(2251, 'NIP3824', 3, 21, 7, 'Tugas', 64, '2020-02-07', 1, 1),
(2252, 'NIP3825', 3, 21, 7, 'Ulangan Harian', 85, '2020-02-07', 1, 1),
(2253, 'NIP3826', 3, 21, 7, 'Praktek', 66, '2020-02-07', 1, 1),
(2254, 'NIP3827', 3, 21, 7, 'UTS', 84, '2020-02-07', 1, 1),
(2255, 'NIP3828', 14, 21, 7, 'Tugas', 65, '2020-02-07', 1, 1),
(2256, 'NIP3829', 14, 21, 7, 'Tugas', 75, '2020-02-07', 1, 1),
(2257, 'NIP3830', 14, 21, 7, 'Tugas', 63, '2020-02-07', 1, 1),
(2258, 'NIP3831', 14, 21, 7, 'Tugas', 74, '2020-02-07', 1, 1),
(2259, 'NIP3832', 14, 21, 7, 'Ulangan Harian', 52, '2020-02-07', 1, 1),
(2260, 'NIP3833', 14, 21, 7, 'Praktek', 74, '2020-02-07', 1, 1),
(2261, 'NIP3834', 14, 21, 7, 'UTS', 62, '2020-02-07', 1, 1),
(2262, 'NIP3835', 16, 21, 7, 'Tugas', 52, '2020-02-07', 1, 1),
(2263, 'NIP3836', 16, 21, 7, 'Tugas', 95, '2020-02-07', 1, 1),
(2264, 'NIP3837', 16, 21, 7, 'Tugas', 53, '2020-02-07', 1, 1),
(2265, 'NIP3838', 16, 21, 7, 'Tugas', 74, '2020-02-07', 1, 1),
(2266, 'NIP3839', 16, 21, 7, 'Ulangan Harian', 76, '2020-02-07', 1, 1),
(2267, 'NIP3840', 16, 21, 7, 'Praktek', 36, '2020-02-07', 1, 1),
(2268, 'NIP3841', 16, 21, 7, 'UTS', 73, '2020-02-07', 1, 1),
(2269, 'NIP3842', 12, 21, 7, 'Tugas', 82, '2020-02-07', 1, 1),
(2270, 'NIP3843', 12, 21, 7, 'Tugas', 91, '2020-02-07', 1, 1),
(2271, 'NIP3844', 12, 21, 7, 'Tugas', 78, '2020-02-07', 1, 1),
(2272, 'NIP3845', 12, 21, 7, 'Tugas', 89, '2020-02-07', 1, 1),
(2273, 'NIP3846', 12, 21, 7, 'Ulangan Harian', 67, '2020-02-07', 1, 1),
(2274, 'NIP3847', 12, 21, 7, 'Praktek', 76, '2020-02-07', 1, 1),
(2275, 'NIP3848', 12, 21, 7, 'UTS', 87, '2020-02-07', 1, 1),
(2276, 'NIP3849', 19, 21, 7, 'Tugas', 98, '2020-02-07', 1, 1),
(2277, 'NIP3850', 19, 21, 7, 'Tugas', 65, '2020-02-07', 1, 1),
(2278, 'NIP3851', 19, 21, 7, 'Tugas', 67, '2020-02-07', 1, 1),
(2279, 'NIP3852', 19, 21, 7, 'Tugas', 85, '2020-02-07', 1, 1),
(2280, 'NIP3853', 19, 21, 7, 'Ulangan Harian', 86, '2020-02-07', 1, 1),
(2281, 'NIP3854', 19, 21, 7, 'Praktek', 71, '2020-02-07', 1, 1),
(2282, 'NIP3855', 19, 21, 7, 'UTS', 81, '2020-02-07', 1, 1),
(2283, 'NIP3856', 20, 21, 7, 'Tugas', 91, '2020-02-07', 1, 1),
(2284, 'NIP3857', 20, 21, 7, 'Tugas', 61, '2020-02-07', 1, 1),
(2285, 'NIP3858', 20, 21, 7, 'Tugas', 67, '2020-02-07', 1, 1),
(2286, 'NIP3859', 20, 21, 7, 'Tugas', 65, '2020-02-07', 1, 1),
(2287, 'NIP3860', 20, 21, 7, 'Ulangan Harian', 85, '2020-02-07', 1, 1),
(2288, 'NIP3861', 20, 21, 7, 'Praktek', 66, '2020-02-07', 1, 1),
(2289, 'NIP3862', 20, 21, 7, 'UTS', 45, '2020-02-07', 1, 1),
(2290, 'NIP3863', 15, 21, 7, 'Tugas', 74, '2020-02-07', 1, 1),
(2291, 'NIP3864', 15, 21, 7, 'Tugas', 96, '2020-02-07', 1, 1),
(2292, 'NIP3865', 15, 21, 7, 'Tugas', 74, '2020-02-07', 1, 1),
(2293, 'NIP3866', 15, 21, 7, 'Tugas', 85, '2020-02-07', 1, 1),
(2294, 'NIP3867', 15, 21, 7, 'Ulangan Harian', 92, '2020-02-07', 1, 1),
(2295, 'NIP3868', 15, 21, 7, 'Praktek', 75, '2020-02-07', 1, 1),
(2296, 'NIP3869', 15, 21, 7, 'UTS', 63, '2020-02-07', 1, 1),
(2297, 'NIP3870', 17, 21, 7, 'Tugas', 84, '2020-02-07', 1, 1),
(2298, 'NIP3871', 17, 21, 7, 'Tugas', 95, '2020-02-07', 1, 1),
(2299, 'NIP3872', 17, 21, 7, 'Tugas', 66, '2020-02-07', 1, 1),
(2300, 'NIP3873', 17, 21, 7, 'Tugas', 88, '2020-02-07', 1, 1),
(2301, 'NIP3874', 17, 21, 7, 'Ulangan Harian', 55, '2020-02-07', 1, 1),
(2302, 'NIP3875', 17, 21, 7, 'Praktek', 87, '2020-02-07', 1, 1),
(2303, 'NIP3876', 17, 21, 7, 'UTS', 65, '2020-02-07', 1, 1),
(2304, 'NIP3877', 13, 21, 7, 'Tugas', 84, '2020-02-07', 1, 1),
(2305, 'NIP3878', 13, 21, 7, 'Tugas', 83, '2020-02-07', 1, 1),
(2306, 'NIP3879', 13, 21, 7, 'Tugas', 72, '2020-02-07', 1, 1),
(2307, 'NIP3880', 13, 21, 7, 'Tugas', 80, '2020-02-07', 1, 1),
(2308, 'NIP3881', 13, 21, 7, 'Ulangan Harian', 50, '2020-02-07', 1, 1),
(2309, 'NIP3882', 13, 21, 7, 'Praktek', 60, '2020-02-07', 1, 1),
(2310, 'NIP3883', 13, 21, 7, 'UTS', 83, '2020-02-07', 1, 1),
(2311, 'NIP3884', 23, 21, 7, 'Tugas', 77, '2020-02-07', 1, 1),
(2312, 'NIP3885', 23, 21, 7, 'Tugas', 60, '2020-02-07', 1, 1),
(2313, 'NIP3886', 23, 21, 7, 'Tugas', 74, '2020-02-07', 1, 1),
(2314, 'NIP3887', 23, 21, 7, 'Tugas', 89, '2020-02-07', 1, 1),
(2315, 'NIP3888', 23, 21, 7, 'Ulangan Harian', 74, '2020-02-07', 1, 1),
(2316, 'NIP3889', 23, 21, 7, 'Praktek', 70, '2020-02-07', 1, 1),
(2317, 'NIP3890', 23, 21, 7, 'UTS', 66, '2020-02-07', 1, 1),
(2318, 'NIP3891', 24, 21, 7, 'Tugas', 57, '2020-02-07', 1, 1),
(2319, 'NIP3892', 24, 21, 7, 'Tugas', 83, '2020-02-07', 1, 1),
(2320, 'NIP3893', 24, 21, 7, 'Tugas', 81, '2020-02-07', 1, 1),
(2321, 'NIP3894', 24, 21, 7, 'Tugas', 73, '2020-02-07', 1, 1),
(2322, 'NIP3895', 24, 21, 7, 'Ulangan Harian', 64, '2020-02-07', 1, 1),
(2323, 'NIP3896', 24, 21, 7, 'Praktek', 85, '2020-02-07', 1, 1),
(2324, 'NIP3897', 24, 21, 7, 'UTS', 77, '2020-02-07', 1, 1),
(2325, 'NIP3898', 25, 21, 7, 'Tugas', 55, '2020-02-07', 1, 1),
(2326, 'NIP3899', 25, 21, 7, 'Tugas', 88, '2020-02-07', 1, 1),
(2327, 'NIP3900', 25, 21, 7, 'Tugas', 99, '2020-02-07', 1, 1),
(2328, 'NIP3901', 25, 21, 7, 'Tugas', 65, '2020-02-07', 1, 1),
(2329, 'NIP3902', 25, 21, 7, 'Ulangan Harian', 78, '2020-02-07', 1, 1),
(2330, 'NIP3903', 25, 21, 7, 'Praktek', 65, '2020-02-07', 1, 1),
(2331, 'NIP3904', 25, 21, 7, 'UTS', 86, '2020-02-07', 1, 1),
(2332, 'NIP3905', 6, 21, 7, 'Tugas', 67, '2020-02-07', 1, 1),
(2333, 'NIP3906', 6, 21, 7, 'Tugas', 79, '2020-02-07', 1, 1),
(2334, 'NIP3907', 6, 21, 7, 'Tugas', 67, '2020-02-07', 1, 1),
(2335, 'NIP3908', 6, 21, 7, 'Tugas', 88, '2020-02-07', 1, 1),
(2336, 'NIP3909', 6, 21, 7, 'Ulangan Harian', 96, '2020-02-07', 1, 1),
(2337, 'NIP3910', 6, 21, 7, 'Praktek', 94, '2020-02-07', 1, 1),
(2338, 'NIP3911', 6, 21, 7, 'UTS', 65, '2020-02-07', 1, 1),
(2339, 'NIP3912', 11, 21, 7, 'Tugas', 36, '2020-02-07', 1, 1),
(2340, 'NIP3913', 11, 21, 7, 'Tugas', 78, '2020-02-07', 1, 1),
(2341, 'NIP3914', 11, 21, 7, 'Tugas', 53, '2020-02-07', 1, 1),
(2342, 'NIP3915', 11, 21, 7, 'Tugas', 74, '2020-02-07', 1, 1),
(2343, 'NIP3916', 11, 21, 7, 'Ulangan Harian', 74, '2020-02-07', 1, 1),
(2344, 'NIP3917', 11, 21, 7, 'Praktek', 42, '2020-02-07', 1, 1),
(2345, 'NIP3918', 11, 21, 7, 'UTS', 86, '2020-02-07', 1, 1),
(2346, 'NIP3919', 4, 21, 7, 'Tugas', 82, '2020-02-07', 1, 1),
(2347, 'NIP3920', 4, 21, 7, 'Tugas', 83, '2020-02-07', 1, 1),
(2348, 'NIP3921', 4, 21, 7, 'Tugas', 73, '2020-02-07', 1, 1),
(2349, 'NIP3922', 4, 21, 7, 'Tugas', 92, '2020-02-07', 1, 1),
(2350, 'NIP3923', 4, 21, 7, 'Ulangan Harian', 72, '2020-02-07', 1, 1),
(2351, 'NIP3924', 4, 21, 7, 'Praktek', 63, '2020-02-07', 1, 1),
(2352, 'NIP3925', 4, 21, 7, 'UTS', 72, '2020-02-07', 1, 1),
(2353, 'NIP3926', 8, 21, 7, 'Tugas', 61, '2020-02-07', 1, 1),
(2354, 'NIP3927', 8, 21, 7, 'Tugas', 73, '2020-02-07', 1, 1),
(2355, 'NIP3928', 8, 21, 7, 'Tugas', 73, '2020-02-07', 1, 1),
(2356, 'NIP3929', 8, 21, 7, 'Tugas', 84, '2020-02-07', 1, 1),
(2357, 'NIP3930', 8, 21, 7, 'Ulangan Harian', 45, '2020-02-07', 1, 1),
(2358, 'NIP3931', 8, 21, 7, 'Praktek', 67, '2020-02-07', 1, 1),
(2359, 'NIP3932', 8, 21, 7, 'UTS', 34, '2020-02-07', 1, 1),
(2360, 'NIP3933', 10, 21, 7, 'Tugas', 64, '2020-02-07', 1, 1),
(2361, 'NIP3934', 10, 21, 7, 'Tugas', 65, '2020-02-07', 1, 1),
(2362, 'NIP3935', 10, 21, 7, 'Tugas', 44, '2020-02-07', 1, 1),
(2363, 'NIP3936', 10, 21, 7, 'Tugas', 73, '2020-02-07', 1, 1),
(2364, 'NIP3937', 10, 21, 7, 'Ulangan Harian', 63, '2020-02-07', 1, 1),
(2365, 'NIP3938', 10, 21, 7, 'Praktek', 74, '2020-02-07', 1, 1),
(2366, 'NIP3939', 10, 21, 7, 'UTS', 41, '2020-02-07', 1, 1),
(2367, 'NIP3940', 21, 21, 7, 'Tugas', 56, '2020-02-07', 1, 1),
(2368, 'NIP3941', 21, 21, 7, 'Tugas', 84, '2020-02-07', 1, 1),
(2369, 'NIP3942', 21, 21, 7, 'Tugas', 63, '2020-02-07', 1, 1),
(2370, 'NIP3943', 21, 21, 7, 'Tugas', 74, '2020-02-07', 1, 1),
(2371, 'NIP3944', 21, 21, 7, 'Ulangan Harian', 35, '2020-02-07', 1, 1),
(2372, 'NIP3945', 21, 21, 7, 'Praktek', 85, '2020-02-07', 1, 1),
(2373, 'NIP3946', 21, 21, 7, 'UTS', 36, '2020-02-07', 1, 1),
(2374, 'NIP3940', 21, 21, 7, 'Tugas', 45, '2020-02-07', 1, 1),
(2375, 'NIP3941', 21, 21, 7, 'Tugas', 73, '2020-02-07', 1, 1),
(2376, 'NIP3942', 21, 21, 7, 'Tugas', 46, '2020-02-07', 1, 1),
(2377, 'NIP3943', 21, 21, 7, 'Tugas', 84, '2020-02-07', 1, 1),
(2378, 'NIP3944', 21, 21, 7, 'Ulangan Harian', 54, '2020-02-07', 1, 1),
(2379, 'NIP3945', 21, 21, 7, 'Praktek', 85, '2020-02-07', 1, 1),
(2380, 'NIP3946', 21, 21, 7, 'UTS', 66, '2020-02-07', 1, 1),
(2381, 'NIP3947', 26, 21, 7, 'Tugas', 74, '2020-02-07', 1, 1),
(2382, 'NIP3948', 26, 21, 7, 'Tugas', 85, '2020-02-07', 1, 1),
(2383, 'NIP3949', 26, 21, 7, 'Tugas', 64, '2020-02-07', 1, 1),
(2384, 'NIP3950', 26, 21, 7, 'Tugas', 53, '2020-02-07', 1, 1),
(2385, 'NIP3951', 26, 21, 7, 'Ulangan Harian', 74, '2020-02-07', 1, 1),
(2386, 'NIP3952', 26, 21, 7, 'Praktek', 75, '2020-02-07', 1, 1),
(2387, 'NIP3953', 26, 21, 7, 'UTS', 53, '2020-02-07', 1, 1),
(2388, 'NIP3954', 27, 21, 7, 'Tugas', 85, '2020-02-07', 1, 1),
(2389, 'NIP3955', 27, 21, 7, 'Tugas', 64, '2020-02-07', 1, 1),
(2390, 'NIP3956', 27, 21, 7, 'Tugas', 75, '2020-02-07', 1, 1),
(2391, 'NIP3957', 27, 21, 7, 'Tugas', 64, '2020-02-07', 1, 1),
(2392, 'NIP3958', 27, 21, 7, 'Ulangan Harian', 74, '2020-02-07', 1, 1),
(2393, 'NIP3959', 27, 21, 7, 'Praktek', 74, '2020-02-07', 1, 1),
(2394, 'NIP3960', 27, 21, 7, 'UTS', 53, '2020-02-07', 1, 1),
(2395, 'NIP3807', 1, 22, 7, 'Tugas', 75, '2020-02-07', 1, 1),
(2396, 'NIP3808', 1, 22, 7, 'Tugas', 53, '2020-02-07', 1, 1),
(2397, 'NIP3809', 1, 22, 7, 'Tugas', 85, '2020-02-07', 1, 1),
(2398, 'NIP3810', 1, 22, 7, 'Tugas', 64, '2020-02-07', 1, 1),
(2399, 'NIP3811', 1, 22, 7, 'Ulangan Harian', 75, '2020-02-07', 1, 1),
(2400, 'NIP3812', 1, 22, 7, 'Praktek', 64, '2020-02-07', 1, 1),
(2401, 'NIP3813', 1, 22, 7, 'UTS', 74, '2020-02-07', 1, 1),
(2402, 'NIP3814', 2, 22, 7, 'Tugas', 72, '2020-02-07', 1, 1),
(2403, 'NIP3815', 2, 22, 7, 'Tugas', 81, '2020-02-07', 1, 1),
(2404, 'NIP3816', 2, 22, 7, 'Tugas', 90, '2020-02-07', 1, 1),
(2405, 'NIP3817', 2, 22, 7, 'Tugas', 95, '2020-02-07', 1, 1),
(2406, 'NIP3818', 2, 22, 7, 'Ulangan Harian', 54, '2020-02-07', 1, 1),
(2407, 'NIP3819', 2, 22, 7, 'Praktek', 85, '2020-02-07', 1, 1),
(2408, 'NIP3820', 2, 22, 7, 'UTS', 53, '2020-02-07', 1, 1),
(2409, 'NIP3821', 3, 22, 7, 'Tugas', 75, '2020-02-07', 1, 1),
(2410, 'NIP3822', 3, 22, 7, 'Tugas', 74, '2020-02-07', 1, 1),
(2411, 'NIP3823', 3, 22, 7, 'Tugas', 46, '2020-02-07', 1, 1),
(2412, 'NIP3824', 3, 22, 7, 'Tugas', 64, '2020-02-07', 1, 1),
(2413, 'NIP3825', 3, 22, 7, 'Ulangan Harian', 85, '2020-02-07', 1, 1),
(2414, 'NIP3826', 3, 22, 7, 'Praktek', 66, '2020-02-07', 1, 1),
(2415, 'NIP3827', 3, 22, 7, 'UTS', 84, '2020-02-07', 1, 1),
(2416, 'NIP3828', 14, 22, 7, 'Tugas', 65, '2020-02-07', 1, 1),
(2417, 'NIP3829', 14, 22, 7, 'Tugas', 75, '2020-02-07', 1, 1),
(2418, 'NIP3830', 14, 22, 7, 'Tugas', 63, '2020-02-07', 1, 1),
(2419, 'NIP3831', 14, 22, 7, 'Tugas', 74, '2020-02-07', 1, 1),
(2420, 'NIP3832', 14, 22, 7, 'Ulangan Harian', 52, '2020-02-07', 1, 1),
(2421, 'NIP3833', 14, 22, 7, 'Praktek', 74, '2020-02-07', 1, 1),
(2422, 'NIP3834', 14, 22, 7, 'UTS', 62, '2020-02-07', 1, 1),
(2423, 'NIP3835', 16, 22, 7, 'Tugas', 52, '2020-02-07', 1, 1),
(2424, 'NIP3836', 16, 22, 7, 'Tugas', 95, '2020-02-07', 1, 1),
(2425, 'NIP3837', 16, 22, 7, 'Tugas', 53, '2020-02-07', 1, 1),
(2426, 'NIP3838', 16, 22, 7, 'Tugas', 74, '2020-02-07', 1, 1),
(2427, 'NIP3839', 16, 22, 7, 'Ulangan Harian', 76, '2020-02-07', 1, 1),
(2428, 'NIP3840', 16, 22, 7, 'Praktek', 36, '2020-02-07', 1, 1),
(2429, 'NIP3841', 16, 22, 7, 'UTS', 73, '2020-02-07', 1, 1),
(2430, 'NIP3842', 12, 22, 7, 'Tugas', 82, '2020-02-07', 1, 1),
(2431, 'NIP3843', 12, 22, 7, 'Tugas', 91, '2020-02-07', 1, 1),
(2432, 'NIP3844', 12, 22, 7, 'Tugas', 78, '2020-02-07', 1, 1),
(2433, 'NIP3845', 12, 22, 7, 'Tugas', 89, '2020-02-07', 1, 1),
(2434, 'NIP3846', 12, 22, 7, 'Ulangan Harian', 67, '2020-02-07', 1, 1),
(2435, 'NIP3847', 12, 22, 7, 'Praktek', 74, '2020-02-07', 1, 1),
(2436, 'NIP3848', 12, 22, 7, 'UTS', 85, '2020-02-07', 1, 1),
(2437, 'NIP3849', 19, 22, 7, 'Tugas', 64, '2020-02-07', 1, 1),
(2438, 'NIP3850', 19, 22, 7, 'Tugas', 53, '2020-02-07', 1, 1),
(2439, 'NIP3851', 19, 22, 7, 'Tugas', 74, '2020-02-07', 1, 1),
(2440, 'NIP3852', 19, 22, 7, 'Tugas', 75, '2020-02-07', 1, 1),
(2441, 'NIP3853', 19, 22, 7, 'Ulangan Harian', 53, '2020-02-07', 1, 1),
(2442, 'NIP3854', 19, 22, 7, 'Praktek', 85, '2020-02-07', 1, 1),
(2443, 'NIP3855', 19, 22, 7, 'UTS', 81, '2020-02-07', 1, 1);
INSERT INTO `bukunilai` (`idBukuNilai`, `nomorInduk`, `idMapel`, `idSiswa`, `idKelas`, `jenisNilai`, `nilai`, `tanggal`, `semester`, `statusBukuNilai`) VALUES
(2444, 'NIP3856', 20, 22, 7, 'Tugas', 91, '2020-02-07', 1, 1),
(2445, 'NIP3857', 20, 22, 7, 'Tugas', 61, '2020-02-07', 1, 1),
(2446, 'NIP3858', 20, 22, 7, 'Tugas', 67, '2020-02-07', 1, 1),
(2447, 'NIP3859', 20, 22, 7, 'Tugas', 65, '2020-02-07', 1, 1),
(2448, 'NIP3860', 20, 22, 7, 'Ulangan Harian', 85, '2020-02-07', 1, 1),
(2449, 'NIP3861', 20, 22, 7, 'Praktek', 66, '2020-02-07', 1, 1),
(2450, 'NIP3862', 20, 22, 7, 'UTS', 45, '2020-02-07', 1, 1),
(2451, 'NIP3863', 15, 22, 7, 'Tugas', 74, '2020-02-07', 1, 1),
(2452, 'NIP3864', 15, 22, 7, 'Tugas', 96, '2020-02-07', 1, 1),
(2453, 'NIP3865', 15, 22, 7, 'Tugas', 74, '2020-02-07', 1, 1),
(2454, 'NIP3866', 15, 22, 7, 'Tugas', 85, '2020-02-07', 1, 1),
(2455, 'NIP3867', 15, 22, 7, 'Ulangan Harian', 92, '2020-02-07', 1, 1),
(2456, 'NIP3868', 15, 22, 7, 'Praktek', 75, '2020-02-07', 1, 1),
(2457, 'NIP3869', 15, 22, 7, 'UTS', 63, '2020-02-07', 1, 1),
(2458, 'NIP3870', 17, 22, 7, 'Tugas', 84, '2020-02-07', 1, 1),
(2459, 'NIP3871', 17, 22, 7, 'Tugas', 95, '2020-02-07', 1, 1),
(2460, 'NIP3872', 17, 22, 7, 'Tugas', 66, '2020-02-07', 1, 1),
(2461, 'NIP3873', 17, 22, 7, 'Tugas', 88, '2020-02-07', 1, 1),
(2462, 'NIP3874', 17, 22, 7, 'Ulangan Harian', 55, '2020-02-07', 1, 1),
(2463, 'NIP3875', 17, 22, 7, 'Praktek', 87, '2020-02-07', 1, 1),
(2464, 'NIP3876', 17, 22, 7, 'UTS', 65, '2020-02-07', 1, 1),
(2465, 'NIP3877', 13, 22, 7, 'Tugas', 84, '2020-02-07', 1, 1),
(2466, 'NIP3878', 13, 22, 7, 'Tugas', 83, '2020-02-07', 1, 1),
(2467, 'NIP3879', 13, 22, 7, 'Tugas', 72, '2020-02-07', 1, 1),
(2468, 'NIP3880', 13, 22, 7, 'Tugas', 80, '2020-02-07', 1, 1),
(2469, 'NIP3881', 13, 22, 7, 'Ulangan Harian', 50, '2020-02-07', 1, 1),
(2470, 'NIP3882', 13, 22, 7, 'Praktek', 60, '2020-02-07', 1, 1),
(2471, 'NIP3883', 13, 22, 7, 'UTS', 83, '2020-02-07', 1, 1),
(2472, 'NIP3884', 23, 22, 7, 'Tugas', 77, '2020-02-07', 1, 1),
(2473, 'NIP3885', 23, 22, 7, 'Tugas', 60, '2020-02-07', 1, 1),
(2474, 'NIP3886', 23, 22, 7, 'Tugas', 74, '2020-02-07', 1, 1),
(2475, 'NIP3887', 23, 22, 7, 'Tugas', 89, '2020-02-07', 1, 1),
(2476, 'NIP3888', 23, 22, 7, 'Ulangan Harian', 74, '2020-02-07', 1, 1),
(2477, 'NIP3889', 23, 22, 7, 'Praktek', 70, '2020-02-07', 1, 1),
(2478, 'NIP3890', 23, 22, 7, 'UTS', 66, '2020-02-07', 1, 1),
(2479, 'NIP3891', 24, 22, 7, 'Tugas', 57, '2020-02-07', 1, 1),
(2480, 'NIP3892', 24, 22, 7, 'Tugas', 83, '2020-02-07', 1, 1),
(2481, 'NIP3893', 24, 22, 7, 'Tugas', 81, '2020-02-07', 1, 1),
(2482, 'NIP3894', 24, 22, 7, 'Tugas', 73, '2020-02-07', 1, 1),
(2483, 'NIP3895', 24, 22, 7, 'Ulangan Harian', 64, '2020-02-07', 1, 1),
(2484, 'NIP3896', 24, 22, 7, 'Praktek', 85, '2020-02-07', 1, 1),
(2485, 'NIP3897', 24, 22, 7, 'UTS', 77, '2020-02-07', 1, 1),
(2486, 'NIP3898', 25, 22, 7, 'Tugas', 55, '2020-02-07', 1, 1),
(2487, 'NIP3899', 25, 22, 7, 'Tugas', 88, '2020-02-07', 1, 1),
(2488, 'NIP3900', 25, 22, 7, 'Tugas', 99, '2020-02-07', 1, 1),
(2489, 'NIP3901', 25, 22, 7, 'Tugas', 65, '2020-02-07', 1, 1),
(2490, 'NIP3902', 25, 22, 7, 'Ulangan Harian', 78, '2020-02-07', 1, 1),
(2491, 'NIP3903', 25, 22, 7, 'Praktek', 65, '2020-02-07', 1, 1),
(2492, 'NIP3904', 25, 22, 7, 'UTS', 86, '2020-02-07', 1, 1),
(2493, 'NIP3905', 6, 22, 7, 'Tugas', 67, '2020-02-07', 1, 1),
(2494, 'NIP3906', 6, 22, 7, 'Tugas', 79, '2020-02-07', 1, 1),
(2495, 'NIP3907', 6, 22, 7, 'Tugas', 67, '2020-02-07', 1, 1),
(2496, 'NIP3908', 6, 22, 7, 'Tugas', 88, '2020-02-07', 1, 1),
(2497, 'NIP3909', 6, 22, 7, 'Ulangan Harian', 96, '2020-02-07', 1, 1),
(2498, 'NIP3910', 6, 22, 7, 'Praktek', 94, '2020-02-07', 1, 1),
(2499, 'NIP3911', 6, 22, 7, 'UTS', 65, '2020-02-07', 1, 1),
(2500, 'NIP3912', 11, 22, 7, 'Tugas', 36, '2020-02-07', 1, 1),
(2501, 'NIP3913', 11, 22, 7, 'Tugas', 78, '2020-02-07', 1, 1),
(2502, 'NIP3914', 11, 22, 7, 'Tugas', 53, '2020-02-07', 1, 1),
(2503, 'NIP3915', 11, 22, 7, 'Tugas', 74, '2020-02-07', 1, 1),
(2504, 'NIP3916', 11, 22, 7, 'Ulangan Harian', 74, '2020-02-07', 1, 1),
(2505, 'NIP3917', 11, 22, 7, 'Praktek', 42, '2020-02-07', 1, 1),
(2506, 'NIP3918', 11, 22, 7, 'UTS', 86, '2020-02-07', 1, 1),
(2507, 'NIP3919', 4, 22, 7, 'Tugas', 82, '2020-02-07', 1, 1),
(2508, 'NIP3920', 4, 22, 7, 'Tugas', 83, '2020-02-07', 1, 1),
(2509, 'NIP3921', 4, 22, 7, 'Tugas', 73, '2020-02-07', 1, 1),
(2510, 'NIP3922', 4, 22, 7, 'Tugas', 92, '2020-02-07', 1, 1),
(2511, 'NIP3923', 4, 22, 7, 'Ulangan Harian', 72, '2020-02-07', 1, 1),
(2512, 'NIP3924', 4, 22, 7, 'Praktek', 63, '2020-02-07', 1, 1),
(2513, 'NIP3925', 4, 22, 7, 'UTS', 72, '2020-02-07', 1, 1),
(2514, 'NIP3926', 8, 22, 7, 'Tugas', 61, '2020-02-07', 1, 1),
(2515, 'NIP3927', 8, 22, 7, 'Tugas', 73, '2020-02-07', 1, 1),
(2516, 'NIP3928', 8, 22, 7, 'Tugas', 73, '2020-02-07', 1, 1),
(2517, 'NIP3929', 8, 22, 7, 'Tugas', 84, '2020-02-07', 1, 1),
(2518, 'NIP3930', 8, 22, 7, 'Ulangan Harian', 45, '2020-02-07', 1, 1),
(2519, 'NIP3931', 8, 22, 7, 'Praktek', 67, '2020-02-07', 1, 1),
(2520, 'NIP3932', 8, 22, 7, 'UTS', 34, '2020-02-07', 1, 1),
(2521, 'NIP3933', 10, 22, 7, 'Tugas', 64, '2020-02-07', 1, 1),
(2522, 'NIP3934', 10, 22, 7, 'Tugas', 65, '2020-02-07', 1, 1),
(2523, 'NIP3935', 10, 22, 7, 'Tugas', 44, '2020-02-07', 1, 1),
(2524, 'NIP3936', 10, 22, 7, 'Tugas', 73, '2020-02-07', 1, 1),
(2525, 'NIP3937', 10, 22, 7, 'Ulangan Harian', 63, '2020-02-07', 1, 1),
(2526, 'NIP3938', 10, 22, 7, 'Praktek', 74, '2020-02-07', 1, 1),
(2527, 'NIP3939', 10, 22, 7, 'UTS', 41, '2020-02-07', 1, 1),
(2528, 'NIP3940', 21, 22, 7, 'Tugas', 78, '2020-02-07', 1, 1),
(2529, 'NIP3941', 21, 22, 7, 'Tugas', 53, '2020-02-07', 1, 1),
(2530, 'NIP3942', 21, 22, 7, 'Tugas', 74, '2020-02-07', 1, 1),
(2531, 'NIP3943', 21, 22, 7, 'Tugas', 74, '2020-02-07', 1, 1),
(2532, 'NIP3944', 21, 22, 7, 'Ulangan Harian', 42, '2020-02-07', 1, 1),
(2533, 'NIP3945', 21, 22, 7, 'Praktek', 86, '2020-02-07', 1, 1),
(2534, 'NIP3946', 21, 22, 7, 'UTS', 82, '2020-02-07', 1, 1),
(2535, 'NIP3940', 21, 22, 7, 'Tugas', 83, '2020-02-07', 1, 1),
(2536, 'NIP3941', 21, 22, 7, 'Tugas', 73, '2020-02-07', 1, 1),
(2537, 'NIP3942', 21, 22, 7, 'Tugas', 46, '2020-02-07', 1, 1),
(2538, 'NIP3943', 21, 22, 7, 'Tugas', 84, '2020-02-07', 1, 1),
(2539, 'NIP3944', 21, 22, 7, 'Ulangan Harian', 54, '2020-02-07', 1, 1),
(2540, 'NIP3945', 21, 22, 7, 'Praktek', 85, '2020-02-07', 1, 1),
(2541, 'NIP3946', 21, 22, 7, 'UTS', 66, '2020-02-07', 1, 1),
(2542, 'NIP3947', 26, 22, 7, 'Tugas', 74, '2020-02-07', 1, 1),
(2543, 'NIP3948', 26, 22, 7, 'Tugas', 85, '2020-02-07', 1, 1),
(2544, 'NIP3949', 26, 22, 7, 'Tugas', 81, '2020-02-07', 1, 1),
(2545, 'NIP3950', 26, 22, 7, 'Tugas', 73, '2020-02-07', 1, 1),
(2546, 'NIP3951', 26, 22, 7, 'Ulangan Harian', 64, '2020-02-07', 1, 1),
(2547, 'NIP3952', 26, 22, 7, 'Praktek', 85, '2020-02-07', 1, 1),
(2548, 'NIP3953', 26, 22, 7, 'UTS', 77, '2020-02-07', 1, 1),
(2549, 'NIP3954', 27, 22, 7, 'Tugas', 55, '2020-02-07', 1, 1),
(2550, 'NIP3955', 27, 22, 7, 'Tugas', 88, '2020-02-07', 1, 1),
(2551, 'NIP3956', 27, 22, 7, 'Tugas', 99, '2020-02-07', 1, 1),
(2552, 'NIP3957', 27, 22, 7, 'Tugas', 65, '2020-02-07', 1, 1),
(2553, 'NIP3958', 27, 22, 7, 'Ulangan Harian', 74, '2020-02-07', 1, 1),
(2554, 'NIP3959', 27, 22, 7, 'Praktek', 74, '2020-02-07', 1, 1),
(2555, 'NIP3960', 27, 22, 7, 'UTS', 53, '2020-02-07', 1, 1),
(2556, 'NIP3807', 1, 27, 9, 'Tugas', 53, '2020-02-07', 1, 1),
(2557, 'NIP3808', 1, 27, 9, 'Tugas', 85, '2020-02-07', 1, 1),
(2558, 'NIP3809', 1, 27, 9, 'Tugas', 88, '2020-02-07', 1, 1),
(2559, 'NIP3810', 1, 27, 9, 'Tugas', 45, '2020-02-07', 1, 1),
(2560, 'NIP3811', 1, 27, 9, 'Ulangan Harian', 72, '2020-02-07', 1, 1),
(2561, 'NIP3812', 1, 27, 9, 'Praktek', 75, '2020-02-07', 1, 1),
(2562, 'NIP3813', 1, 27, 9, 'UTS', 94, '2020-02-07', 1, 1),
(2563, 'NIP3814', 2, 27, 9, 'Tugas', 74, '2020-02-07', 1, 1),
(2564, 'NIP3815', 2, 27, 9, 'Tugas', 75, '2020-02-07', 1, 1),
(2565, 'NIP3816', 2, 27, 9, 'Tugas', 53, '2020-02-07', 1, 1),
(2566, 'NIP3817', 2, 27, 9, 'Tugas', 85, '2020-02-07', 1, 1),
(2567, 'NIP3818', 2, 27, 9, 'Ulangan Harian', 64, '2020-02-07', 1, 1),
(2568, 'NIP3819', 2, 27, 9, 'Praktek', 75, '2020-02-07', 1, 1),
(2569, 'NIP3820', 2, 27, 9, 'UTS', 64, '2020-02-07', 1, 1),
(2570, 'NIP3821', 3, 27, 9, 'Tugas', 74, '2020-02-07', 1, 1),
(2571, 'NIP3822', 3, 27, 9, 'Tugas', 72, '2020-02-07', 1, 1),
(2572, 'NIP3823', 3, 27, 9, 'Tugas', 81, '2020-02-07', 1, 1),
(2573, 'NIP3824', 3, 27, 9, 'Tugas', 90, '2020-02-07', 1, 1),
(2574, 'NIP3825', 3, 27, 9, 'Ulangan Harian', 95, '2020-02-07', 1, 1),
(2575, 'NIP3826', 3, 27, 9, 'Praktek', 54, '2020-02-07', 1, 1),
(2576, 'NIP3827', 3, 27, 9, 'UTS', 85, '2020-02-07', 1, 1),
(2577, 'NIP3828', 14, 27, 9, 'Tugas', 53, '2020-02-07', 1, 1),
(2578, 'NIP3829', 14, 27, 9, 'Tugas', 75, '2020-02-07', 1, 1),
(2579, 'NIP3830', 14, 27, 9, 'Tugas', 74, '2020-02-07', 1, 1),
(2580, 'NIP3831', 14, 27, 9, 'Tugas', 46, '2020-02-07', 1, 1),
(2581, 'NIP3832', 14, 27, 9, 'Ulangan Harian', 64, '2020-02-07', 1, 1),
(2582, 'NIP3833', 14, 27, 9, 'Praktek', 85, '2020-02-07', 1, 1),
(2583, 'NIP3834', 14, 27, 9, 'UTS', 66, '2020-02-07', 1, 1),
(2584, 'NIP3835', 16, 27, 9, 'Tugas', 84, '2020-02-07', 1, 1),
(2585, 'NIP3836', 16, 27, 9, 'Tugas', 65, '2020-02-07', 1, 1),
(2586, 'NIP3837', 16, 27, 9, 'Tugas', 75, '2020-02-07', 1, 1),
(2587, 'NIP3838', 16, 27, 9, 'Tugas', 63, '2020-02-07', 1, 1),
(2588, 'NIP3839', 16, 27, 9, 'Ulangan Harian', 74, '2020-02-07', 1, 1),
(2589, 'NIP3840', 16, 27, 9, 'Praktek', 52, '2020-02-07', 1, 1),
(2590, 'NIP3841', 16, 27, 9, 'UTS', 74, '2020-02-07', 1, 1),
(2591, 'NIP3842', 12, 27, 9, 'Tugas', 62, '2020-02-07', 1, 1),
(2592, 'NIP3843', 12, 27, 9, 'Tugas', 52, '2020-02-07', 1, 1),
(2593, 'NIP3844', 12, 27, 9, 'Tugas', 95, '2020-02-07', 1, 1),
(2594, 'NIP3845', 12, 27, 9, 'Tugas', 53, '2020-02-07', 1, 1),
(2595, 'NIP3846', 12, 27, 9, 'Ulangan Harian', 74, '2020-02-07', 1, 1),
(2596, 'NIP3847', 12, 27, 9, 'Praktek', 76, '2020-02-07', 1, 1),
(2597, 'NIP3848', 12, 27, 9, 'UTS', 36, '2020-02-07', 1, 1),
(2598, 'NIP3849', 19, 27, 9, 'Tugas', 73, '2020-02-07', 1, 1),
(2599, 'NIP3850', 19, 27, 9, 'Tugas', 82, '2020-02-07', 1, 1),
(2600, 'NIP3851', 19, 27, 9, 'Tugas', 91, '2020-02-07', 1, 1),
(2601, 'NIP3852', 19, 27, 9, 'Tugas', 78, '2020-02-07', 1, 1),
(2602, 'NIP3853', 19, 27, 9, 'Ulangan Harian', 89, '2020-02-07', 1, 1),
(2603, 'NIP3854', 19, 27, 9, 'Praktek', 67, '2020-02-07', 1, 1),
(2604, 'NIP3855', 19, 27, 9, 'UTS', 74, '2020-02-07', 1, 1),
(2605, 'NIP3856', 20, 27, 9, 'Tugas', 85, '2020-02-07', 1, 1),
(2606, 'NIP3857', 20, 27, 9, 'Tugas', 64, '2020-02-07', 1, 1),
(2607, 'NIP3858', 20, 27, 9, 'Tugas', 53, '2020-02-07', 1, 1),
(2608, 'NIP3859', 20, 27, 9, 'Tugas', 74, '2020-02-07', 1, 1),
(2609, 'NIP3860', 20, 27, 9, 'Ulangan Harian', 75, '2020-02-07', 1, 1),
(2610, 'NIP3861', 20, 27, 9, 'Praktek', 53, '2020-02-07', 1, 1),
(2611, 'NIP3862', 20, 27, 9, 'UTS', 85, '2020-02-07', 1, 1),
(2612, 'NIP3863', 15, 27, 9, 'Tugas', 81, '2020-02-07', 1, 1),
(2613, 'NIP3864', 15, 27, 9, 'Tugas', 91, '2020-02-07', 1, 1),
(2614, 'NIP3865', 15, 27, 9, 'Tugas', 61, '2020-02-07', 1, 1),
(2615, 'NIP3866', 15, 27, 9, 'Tugas', 67, '2020-02-07', 1, 1),
(2616, 'NIP3867', 15, 27, 9, 'Ulangan Harian', 36, '2020-02-07', 1, 1),
(2617, 'NIP3868', 15, 27, 9, 'Praktek', 75, '2020-02-07', 1, 1),
(2618, 'NIP3869', 15, 27, 9, 'UTS', 63, '2020-02-07', 1, 1),
(2619, 'NIP3870', 17, 27, 9, 'Tugas', 84, '2020-02-07', 1, 1),
(2620, 'NIP3871', 17, 27, 9, 'Tugas', 95, '2020-02-07', 1, 1),
(2621, 'NIP3872', 17, 27, 9, 'Tugas', 66, '2020-02-07', 1, 1),
(2622, 'NIP3873', 17, 27, 9, 'Tugas', 88, '2020-02-07', 1, 1),
(2623, 'NIP3874', 17, 27, 9, 'Ulangan Harian', 55, '2020-02-07', 1, 1),
(2624, 'NIP3875', 17, 27, 9, 'Praktek', 87, '2020-02-07', 1, 1),
(2625, 'NIP3876', 17, 27, 9, 'UTS', 65, '2020-02-07', 1, 1),
(2626, 'NIP3877', 13, 27, 9, 'Tugas', 84, '2020-02-07', 1, 1),
(2627, 'NIP3878', 13, 27, 9, 'Tugas', 83, '2020-02-07', 1, 1),
(2628, 'NIP3879', 13, 27, 9, 'Tugas', 72, '2020-02-07', 1, 1),
(2629, 'NIP3880', 13, 27, 9, 'Tugas', 80, '2020-02-07', 1, 1),
(2630, 'NIP3881', 13, 27, 9, 'Ulangan Harian', 50, '2020-02-07', 1, 1),
(2631, 'NIP3882', 13, 27, 9, 'Praktek', 60, '2020-02-07', 1, 1),
(2632, 'NIP3883', 13, 27, 9, 'UTS', 83, '2020-02-07', 1, 1),
(2633, 'NIP3884', 23, 27, 9, 'Tugas', 77, '2020-02-07', 1, 1),
(2634, 'NIP3885', 23, 27, 9, 'Tugas', 60, '2020-02-07', 1, 1),
(2635, 'NIP3886', 23, 27, 9, 'Tugas', 74, '2020-02-07', 1, 1),
(2636, 'NIP3887', 23, 27, 9, 'Tugas', 89, '2020-02-07', 1, 1),
(2637, 'NIP3888', 23, 27, 9, 'Ulangan Harian', 74, '2020-02-07', 1, 1),
(2638, 'NIP3889', 23, 27, 9, 'Praktek', 70, '2020-02-07', 1, 1),
(2639, 'NIP3890', 23, 27, 9, 'UTS', 66, '2020-02-07', 1, 1),
(2640, 'NIP3891', 24, 27, 9, 'Tugas', 57, '2020-02-07', 1, 1),
(2641, 'NIP3892', 24, 27, 9, 'Tugas', 83, '2020-02-07', 1, 1),
(2642, 'NIP3893', 24, 27, 9, 'Tugas', 81, '2020-02-07', 1, 1),
(2643, 'NIP3894', 24, 27, 9, 'Tugas', 73, '2020-02-07', 1, 1),
(2644, 'NIP3895', 24, 27, 9, 'Ulangan Harian', 64, '2020-02-07', 1, 1),
(2645, 'NIP3896', 24, 27, 9, 'Praktek', 85, '2020-02-07', 1, 1),
(2646, 'NIP3897', 24, 27, 9, 'UTS', 77, '2020-02-07', 1, 1),
(2647, 'NIP3898', 25, 27, 9, 'Tugas', 55, '2020-02-07', 1, 1),
(2648, 'NIP3899', 25, 27, 9, 'Tugas', 88, '2020-02-07', 1, 1),
(2649, 'NIP3900', 25, 27, 9, 'Tugas', 99, '2020-02-07', 1, 1),
(2650, 'NIP3901', 25, 27, 9, 'Tugas', 65, '2020-02-07', 1, 1),
(2651, 'NIP3902', 25, 27, 9, 'Ulangan Harian', 78, '2020-02-07', 1, 1),
(2652, 'NIP3903', 25, 27, 9, 'Praktek', 65, '2020-02-07', 1, 1),
(2653, 'NIP3904', 25, 27, 9, 'UTS', 86, '2020-02-07', 1, 1),
(2654, 'NIP3905', 6, 27, 9, 'Tugas', 67, '2020-02-07', 1, 1),
(2655, 'NIP3906', 6, 27, 9, 'Tugas', 79, '2020-02-07', 1, 1),
(2656, 'NIP3907', 6, 27, 9, 'Tugas', 67, '2020-02-07', 1, 1),
(2657, 'NIP3908', 6, 27, 9, 'Tugas', 88, '2020-02-07', 1, 1),
(2658, 'NIP3909', 6, 27, 9, 'Ulangan Harian', 96, '2020-02-07', 1, 1),
(2659, 'NIP3910', 6, 27, 9, 'Praktek', 94, '2020-02-07', 1, 1),
(2660, 'NIP3911', 6, 27, 9, 'UTS', 65, '2020-02-07', 1, 1),
(2661, 'NIP3912', 18, 27, 9, 'Tugas', 36, '2020-02-07', 1, 1),
(2662, 'NIP3913', 18, 27, 9, 'Tugas', 78, '2020-02-07', 1, 1),
(2663, 'NIP3914', 18, 27, 9, 'Tugas', 53, '2020-02-07', 1, 1),
(2664, 'NIP3915', 18, 27, 9, 'Tugas', 74, '2020-02-07', 1, 1),
(2665, 'NIP3916', 18, 27, 9, 'Ulangan Harian', 74, '2020-02-07', 1, 1),
(2666, 'NIP3917', 18, 27, 9, 'Praktek', 42, '2020-02-07', 1, 1),
(2667, 'NIP3918', 18, 27, 9, 'UTS', 86, '2020-02-07', 1, 1),
(2668, 'NIP3919', 21, 27, 9, 'Tugas', 82, '2020-02-07', 1, 1),
(2669, 'NIP3920', 21, 27, 9, 'Tugas', 83, '2020-02-07', 1, 1),
(2670, 'NIP3921', 21, 27, 9, 'Tugas', 73, '2020-02-07', 1, 1),
(2671, 'NIP3922', 21, 27, 9, 'Tugas', 92, '2020-02-07', 1, 1),
(2672, 'NIP3923', 21, 27, 9, 'Ulangan Harian', 72, '2020-02-07', 1, 1),
(2673, 'NIP3924', 21, 27, 9, 'Praktek', 63, '2020-02-07', 1, 1),
(2674, 'NIP3925', 21, 27, 9, 'UTS', 72, '2020-02-07', 1, 1),
(2675, 'NIP3926', 7, 27, 9, 'Tugas', 61, '2020-02-07', 1, 1),
(2676, 'NIP3927', 7, 27, 9, 'Tugas', 73, '2020-02-07', 1, 1),
(2677, 'NIP3928', 7, 27, 9, 'Tugas', 73, '2020-02-07', 1, 1),
(2678, 'NIP3929', 7, 27, 9, 'Tugas', 84, '2020-02-07', 1, 1),
(2679, 'NIP3930', 7, 27, 9, 'Ulangan Harian', 45, '2020-02-07', 1, 1),
(2680, 'NIP3931', 7, 27, 9, 'Praktek', 67, '2020-02-07', 1, 1),
(2681, 'NIP3932', 7, 27, 9, 'UTS', 34, '2020-02-07', 1, 1),
(2682, 'NIP3933', 9, 27, 9, 'Tugas', 64, '2020-02-07', 1, 1),
(2683, 'NIP3934', 9, 27, 9, 'Tugas', 65, '2020-02-07', 1, 1),
(2684, 'NIP3935', 9, 27, 9, 'Tugas', 44, '2020-02-07', 1, 1),
(2685, 'NIP3936', 9, 27, 9, 'Tugas', 73, '2020-02-07', 1, 1),
(2686, 'NIP3937', 9, 27, 9, 'Ulangan Harian', 63, '2020-02-07', 1, 1),
(2687, 'NIP3938', 9, 27, 9, 'Praktek', 74, '2020-02-07', 1, 1),
(2688, 'NIP3939', 9, 27, 9, 'UTS', 41, '2020-02-07', 1, 1),
(2689, 'NIP3940', 21, 27, 9, 'Tugas', 78, '2020-02-07', 1, 1),
(2690, 'NIP3941', 21, 27, 9, 'Tugas', 53, '2020-02-07', 1, 1),
(2691, 'NIP3942', 21, 27, 9, 'Tugas', 74, '2020-02-07', 1, 1),
(2692, 'NIP3943', 21, 27, 9, 'Tugas', 74, '2020-02-07', 1, 1),
(2693, 'NIP3944', 21, 27, 9, 'Ulangan Harian', 42, '2020-02-07', 1, 1),
(2694, 'NIP3945', 21, 27, 9, 'Praktek', 86, '2020-02-07', 1, 1),
(2695, 'NIP3946', 21, 27, 9, 'UTS', 82, '2020-02-07', 1, 1),
(2696, 'NIP3940', 21, 27, 9, 'Tugas', 83, '2020-02-07', 1, 1),
(2697, 'NIP3941', 21, 27, 9, 'Tugas', 73, '2020-02-07', 1, 1),
(2698, 'NIP3942', 21, 27, 9, 'Tugas', 46, '2020-02-07', 1, 1),
(2699, 'NIP3943', 21, 27, 9, 'Tugas', 84, '2020-02-07', 1, 1),
(2700, 'NIP3944', 21, 27, 9, 'Ulangan Harian', 54, '2020-02-07', 1, 1),
(2701, 'NIP3945', 21, 27, 9, 'Praktek', 85, '2020-02-07', 1, 1),
(2702, 'NIP3946', 21, 27, 9, 'UTS', 66, '2020-02-07', 1, 1),
(2703, 'NIP3947', 26, 27, 9, 'Tugas', 74, '2020-02-07', 1, 1),
(2704, 'NIP3948', 26, 27, 9, 'Tugas', 85, '2020-02-07', 1, 1),
(2705, 'NIP3949', 26, 27, 9, 'Tugas', 52, '2020-02-07', 1, 1),
(2706, 'NIP3950', 26, 27, 9, 'Tugas', 74, '2020-02-07', 1, 1),
(2707, 'NIP3951', 26, 27, 9, 'Ulangan Harian', 62, '2020-02-07', 1, 1),
(2708, 'NIP3952', 26, 27, 9, 'Praktek', 52, '2020-02-07', 1, 1),
(2709, 'NIP3953', 26, 27, 9, 'UTS', 95, '2020-02-07', 1, 1),
(2710, 'NIP3961', 29, 27, 9, 'Tugas', 53, '2020-02-07', 1, 1),
(2711, 'NIP3962', 29, 27, 9, 'Tugas', 74, '2020-02-07', 1, 1),
(2712, 'NIP3963', 29, 27, 9, 'Tugas', 74, '2020-02-07', 1, 1),
(2713, 'NIP3964', 29, 27, 9, 'Tugas', 85, '2020-02-07', 1, 1),
(2714, 'NIP3965', 29, 27, 9, 'Ulangan Harian', 93, '2020-02-07', 1, 1),
(2715, 'NIP3966', 29, 27, 9, 'Praktek', 53, '2020-02-07', 1, 1),
(2716, 'NIP3967', 29, 27, 9, 'UTS', 52, '2020-02-07', 1, 1),
(2717, 'NIP3807', 1, 28, 9, 'Tugas', 64, '2020-02-07', 1, 1),
(2718, 'NIP3808', 1, 28, 9, 'Tugas', 53, '2020-02-07', 1, 1),
(2719, 'NIP3809', 1, 28, 9, 'Tugas', 74, '2020-02-07', 1, 1),
(2720, 'NIP3810', 1, 28, 9, 'Tugas', 75, '2020-02-07', 1, 1),
(2721, 'NIP3811', 1, 28, 9, 'Ulangan Harian', 53, '2020-02-07', 1, 1),
(2722, 'NIP3812', 1, 28, 9, 'Praktek', 85, '2020-02-07', 1, 1),
(2723, 'NIP3813', 1, 28, 9, 'UTS', 64, '2020-02-07', 1, 1),
(2724, 'NIP3814', 2, 28, 9, 'Tugas', 75, '2020-02-07', 1, 1),
(2725, 'NIP3815', 2, 28, 9, 'Tugas', 64, '2020-02-07', 1, 1),
(2726, 'NIP3816', 2, 28, 9, 'Tugas', 74, '2020-02-07', 1, 1),
(2727, 'NIP3817', 2, 28, 9, 'Tugas', 74, '2020-02-07', 1, 1),
(2728, 'NIP3818', 2, 28, 9, 'Ulangan Harian', 53, '2020-02-07', 1, 1),
(2729, 'NIP3819', 2, 28, 9, 'Praktek', 85, '2020-02-07', 1, 1),
(2730, 'NIP3820', 2, 28, 9, 'UTS', 88, '2020-02-07', 1, 1),
(2731, 'NIP3821', 3, 28, 9, 'Tugas', 45, '2020-02-07', 1, 1),
(2732, 'NIP3822', 3, 28, 9, 'Tugas', 72, '2020-02-07', 1, 1),
(2733, 'NIP3823', 3, 28, 9, 'Tugas', 75, '2020-02-07', 1, 1),
(2734, 'NIP3824', 3, 28, 9, 'Tugas', 94, '2020-02-07', 1, 1),
(2735, 'NIP3825', 3, 28, 9, 'Ulangan Harian', 74, '2020-02-07', 1, 1),
(2736, 'NIP3826', 3, 28, 9, 'Praktek', 75, '2020-02-07', 1, 1),
(2737, 'NIP3827', 3, 28, 9, 'UTS', 53, '2020-02-07', 1, 1),
(2738, 'NIP3828', 14, 28, 9, 'Tugas', 85, '2020-02-07', 1, 1),
(2739, 'NIP3829', 14, 28, 9, 'Tugas', 64, '2020-02-07', 1, 1),
(2740, 'NIP3830', 14, 28, 9, 'Tugas', 75, '2020-02-07', 1, 1),
(2741, 'NIP3831', 14, 28, 9, 'Tugas', 64, '2020-02-07', 1, 1),
(2742, 'NIP3832', 14, 28, 9, 'Ulangan Harian', 74, '2020-02-07', 1, 1),
(2743, 'NIP3833', 14, 28, 9, 'Praktek', 72, '2020-02-07', 1, 1),
(2744, 'NIP3834', 14, 28, 9, 'UTS', 81, '2020-02-07', 1, 1),
(2745, 'NIP3835', 16, 28, 9, 'Tugas', 90, '2020-02-07', 1, 1),
(2746, 'NIP3836', 16, 28, 9, 'Tugas', 95, '2020-02-07', 1, 1),
(2747, 'NIP3837', 16, 28, 9, 'Tugas', 54, '2020-02-07', 1, 1),
(2748, 'NIP3838', 16, 28, 9, 'Tugas', 85, '2020-02-07', 1, 1),
(2749, 'NIP3839', 16, 28, 9, 'Ulangan Harian', 53, '2020-02-07', 1, 1),
(2750, 'NIP3840', 16, 28, 9, 'Praktek', 75, '2020-02-07', 1, 1),
(2751, 'NIP3841', 16, 28, 9, 'UTS', 74, '2020-02-07', 1, 1),
(2752, 'NIP3842', 12, 28, 9, 'Tugas', 46, '2020-02-07', 1, 1),
(2753, 'NIP3843', 12, 28, 9, 'Tugas', 64, '2020-02-07', 1, 1),
(2754, 'NIP3844', 12, 28, 9, 'Tugas', 85, '2020-02-07', 1, 1),
(2755, 'NIP3845', 12, 28, 9, 'Tugas', 66, '2020-02-07', 1, 1),
(2756, 'NIP3846', 12, 28, 9, 'Ulangan Harian', 84, '2020-02-07', 1, 1),
(2757, 'NIP3847', 12, 28, 9, 'Praktek', 65, '2020-02-07', 1, 1),
(2758, 'NIP3848', 12, 28, 9, 'UTS', 75, '2020-02-07', 1, 1),
(2759, 'NIP3849', 19, 28, 9, 'Tugas', 63, '2020-02-07', 1, 1),
(2760, 'NIP3850', 19, 28, 9, 'Tugas', 74, '2020-02-07', 1, 1),
(2761, 'NIP3851', 19, 28, 9, 'Tugas', 52, '2020-02-07', 1, 1),
(2762, 'NIP3852', 19, 28, 9, 'Tugas', 74, '2020-02-07', 1, 1),
(2763, 'NIP3853', 19, 28, 9, 'Ulangan Harian', 62, '2020-02-07', 1, 1),
(2764, 'NIP3854', 19, 28, 9, 'Praktek', 52, '2020-02-07', 1, 1),
(2765, 'NIP3855', 19, 28, 9, 'UTS', 95, '2020-02-07', 1, 1),
(2766, 'NIP3856', 20, 28, 9, 'Tugas', 53, '2020-02-07', 1, 1),
(2767, 'NIP3857', 20, 28, 9, 'Tugas', 74, '2020-02-07', 1, 1),
(2768, 'NIP3858', 20, 28, 9, 'Tugas', 76, '2020-02-07', 1, 1),
(2769, 'NIP3859', 20, 28, 9, 'Tugas', 36, '2020-02-07', 1, 1),
(2770, 'NIP3860', 20, 28, 9, 'Ulangan Harian', 73, '2020-02-07', 1, 1),
(2771, 'NIP3861', 20, 28, 9, 'Praktek', 82, '2020-02-07', 1, 1),
(2772, 'NIP3862', 20, 28, 9, 'UTS', 91, '2020-02-07', 1, 1),
(2773, 'NIP3863', 15, 28, 9, 'Tugas', 78, '2020-02-07', 1, 1),
(2774, 'NIP3864', 15, 28, 9, 'Tugas', 89, '2020-02-07', 1, 1),
(2775, 'NIP3865', 15, 28, 9, 'Tugas', 61, '2020-02-07', 1, 1),
(2776, 'NIP3866', 15, 28, 9, 'Tugas', 67, '2020-02-07', 1, 1),
(2777, 'NIP3867', 15, 28, 9, 'Ulangan Harian', 36, '2020-02-07', 1, 1),
(2778, 'NIP3868', 15, 28, 9, 'Praktek', 75, '2020-02-07', 1, 1),
(2779, 'NIP3869', 15, 28, 9, 'UTS', 63, '2020-02-07', 1, 1),
(2780, 'NIP3870', 17, 28, 9, 'Tugas', 84, '2020-02-07', 1, 1),
(2781, 'NIP3871', 17, 28, 9, 'Tugas', 95, '2020-02-07', 1, 1),
(2782, 'NIP3872', 17, 28, 9, 'Tugas', 66, '2020-02-07', 1, 1),
(2783, 'NIP3873', 17, 28, 9, 'Tugas', 88, '2020-02-07', 1, 1),
(2784, 'NIP3874', 17, 28, 9, 'Ulangan Harian', 55, '2020-02-07', 1, 1),
(2785, 'NIP3875', 17, 28, 9, 'Praktek', 87, '2020-02-07', 1, 1),
(2786, 'NIP3876', 17, 28, 9, 'UTS', 65, '2020-02-07', 1, 1),
(2787, 'NIP3877', 13, 28, 9, 'Tugas', 84, '2020-02-07', 1, 1),
(2788, 'NIP3878', 13, 28, 9, 'Tugas', 83, '2020-02-07', 1, 1),
(2789, 'NIP3879', 13, 28, 9, 'Tugas', 72, '2020-02-07', 1, 1),
(2790, 'NIP3880', 13, 28, 9, 'Tugas', 80, '2020-02-07', 1, 1),
(2791, 'NIP3881', 13, 28, 9, 'Ulangan Harian', 50, '2020-02-07', 1, 1),
(2792, 'NIP3882', 13, 28, 9, 'Praktek', 60, '2020-02-07', 1, 1),
(2793, 'NIP3883', 13, 28, 9, 'UTS', 83, '2020-02-07', 1, 1),
(2794, 'NIP3884', 23, 28, 9, 'Tugas', 77, '2020-02-07', 1, 1),
(2795, 'NIP3885', 23, 28, 9, 'Tugas', 60, '2020-02-07', 1, 1),
(2796, 'NIP3886', 23, 28, 9, 'Tugas', 74, '2020-02-07', 1, 1),
(2797, 'NIP3887', 23, 28, 9, 'Tugas', 89, '2020-02-07', 1, 1),
(2798, 'NIP3888', 23, 28, 9, 'Ulangan Harian', 74, '2020-02-07', 1, 1),
(2799, 'NIP3889', 23, 28, 9, 'Praktek', 70, '2020-02-07', 1, 1),
(2800, 'NIP3890', 23, 28, 9, 'UTS', 66, '2020-02-07', 1, 1),
(2801, 'NIP3891', 24, 28, 9, 'Tugas', 57, '2020-02-07', 1, 1),
(2802, 'NIP3892', 24, 28, 9, 'Tugas', 83, '2020-02-07', 1, 1),
(2803, 'NIP3893', 24, 28, 9, 'Tugas', 81, '2020-02-07', 1, 1),
(2804, 'NIP3894', 24, 28, 9, 'Tugas', 73, '2020-02-07', 1, 1),
(2805, 'NIP3895', 24, 28, 9, 'Ulangan Harian', 64, '2020-02-07', 1, 1),
(2806, 'NIP3896', 24, 28, 9, 'Praktek', 85, '2020-02-07', 1, 1),
(2807, 'NIP3897', 24, 28, 9, 'UTS', 77, '2020-02-07', 1, 1),
(2808, 'NIP3898', 25, 28, 9, 'Tugas', 55, '2020-02-07', 1, 1),
(2809, 'NIP3899', 25, 28, 9, 'Tugas', 45, '2020-02-07', 1, 1),
(2810, 'NIP3900', 25, 28, 9, 'Tugas', 67, '2020-02-07', 1, 1),
(2811, 'NIP3901', 25, 28, 9, 'Tugas', 34, '2020-02-07', 1, 1),
(2812, 'NIP3902', 25, 28, 9, 'Ulangan Harian', 64, '2020-02-07', 1, 1),
(2813, 'NIP3903', 25, 28, 9, 'Praktek', 65, '2020-02-07', 1, 1),
(2814, 'NIP3904', 25, 28, 9, 'UTS', 44, '2020-02-07', 1, 1),
(2815, 'NIP3905', 6, 28, 9, 'Tugas', 73, '2020-02-07', 1, 1),
(2816, 'NIP3906', 6, 28, 9, 'Tugas', 63, '2020-02-07', 1, 1),
(2817, 'NIP3907', 6, 28, 9, 'Tugas', 74, '2020-02-07', 1, 1),
(2818, 'NIP3908', 6, 28, 9, 'Tugas', 41, '2020-02-07', 1, 1),
(2819, 'NIP3909', 6, 28, 9, 'Ulangan Harian', 78, '2020-02-07', 1, 1),
(2820, 'NIP3910', 6, 28, 9, 'Praktek', 53, '2020-02-07', 1, 1),
(2821, 'NIP3911', 6, 28, 9, 'UTS', 74, '2020-02-07', 1, 1),
(2822, 'NIP3912', 18, 28, 9, 'Tugas', 74, '2020-02-07', 1, 1),
(2823, 'NIP3913', 18, 28, 9, 'Tugas', 78, '2020-02-07', 1, 1),
(2824, 'NIP3914', 18, 28, 9, 'Tugas', 53, '2020-02-07', 1, 1),
(2825, 'NIP3915', 18, 28, 9, 'Tugas', 74, '2020-02-07', 1, 1),
(2826, 'NIP3916', 18, 28, 9, 'Ulangan Harian', 74, '2020-02-07', 1, 1),
(2827, 'NIP3917', 18, 28, 9, 'Praktek', 42, '2020-02-07', 1, 1),
(2828, 'NIP3918', 18, 28, 9, 'UTS', 86, '2020-02-07', 1, 1),
(2829, 'NIP3919', 21, 28, 9, 'Tugas', 82, '2020-02-07', 1, 1),
(2830, 'NIP3920', 21, 28, 9, 'Tugas', 83, '2020-02-07', 1, 1),
(2831, 'NIP3921', 21, 28, 9, 'Tugas', 73, '2020-02-07', 1, 1),
(2832, 'NIP3922', 21, 28, 9, 'Tugas', 92, '2020-02-07', 1, 1),
(2833, 'NIP3923', 21, 28, 9, 'Ulangan Harian', 72, '2020-02-07', 1, 1),
(2834, 'NIP3924', 21, 28, 9, 'Praktek', 63, '2020-02-07', 1, 1),
(2835, 'NIP3925', 21, 28, 9, 'UTS', 72, '2020-02-07', 1, 1),
(2836, 'NIP3926', 7, 28, 9, 'Tugas', 61, '2020-02-07', 1, 1),
(2837, 'NIP3927', 7, 28, 9, 'Tugas', 73, '2020-02-07', 1, 1),
(2838, 'NIP3928', 7, 28, 9, 'Tugas', 73, '2020-02-07', 1, 1),
(2839, 'NIP3929', 7, 28, 9, 'Tugas', 84, '2020-02-07', 1, 1),
(2840, 'NIP3930', 7, 28, 9, 'Ulangan Harian', 45, '2020-02-07', 1, 1),
(2841, 'NIP3931', 7, 28, 9, 'Praktek', 67, '2020-02-07', 1, 1),
(2842, 'NIP3932', 7, 28, 9, 'UTS', 34, '2020-02-07', 1, 1),
(2843, 'NIP3933', 9, 28, 9, 'Tugas', 64, '2020-02-07', 1, 1),
(2844, 'NIP3934', 9, 28, 9, 'Tugas', 65, '2020-02-07', 1, 1),
(2845, 'NIP3935', 9, 28, 9, 'Tugas', 44, '2020-02-07', 1, 1),
(2846, 'NIP3936', 9, 28, 9, 'Tugas', 73, '2020-02-07', 1, 1),
(2847, 'NIP3937', 9, 28, 9, 'Ulangan Harian', 63, '2020-02-07', 1, 1),
(2848, 'NIP3938', 9, 28, 9, 'Praktek', 74, '2020-02-07', 1, 1),
(2849, 'NIP3939', 9, 28, 9, 'UTS', 41, '2020-02-07', 1, 1),
(2850, 'NIP3940', 21, 28, 9, 'Tugas', 78, '2020-02-07', 1, 1),
(2851, 'NIP3941', 21, 28, 9, 'Tugas', 53, '2020-02-07', 1, 1),
(2852, 'NIP3942', 21, 28, 9, 'Tugas', 74, '2020-02-07', 1, 1),
(2853, 'NIP3943', 21, 28, 9, 'Tugas', 74, '2020-02-07', 1, 1),
(2854, 'NIP3944', 21, 28, 9, 'Ulangan Harian', 42, '2020-02-07', 1, 1),
(2855, 'NIP3945', 21, 28, 9, 'Praktek', 86, '2020-02-07', 1, 1),
(2856, 'NIP3946', 21, 28, 9, 'UTS', 82, '2020-02-07', 1, 1),
(2857, 'NIP3940', 21, 28, 9, 'Tugas', 83, '2020-02-07', 1, 1),
(2858, 'NIP3941', 21, 28, 9, 'Tugas', 81, '2020-02-07', 1, 1),
(2859, 'NIP3942', 21, 28, 9, 'Tugas', 73, '2020-02-07', 1, 1),
(2860, 'NIP3943', 21, 28, 9, 'Tugas', 64, '2020-02-07', 1, 1),
(2861, 'NIP3944', 21, 28, 9, 'Ulangan Harian', 85, '2020-02-07', 1, 1),
(2862, 'NIP3945', 21, 28, 9, 'Praktek', 77, '2020-02-07', 1, 1),
(2863, 'NIP3946', 21, 28, 9, 'UTS', 55, '2020-02-07', 1, 1),
(2864, 'NIP3947', 26, 28, 9, 'Tugas', 88, '2020-02-07', 1, 1),
(2865, 'NIP3948', 26, 28, 9, 'Tugas', 99, '2020-02-07', 1, 1),
(2866, 'NIP3949', 26, 28, 9, 'Tugas', 65, '2020-02-07', 1, 1),
(2867, 'NIP3950', 26, 28, 9, 'Tugas', 74, '2020-02-07', 1, 1),
(2868, 'NIP3951', 26, 28, 9, 'Ulangan Harian', 74, '2020-02-07', 1, 1),
(2869, 'NIP3952', 26, 28, 9, 'Praktek', 53, '2020-02-07', 1, 1),
(2870, 'NIP3953', 26, 28, 9, 'UTS', 53, '2020-02-07', 1, 1),
(2871, 'NIP3961', 29, 28, 9, 'Tugas', 85, '2020-02-07', 1, 1),
(2872, 'NIP3962', 29, 28, 9, 'Tugas', 88, '2020-02-07', 1, 1),
(2873, 'NIP3963', 29, 28, 9, 'Tugas', 45, '2020-02-07', 1, 1),
(2874, 'NIP3964', 29, 28, 9, 'Tugas', 72, '2020-02-07', 1, 1),
(2875, 'NIP3965', 29, 28, 9, 'Ulangan Harian', 75, '2020-02-07', 1, 1),
(2876, 'NIP3966', 29, 28, 9, 'Praktek', 94, '2020-02-07', 1, 1),
(2877, 'NIP3967', 29, 28, 9, 'UTS', 74, '2020-02-07', 1, 1),
(2878, 'NIP3807', 1, 30, 9, 'Tugas', 70, '2020-02-07', 1, 1),
(2879, 'NIP3808', 1, 30, 9, 'Tugas', 80, '2020-02-07', 1, 1),
(2880, 'NIP3809', 1, 30, 9, 'Tugas', 75, '2020-02-07', 1, 1),
(2881, 'NIP3810', 1, 30, 9, 'Tugas', 90, '2020-02-07', 1, 1),
(2882, 'NIP3811', 1, 30, 9, 'Ulangan Harian', 50, '2020-02-07', 1, 1),
(2883, 'NIP3812', 1, 30, 9, 'Praktek', 90, '2020-02-07', 1, 1),
(2884, 'NIP3813', 1, 30, 9, 'UTS', 85, '2020-02-07', 1, 1),
(2885, 'NIP3814', 2, 30, 9, 'Tugas', 70, '2020-02-07', 1, 1),
(2886, 'NIP3815', 2, 30, 9, 'Tugas', 80, '2020-02-07', 1, 1),
(2887, 'NIP3816', 2, 30, 9, 'Tugas', 75, '2020-02-07', 1, 1),
(2888, 'NIP3817', 2, 30, 9, 'Tugas', 90, '2020-02-07', 1, 1),
(2889, 'NIP3818', 2, 30, 9, 'Ulangan Harian', 50, '2020-02-07', 1, 1),
(2890, 'NIP3819', 2, 30, 9, 'Praktek', 90, '2020-02-07', 1, 1),
(2891, 'NIP3820', 2, 30, 9, 'UTS', 85, '2020-02-07', 1, 1),
(2892, 'NIP3821', 3, 30, 9, 'Tugas', 70, '2020-02-07', 1, 1),
(2893, 'NIP3822', 3, 30, 9, 'Tugas', 80, '2020-02-07', 1, 1),
(2894, 'NIP3823', 3, 30, 9, 'Tugas', 75, '2020-02-07', 1, 1),
(2895, 'NIP3824', 3, 30, 9, 'Tugas', 90, '2020-02-07', 1, 1),
(2896, 'NIP3825', 3, 30, 9, 'Ulangan Harian', 50, '2020-02-07', 1, 1),
(2897, 'NIP3826', 3, 30, 9, 'Praktek', 90, '2020-02-07', 1, 1),
(2898, 'NIP3827', 3, 30, 9, 'UTS', 85, '2020-02-07', 1, 1),
(2899, 'NIP3828', 14, 30, 9, 'Tugas', 70, '2020-02-07', 1, 1),
(2900, 'NIP3829', 14, 30, 9, 'Tugas', 80, '2020-02-07', 1, 1),
(2901, 'NIP3830', 14, 30, 9, 'Tugas', 75, '2020-02-07', 1, 1),
(2902, 'NIP3831', 14, 30, 9, 'Tugas', 90, '2020-02-07', 1, 1),
(2903, 'NIP3832', 14, 30, 9, 'Ulangan Harian', 50, '2020-02-07', 1, 1),
(2904, 'NIP3833', 14, 30, 9, 'Praktek', 90, '2020-02-07', 1, 1),
(2905, 'NIP3834', 14, 30, 9, 'UTS', 85, '2020-02-07', 1, 1),
(2906, 'NIP3835', 16, 30, 9, 'Tugas', 70, '2020-02-07', 1, 1),
(2907, 'NIP3836', 16, 30, 9, 'Tugas', 80, '2020-02-07', 1, 1),
(2908, 'NIP3837', 16, 30, 9, 'Tugas', 75, '2020-02-07', 1, 1),
(2909, 'NIP3838', 16, 30, 9, 'Tugas', 90, '2020-02-07', 1, 1),
(2910, 'NIP3839', 16, 30, 9, 'Ulangan Harian', 50, '2020-02-07', 1, 1),
(2911, 'NIP3840', 16, 30, 9, 'Praktek', 90, '2020-02-07', 1, 1),
(2912, 'NIP3841', 16, 30, 9, 'UTS', 85, '2020-02-07', 1, 1),
(2913, 'NIP3842', 12, 30, 9, 'Tugas', 70, '2020-02-07', 1, 1),
(2914, 'NIP3843', 12, 30, 9, 'Tugas', 80, '2020-02-07', 1, 1),
(2915, 'NIP3844', 12, 30, 9, 'Tugas', 75, '2020-02-07', 1, 1),
(2916, 'NIP3845', 12, 30, 9, 'Tugas', 90, '2020-02-07', 1, 1),
(2917, 'NIP3846', 12, 30, 9, 'Ulangan Harian', 50, '2020-02-07', 1, 1),
(2918, 'NIP3847', 12, 30, 9, 'Praktek', 90, '2020-02-07', 1, 1),
(2919, 'NIP3848', 12, 30, 9, 'UTS', 85, '2020-02-07', 1, 1),
(2920, 'NIP3849', 19, 30, 9, 'Tugas', 70, '2020-02-07', 1, 1),
(2921, 'NIP3850', 19, 30, 9, 'Tugas', 80, '2020-02-07', 1, 1),
(2922, 'NIP3851', 19, 30, 9, 'Tugas', 75, '2020-02-07', 1, 1),
(2923, 'NIP3852', 19, 30, 9, 'Tugas', 90, '2020-02-07', 1, 1),
(2924, 'NIP3853', 19, 30, 9, 'Ulangan Harian', 50, '2020-02-07', 1, 1),
(2925, 'NIP3854', 19, 30, 9, 'Praktek', 90, '2020-02-07', 1, 1),
(2926, 'NIP3855', 19, 30, 9, 'UTS', 85, '2020-02-07', 1, 1),
(2927, 'NIP3856', 20, 30, 9, 'Tugas', 70, '2020-02-07', 1, 1),
(2928, 'NIP3857', 20, 30, 9, 'Tugas', 80, '2020-02-07', 1, 1),
(2929, 'NIP3858', 20, 30, 9, 'Tugas', 75, '2020-02-07', 1, 1),
(2930, 'NIP3859', 20, 30, 9, 'Tugas', 90, '2020-02-07', 1, 1),
(2931, 'NIP3860', 20, 30, 9, 'Ulangan Harian', 50, '2020-02-07', 1, 1),
(2932, 'NIP3861', 20, 30, 9, 'Praktek', 90, '2020-02-07', 1, 1),
(2933, 'NIP3862', 20, 30, 9, 'UTS', 85, '2020-02-07', 1, 1),
(2934, 'NIP3863', 15, 30, 9, 'Tugas', 70, '2020-02-07', 1, 1),
(2935, 'NIP3864', 15, 30, 9, 'Tugas', 80, '2020-02-07', 1, 1),
(2936, 'NIP3865', 15, 30, 9, 'Tugas', 75, '2020-02-07', 1, 1),
(2937, 'NIP3866', 15, 30, 9, 'Tugas', 90, '2020-02-07', 1, 1),
(2938, 'NIP3867', 15, 30, 9, 'Ulangan Harian', 50, '2020-02-07', 1, 1),
(2939, 'NIP3868', 15, 30, 9, 'Praktek', 90, '2020-02-07', 1, 1),
(2940, 'NIP3869', 15, 30, 9, 'UTS', 85, '2020-02-07', 1, 1),
(2941, 'NIP3870', 17, 30, 9, 'Tugas', 70, '2020-02-07', 1, 1),
(2942, 'NIP3871', 17, 30, 9, 'Tugas', 80, '2020-02-07', 1, 1),
(2943, 'NIP3872', 17, 30, 9, 'Tugas', 75, '2020-02-07', 1, 1),
(2944, 'NIP3873', 17, 30, 9, 'Tugas', 90, '2020-02-07', 1, 1),
(2945, 'NIP3874', 17, 30, 9, 'Ulangan Harian', 50, '2020-02-07', 1, 1),
(2946, 'NIP3875', 17, 30, 9, 'Praktek', 90, '2020-02-07', 1, 1),
(2947, 'NIP3876', 17, 30, 9, 'UTS', 85, '2020-02-07', 1, 1),
(2948, 'NIP3877', 13, 30, 9, 'Tugas', 70, '2020-02-07', 1, 1),
(2949, 'NIP3878', 13, 30, 9, 'Tugas', 80, '2020-02-07', 1, 1),
(2950, 'NIP3879', 13, 30, 9, 'Tugas', 75, '2020-02-07', 1, 1),
(2951, 'NIP3880', 13, 30, 9, 'Tugas', 90, '2020-02-07', 1, 1),
(2952, 'NIP3881', 13, 30, 9, 'Ulangan Harian', 50, '2020-02-07', 1, 1),
(2953, 'NIP3882', 13, 30, 9, 'Praktek', 90, '2020-02-07', 1, 1),
(2954, 'NIP3883', 13, 30, 9, 'UTS', 85, '2020-02-07', 1, 1),
(2955, 'NIP3884', 23, 30, 9, 'Tugas', 70, '2020-02-07', 1, 1),
(2956, 'NIP3885', 23, 30, 9, 'Tugas', 80, '2020-02-07', 1, 1),
(2957, 'NIP3886', 23, 30, 9, 'Tugas', 75, '2020-02-07', 1, 1),
(2958, 'NIP3887', 23, 30, 9, 'Tugas', 90, '2020-02-07', 1, 1),
(2959, 'NIP3888', 23, 30, 9, 'Ulangan Harian', 50, '2020-02-07', 1, 1),
(2960, 'NIP3889', 23, 30, 9, 'Praktek', 90, '2020-02-07', 1, 1),
(2961, 'NIP3890', 23, 30, 9, 'UTS', 85, '2020-02-07', 1, 1),
(2962, 'NIP3891', 24, 30, 9, 'Tugas', 70, '2020-02-07', 1, 1),
(2963, 'NIP3892', 24, 30, 9, 'Tugas', 80, '2020-02-07', 1, 1),
(2964, 'NIP3893', 24, 30, 9, 'Tugas', 75, '2020-02-07', 1, 1),
(2965, 'NIP3894', 24, 30, 9, 'Tugas', 90, '2020-02-07', 1, 1),
(2966, 'NIP3895', 24, 30, 9, 'Ulangan Harian', 50, '2020-02-07', 1, 1),
(2967, 'NIP3896', 24, 30, 9, 'Praktek', 90, '2020-02-07', 1, 1),
(2968, 'NIP3897', 24, 30, 9, 'UTS', 85, '2020-02-07', 1, 1),
(2969, 'NIP3898', 25, 30, 9, 'Tugas', 70, '2020-02-07', 1, 1),
(2970, 'NIP3899', 25, 30, 9, 'Tugas', 80, '2020-02-07', 1, 1),
(2971, 'NIP3900', 25, 30, 9, 'Tugas', 75, '2020-02-07', 1, 1),
(2972, 'NIP3901', 25, 30, 9, 'Tugas', 90, '2020-02-07', 1, 1),
(2973, 'NIP3902', 25, 30, 9, 'Ulangan Harian', 50, '2020-02-07', 1, 1),
(2974, 'NIP3903', 25, 30, 9, 'Praktek', 90, '2020-02-07', 1, 1),
(2975, 'NIP3904', 25, 30, 9, 'UTS', 85, '2020-02-07', 1, 1),
(2976, 'NIP3905', 6, 30, 9, 'Tugas', 70, '2020-02-07', 1, 1),
(2977, 'NIP3906', 6, 30, 9, 'Tugas', 80, '2020-02-07', 1, 1),
(2978, 'NIP3907', 6, 30, 9, 'Tugas', 75, '2020-02-07', 1, 1),
(2979, 'NIP3908', 6, 30, 9, 'Tugas', 90, '2020-02-07', 1, 1),
(2980, 'NIP3909', 6, 30, 9, 'Ulangan Harian', 50, '2020-02-07', 1, 1),
(2981, 'NIP3910', 6, 30, 9, 'Praktek', 90, '2020-02-07', 1, 1),
(2982, 'NIP3911', 6, 30, 9, 'UTS', 85, '2020-02-07', 1, 1),
(2983, 'NIP3912', 18, 30, 9, 'Tugas', 70, '2020-02-07', 1, 1),
(2984, 'NIP3913', 18, 30, 9, 'Tugas', 80, '2020-02-07', 1, 1),
(2985, 'NIP3914', 18, 30, 9, 'Tugas', 75, '2020-02-07', 1, 1),
(2986, 'NIP3915', 18, 30, 9, 'Tugas', 90, '2020-02-07', 1, 1),
(2987, 'NIP3916', 18, 30, 9, 'Ulangan Harian', 50, '2020-02-07', 1, 1),
(2988, 'NIP3917', 18, 30, 9, 'Praktek', 90, '2020-02-07', 1, 1),
(2989, 'NIP3918', 18, 30, 9, 'UTS', 85, '2020-02-07', 1, 1),
(2990, 'NIP3919', 21, 30, 9, 'Tugas', 70, '2020-02-07', 1, 1),
(2991, 'NIP3920', 21, 30, 9, 'Tugas', 80, '2020-02-07', 1, 1),
(2992, 'NIP3921', 21, 30, 9, 'Tugas', 75, '2020-02-07', 1, 1),
(2993, 'NIP3922', 21, 30, 9, 'Tugas', 90, '2020-02-07', 1, 1),
(2994, 'NIP3923', 21, 30, 9, 'Ulangan Harian', 50, '2020-02-07', 1, 1),
(2995, 'NIP3924', 21, 30, 9, 'Praktek', 90, '2020-02-07', 1, 1),
(2996, 'NIP3925', 21, 30, 9, 'UTS', 85, '2020-02-07', 1, 1),
(2997, 'NIP3926', 7, 30, 9, 'Tugas', 70, '2020-02-07', 1, 1),
(2998, 'NIP3927', 7, 30, 9, 'Tugas', 80, '2020-02-07', 1, 1),
(2999, 'NIP3928', 7, 30, 9, 'Tugas', 75, '2020-02-07', 1, 1),
(3000, 'NIP3929', 7, 30, 9, 'Tugas', 90, '2020-02-07', 1, 1),
(3001, 'NIP3930', 7, 30, 9, 'Ulangan Harian', 50, '2020-02-07', 1, 1),
(3002, 'NIP3931', 7, 30, 9, 'Praktek', 90, '2020-02-07', 1, 1),
(3003, 'NIP3932', 7, 30, 9, 'UTS', 85, '2020-02-07', 1, 1),
(3004, 'NIP3933', 9, 30, 9, 'Tugas', 70, '2020-02-07', 1, 1),
(3005, 'NIP3934', 9, 30, 9, 'Tugas', 80, '2020-02-07', 1, 1),
(3006, 'NIP3935', 9, 30, 9, 'Tugas', 75, '2020-02-07', 1, 1),
(3007, 'NIP3936', 9, 30, 9, 'Tugas', 90, '2020-02-07', 1, 1),
(3008, 'NIP3937', 9, 30, 9, 'Ulangan Harian', 50, '2020-02-07', 1, 1),
(3009, 'NIP3938', 9, 30, 9, 'Praktek', 90, '2020-02-07', 1, 1),
(3010, 'NIP3939', 9, 30, 9, 'UTS', 85, '2020-02-07', 1, 1),
(3011, 'NIP3940', 21, 30, 9, 'Tugas', 70, '2020-02-07', 1, 1),
(3012, 'NIP3941', 21, 30, 9, 'Tugas', 80, '2020-02-07', 1, 1),
(3013, 'NIP3942', 21, 30, 9, 'Tugas', 75, '2020-02-07', 1, 1),
(3014, 'NIP3943', 21, 30, 9, 'Tugas', 90, '2020-02-07', 1, 1),
(3015, 'NIP3944', 21, 30, 9, 'Ulangan Harian', 50, '2020-02-07', 1, 1),
(3016, 'NIP3945', 21, 30, 9, 'Praktek', 90, '2020-02-07', 1, 1),
(3017, 'NIP3946', 21, 30, 9, 'UTS', 85, '2020-02-07', 1, 1),
(3018, 'NIP3947', 26, 30, 9, 'Tugas', 70, '2020-02-07', 1, 1),
(3019, 'NIP3948', 26, 30, 9, 'Tugas', 60, '2020-02-07', 1, 1),
(3020, 'NIP3949', 26, 30, 9, 'Tugas', 80, '2020-02-07', 1, 1),
(3021, 'NIP3950', 26, 30, 9, 'Tugas', 90, '2020-02-07', 1, 1),
(3022, 'NIP3951', 26, 30, 9, 'Ulangan Harian', 77, '2020-02-07', 1, 1),
(3023, 'NIP3952', 26, 30, 9, 'Praktek', 83, '2020-02-07', 1, 1),
(3024, 'NIP3953', 26, 30, 9, 'UTS', 66, '2020-02-07', 1, 1),
(3025, 'NIP3961', 29, 30, 9, 'Tugas', 84, '2020-02-07', 1, 1),
(3026, 'NIP3962', 29, 30, 9, 'Tugas', 85, '2020-02-07', 1, 1),
(3027, 'NIP3963', 29, 30, 9, 'Tugas', 96, '2020-02-07', 1, 1),
(3028, 'NIP3964', 29, 30, 9, 'Tugas', 75, '2020-02-07', 1, 1),
(3029, 'NIP3965', 29, 30, 9, 'Ulangan Harian', 64, '2020-02-07', 1, 1),
(3030, 'NIP3966', 29, 30, 9, 'Praktek', 69, '2020-02-07', 1, 1),
(3031, 'NIP3967', 29, 30, 9, 'UTS', 77, '2020-02-07', 1, 1),
(3032, 'NIP3807', 1, 31, 10, 'Tugas', 86, '2020-02-07', 1, 1),
(3033, 'NIP3808', 1, 31, 10, 'Tugas', 77, '2020-02-07', 1, 1),
(3034, 'NIP3809', 1, 31, 10, 'Tugas', 60, '2020-02-07', 1, 1),
(3035, 'NIP3810', 1, 31, 10, 'Tugas', 89, '2020-02-07', 1, 1),
(3036, 'NIP3811', 1, 31, 10, 'Ulangan Harian', 94, '2020-02-07', 1, 1),
(3037, 'NIP3812', 1, 31, 10, 'Praktek', 56, '2020-02-07', 1, 1),
(3038, 'NIP3813', 1, 31, 10, 'UTS', 74, '2020-02-07', 1, 1),
(3039, 'NIP3814', 2, 31, 10, 'Tugas', 72, '2020-02-07', 1, 1),
(3040, 'NIP3815', 2, 31, 10, 'Tugas', 81, '2020-02-07', 1, 1),
(3041, 'NIP3816', 2, 31, 10, 'Tugas', 90, '2020-02-07', 1, 1),
(3042, 'NIP3817', 2, 31, 10, 'Tugas', 95, '2020-02-07', 1, 1),
(3043, 'NIP3818', 2, 31, 10, 'Ulangan Harian', 99, '2020-02-07', 1, 1),
(3044, 'NIP3819', 2, 31, 10, 'Praktek', 45, '2020-02-07', 1, 1),
(3045, 'NIP3820', 2, 31, 10, 'UTS', 67, '2020-02-07', 1, 1),
(3046, 'NIP3821', 3, 31, 10, 'Tugas', 75, '2020-02-07', 1, 1),
(3047, 'NIP3822', 3, 31, 10, 'Tugas', 88, '2020-02-07', 1, 1),
(3048, 'NIP3823', 3, 31, 10, 'Tugas', 54, '2020-02-07', 1, 1),
(3049, 'NIP3824', 3, 31, 10, 'Tugas', 96, '2020-02-07', 1, 1),
(3050, 'NIP3825', 3, 31, 10, 'Ulangan Harian', 85, '2020-02-07', 1, 1),
(3051, 'NIP3826', 3, 31, 10, 'Praktek', 89, '2020-02-07', 1, 1),
(3052, 'NIP3827', 3, 31, 10, 'UTS', 54, '2020-02-07', 1, 1),
(3053, 'NIP3828', 14, 31, 10, 'Tugas', 76, '2020-02-07', 1, 1),
(3054, 'NIP3829', 14, 31, 10, 'Tugas', 54, '2020-02-07', 1, 1),
(3055, 'NIP3830', 14, 31, 10, 'Tugas', 45, '2020-02-07', 1, 1),
(3056, 'NIP3831', 14, 31, 10, 'Tugas', 86, '2020-02-07', 1, 1),
(3057, 'NIP3832', 14, 31, 10, 'Ulangan Harian', 58, '2020-02-07', 1, 1),
(3058, 'NIP3833', 14, 31, 10, 'Praktek', 69, '2020-02-07', 1, 1),
(3059, 'NIP3834', 14, 31, 10, 'UTS', 58, '2020-02-07', 1, 1),
(3060, 'NIP3835', 16, 31, 10, 'Tugas', 63, '2020-02-07', 1, 1),
(3061, 'NIP3836', 16, 31, 10, 'Tugas', 83, '2020-02-07', 1, 1),
(3062, 'NIP3837', 16, 31, 10, 'Tugas', 77, '2020-02-07', 1, 1),
(3063, 'NIP3838', 16, 31, 10, 'Tugas', 74, '2020-02-07', 1, 1),
(3064, 'NIP3839', 16, 31, 10, 'Ulangan Harian', 84, '2020-02-07', 1, 1),
(3065, 'NIP3840', 16, 31, 10, 'Praktek', 64, '2020-02-07', 1, 1),
(3066, 'NIP3841', 16, 31, 10, 'UTS', 73, '2020-02-07', 1, 1),
(3067, 'NIP3842', 12, 31, 10, 'Tugas', 82, '2020-02-07', 1, 1),
(3068, 'NIP3843', 12, 31, 10, 'Tugas', 91, '2020-02-07', 1, 1),
(3069, 'NIP3844', 12, 31, 10, 'Tugas', 78, '2020-02-07', 1, 1),
(3070, 'NIP3845', 12, 31, 10, 'Tugas', 89, '2020-02-07', 1, 1),
(3071, 'NIP3846', 12, 31, 10, 'Ulangan Harian', 67, '2020-02-07', 1, 1),
(3072, 'NIP3847', 12, 31, 10, 'Praktek', 76, '2020-02-07', 1, 1),
(3073, 'NIP3848', 12, 31, 10, 'UTS', 87, '2020-02-07', 1, 1),
(3074, 'NIP3849', 19, 31, 10, 'Tugas', 98, '2020-02-07', 1, 1),
(3075, 'NIP3850', 19, 31, 10, 'Tugas', 65, '2020-02-07', 1, 1),
(3076, 'NIP3851', 19, 31, 10, 'Tugas', 67, '2020-02-07', 1, 1),
(3077, 'NIP3852', 19, 31, 10, 'Tugas', 85, '2020-02-07', 1, 1),
(3078, 'NIP3853', 19, 31, 10, 'Ulangan Harian', 86, '2020-02-07', 1, 1),
(3079, 'NIP3854', 19, 31, 10, 'Praktek', 71, '2020-02-07', 1, 1),
(3080, 'NIP3855', 19, 31, 10, 'UTS', 81, '2020-02-07', 1, 1),
(3081, 'NIP3856', 20, 31, 10, 'Tugas', 91, '2020-02-07', 1, 1),
(3082, 'NIP3857', 20, 31, 10, 'Tugas', 61, '2020-02-07', 1, 1),
(3083, 'NIP3858', 20, 31, 10, 'Tugas', 67, '2020-02-07', 1, 1),
(3084, 'NIP3859', 20, 31, 10, 'Tugas', 65, '2020-02-07', 1, 1),
(3085, 'NIP3860', 20, 31, 10, 'Ulangan Harian', 85, '2020-02-07', 1, 1),
(3086, 'NIP3861', 20, 31, 10, 'Praktek', 94, '2020-02-07', 1, 1),
(3087, 'NIP3862', 20, 31, 10, 'UTS', 75, '2020-02-07', 1, 1),
(3088, 'NIP3863', 15, 31, 10, 'Tugas', 63, '2020-02-07', 1, 1),
(3089, 'NIP3864', 15, 31, 10, 'Tugas', 85, '2020-02-07', 1, 1),
(3090, 'NIP3865', 15, 31, 10, 'Tugas', 64, '2020-02-07', 1, 1),
(3091, 'NIP3866', 15, 31, 10, 'Tugas', 99, '2020-02-07', 1, 1),
(3092, 'NIP3867', 15, 31, 10, 'Ulangan Harian', 92, '2020-02-07', 1, 1),
(3093, 'NIP3868', 15, 31, 10, 'Praktek', 75, '2020-02-07', 1, 1),
(3094, 'NIP3869', 15, 31, 10, 'UTS', 63, '2020-02-07', 1, 1),
(3095, 'NIP3870', 17, 31, 10, 'Tugas', 84, '2020-02-07', 1, 1),
(3096, 'NIP3871', 17, 31, 10, 'Tugas', 95, '2020-02-07', 1, 1),
(3097, 'NIP3872', 17, 31, 10, 'Tugas', 66, '2020-02-07', 1, 1),
(3098, 'NIP3873', 17, 31, 10, 'Tugas', 88, '2020-02-07', 1, 1),
(3099, 'NIP3874', 17, 31, 10, 'Ulangan Harian', 55, '2020-02-07', 1, 1),
(3100, 'NIP3875', 17, 31, 10, 'Praktek', 87, '2020-02-07', 1, 1),
(3101, 'NIP3876', 17, 31, 10, 'UTS', 65, '2020-02-07', 1, 1),
(3102, 'NIP3877', 13, 31, 10, 'Tugas', 84, '2020-02-07', 1, 1),
(3103, 'NIP3878', 13, 31, 10, 'Tugas', 83, '2020-02-07', 1, 1),
(3104, 'NIP3879', 13, 31, 10, 'Tugas', 72, '2020-02-07', 1, 1),
(3105, 'NIP3880', 13, 31, 10, 'Tugas', 80, '2020-02-07', 1, 1),
(3106, 'NIP3881', 13, 31, 10, 'Ulangan Harian', 50, '2020-02-07', 1, 1),
(3107, 'NIP3882', 13, 31, 10, 'Praktek', 60, '2020-02-07', 1, 1),
(3108, 'NIP3883', 13, 31, 10, 'UTS', 83, '2020-02-07', 1, 1),
(3109, 'NIP3884', 23, 31, 10, 'Tugas', 77, '2020-02-07', 1, 1),
(3110, 'NIP3885', 23, 31, 10, 'Tugas', 70, '2020-02-07', 1, 1),
(3111, 'NIP3886', 23, 31, 10, 'Tugas', 60, '2020-02-07', 1, 1),
(3112, 'NIP3887', 23, 31, 10, 'Tugas', 67, '2020-02-07', 1, 1),
(3113, 'NIP3888', 23, 31, 10, 'Ulangan Harian', 84, '2020-02-07', 1, 1),
(3114, 'NIP3889', 23, 31, 10, 'Praktek', 73, '2020-02-07', 1, 1),
(3115, 'NIP3890', 23, 31, 10, 'UTS', 88, '2020-02-07', 1, 1),
(3116, 'NIP3891', 24, 31, 10, 'Tugas', 74, '2020-02-07', 1, 1),
(3117, 'NIP3892', 24, 31, 10, 'Tugas', 92, '2020-02-07', 1, 1),
(3118, 'NIP3893', 24, 31, 10, 'Tugas', 81, '2020-02-07', 1, 1),
(3119, 'NIP3894', 24, 31, 10, 'Tugas', 73, '2020-02-07', 1, 1),
(3120, 'NIP3895', 24, 31, 10, 'Ulangan Harian', 64, '2020-02-07', 1, 1),
(3121, 'NIP3896', 24, 31, 10, 'Praktek', 85, '2020-02-07', 1, 1),
(3122, 'NIP3897', 24, 31, 10, 'UTS', 77, '2020-02-07', 1, 1),
(3123, 'NIP3898', 25, 31, 10, 'Tugas', 55, '2020-02-07', 1, 1),
(3124, 'NIP3899', 25, 31, 10, 'Tugas', 88, '2020-02-07', 1, 1),
(3125, 'NIP3900', 25, 31, 10, 'Tugas', 99, '2020-02-07', 1, 1),
(3126, 'NIP3901', 25, 31, 10, 'Tugas', 65, '2020-02-07', 1, 1),
(3127, 'NIP3902', 25, 31, 10, 'Ulangan Harian', 78, '2020-02-07', 1, 1),
(3128, 'NIP3903', 25, 31, 10, 'Praktek', 65, '2020-02-07', 1, 1),
(3129, 'NIP3904', 25, 31, 10, 'UTS', 86, '2020-02-07', 1, 1),
(3130, 'NIP3905', 6, 31, 10, 'Tugas', 67, '2020-02-07', 1, 1),
(3131, 'NIP3906', 6, 31, 10, 'Tugas', 79, '2020-02-07', 1, 1),
(3132, 'NIP3907', 6, 31, 10, 'Tugas', 67, '2020-02-07', 1, 1),
(3133, 'NIP3908', 6, 31, 10, 'Tugas', 88, '2020-02-07', 1, 1),
(3134, 'NIP3909', 6, 31, 10, 'Ulangan Harian', 96, '2020-02-07', 1, 1),
(3135, 'NIP3910', 6, 31, 10, 'Praktek', 94, '2020-02-07', 1, 1),
(3136, 'NIP3911', 6, 31, 10, 'UTS', 65, '2020-02-07', 1, 1),
(3137, 'NIP3912', 18, 31, 10, 'Tugas', 36, '2020-02-07', 1, 1),
(3138, 'NIP3913', 18, 31, 10, 'Tugas', 78, '2020-02-07', 1, 1),
(3139, 'NIP3914', 18, 31, 10, 'Tugas', 64, '2020-02-07', 1, 1),
(3140, 'NIP3915', 18, 31, 10, 'Tugas', 68, '2020-02-07', 1, 1),
(3141, 'NIP3916', 18, 31, 10, 'Ulangan Harian', 86, '2020-02-07', 1, 1),
(3142, 'NIP3917', 18, 31, 10, 'Praktek', 57, '2020-02-07', 1, 1),
(3143, 'NIP3918', 18, 31, 10, 'UTS', 86, '2020-02-07', 1, 1),
(3144, 'NIP3919', 21, 31, 10, 'Tugas', 82, '2020-02-07', 1, 1),
(3145, 'NIP3920', 21, 31, 10, 'Tugas', 83, '2020-02-07', 1, 1),
(3146, 'NIP3921', 21, 31, 10, 'Tugas', 73, '2020-02-07', 1, 1),
(3147, 'NIP3922', 21, 31, 10, 'Tugas', 92, '2020-02-07', 1, 1),
(3148, 'NIP3923', 21, 31, 10, 'Ulangan Harian', 72, '2020-02-07', 1, 1),
(3149, 'NIP3924', 21, 31, 10, 'Praktek', 63, '2020-02-07', 1, 1),
(3150, 'NIP3925', 21, 31, 10, 'UTS', 72, '2020-02-07', 1, 1),
(3151, 'NIP3926', 7, 31, 10, 'Tugas', 61, '2020-02-07', 1, 1),
(3152, 'NIP3927', 7, 31, 10, 'Tugas', 73, '2020-02-07', 1, 1),
(3153, 'NIP3928', 7, 31, 10, 'Tugas', 73, '2020-02-07', 1, 1),
(3154, 'NIP3929', 7, 31, 10, 'Tugas', 84, '2020-02-07', 1, 1),
(3155, 'NIP3930', 7, 31, 10, 'Ulangan Harian', 45, '2020-02-07', 1, 1),
(3156, 'NIP3931', 7, 31, 10, 'Praktek', 67, '2020-02-07', 1, 1),
(3157, 'NIP3932', 7, 31, 10, 'UTS', 34, '2020-02-07', 1, 1),
(3158, 'NIP3933', 9, 31, 10, 'Tugas', 64, '2020-02-07', 1, 1),
(3159, 'NIP3934', 9, 31, 10, 'Tugas', 65, '2020-02-07', 1, 1),
(3160, 'NIP3935', 9, 31, 10, 'Tugas', 44, '2020-02-07', 1, 1),
(3161, 'NIP3936', 9, 31, 10, 'Tugas', 73, '2020-02-07', 1, 1),
(3162, 'NIP3937', 9, 31, 10, 'Ulangan Harian', 53, '2020-02-07', 1, 1),
(3163, 'NIP3938', 9, 31, 10, 'Praktek', 74, '2020-02-07', 1, 1),
(3164, 'NIP3939', 9, 31, 10, 'UTS', 42, '2020-02-07', 1, 1),
(3165, 'NIP3940', 21, 31, 10, 'Tugas', 54, '2020-02-07', 1, 1),
(3166, 'NIP3941', 21, 31, 10, 'Tugas', 75, '2020-02-07', 1, 1),
(3167, 'NIP3942', 21, 31, 10, 'Tugas', 74, '2020-02-07', 1, 1),
(3168, 'NIP3943', 21, 31, 10, 'Tugas', 57, '2020-02-07', 1, 1),
(3169, 'NIP3944', 21, 31, 10, 'Ulangan Harian', 35, '2020-02-07', 1, 1),
(3170, 'NIP3945', 21, 31, 10, 'Praktek', 84, '2020-02-07', 1, 1),
(3171, 'NIP3946', 21, 31, 10, 'UTS', 66, '2020-02-07', 1, 1),
(3172, 'NIP3940', 21, 31, 10, 'Tugas', 45, '2020-02-07', 1, 1),
(3173, 'NIP3941', 21, 31, 10, 'Tugas', 85, '2020-02-07', 1, 1),
(3174, 'NIP3942', 21, 31, 10, 'Tugas', 74, '2020-02-07', 1, 1),
(3175, 'NIP3943', 21, 31, 10, 'Tugas', 96, '2020-02-07', 1, 1),
(3176, 'NIP3944', 21, 31, 10, 'Ulangan Harian', 54, '2020-02-07', 1, 1),
(3177, 'NIP3945', 21, 31, 10, 'Praktek', 85, '2020-02-07', 1, 1),
(3178, 'NIP3946', 21, 31, 10, 'UTS', 66, '2020-02-07', 1, 1),
(3179, 'NIP3947', 26, 31, 10, 'Tugas', 74, '2020-02-07', 1, 1),
(3180, 'NIP3948', 26, 31, 10, 'Tugas', 85, '2020-02-07', 1, 1),
(3181, 'NIP3949', 26, 31, 10, 'Tugas', 64, '2020-02-07', 1, 1),
(3182, 'NIP3950', 26, 31, 10, 'Tugas', 53, '2020-02-07', 1, 1),
(3183, 'NIP3951', 26, 31, 10, 'Ulangan Harian', 74, '2020-02-07', 1, 1),
(3184, 'NIP3952', 26, 31, 10, 'Praktek', 75, '2020-02-07', 1, 1),
(3185, 'NIP3953', 26, 31, 10, 'UTS', 53, '2020-02-07', 1, 1),
(3186, 'NIP3961', 29, 31, 10, 'Tugas', 64, '2020-02-07', 1, 1),
(3187, 'NIP3962', 29, 31, 10, 'Tugas', 42, '2020-02-07', 1, 1),
(3188, 'NIP3963', 29, 31, 10, 'Tugas', 64, '2020-02-07', 1, 1),
(3189, 'NIP3964', 29, 31, 10, 'Tugas', 74, '2020-02-07', 1, 1),
(3190, 'NIP3965', 29, 31, 10, 'Ulangan Harian', 75, '2020-02-07', 1, 1),
(3191, 'NIP3966', 29, 31, 10, 'Praktek', 94, '2020-02-07', 1, 1),
(3192, 'NIP3967', 29, 31, 10, 'UTS', 74, '2020-02-07', 1, 1),
(3193, 'NIP3807', 1, 32, 10, 'Tugas', 86, '2020-02-07', 1, 1),
(3194, 'NIP3808', 1, 32, 10, 'Tugas', 77, '2020-02-07', 1, 1),
(3195, 'NIP3809', 1, 32, 10, 'Tugas', 60, '2020-02-07', 1, 1),
(3196, 'NIP3810', 1, 32, 10, 'Tugas', 72, '2020-02-07', 1, 1),
(3197, 'NIP3811', 1, 32, 10, 'Ulangan Harian', 47, '2020-02-07', 1, 1),
(3198, 'NIP3812', 1, 32, 10, 'Praktek', 56, '2020-02-07', 1, 1),
(3199, 'NIP3813', 1, 32, 10, 'UTS', 74, '2020-02-07', 1, 1),
(3200, 'NIP3814', 2, 32, 10, 'Tugas', 72, '2020-02-07', 1, 1),
(3201, 'NIP3815', 2, 32, 10, 'Tugas', 81, '2020-02-07', 1, 1),
(3202, 'NIP3816', 2, 32, 10, 'Tugas', 90, '2020-02-07', 1, 1),
(3203, 'NIP3817', 2, 32, 10, 'Tugas', 95, '2020-02-07', 1, 1),
(3204, 'NIP3818', 2, 32, 10, 'Ulangan Harian', 54, '2020-02-07', 1, 1),
(3205, 'NIP3819', 2, 32, 10, 'Praktek', 85, '2020-02-07', 1, 1),
(3206, 'NIP3820', 2, 32, 10, 'UTS', 53, '2020-02-07', 1, 1),
(3207, 'NIP3821', 3, 32, 10, 'Tugas', 75, '2020-02-07', 1, 1),
(3208, 'NIP3822', 3, 32, 10, 'Tugas', 74, '2020-02-07', 1, 1),
(3209, 'NIP3823', 3, 32, 10, 'Tugas', 46, '2020-02-07', 1, 1),
(3210, 'NIP3824', 3, 32, 10, 'Tugas', 64, '2020-02-07', 1, 1),
(3211, 'NIP3825', 3, 32, 10, 'Ulangan Harian', 85, '2020-02-07', 1, 1),
(3212, 'NIP3826', 3, 32, 10, 'Praktek', 66, '2020-02-07', 1, 1),
(3213, 'NIP3827', 3, 32, 10, 'UTS', 84, '2020-02-07', 1, 1),
(3214, 'NIP3828', 14, 32, 10, 'Tugas', 65, '2020-02-07', 1, 1),
(3215, 'NIP3829', 14, 32, 10, 'Tugas', 75, '2020-02-07', 1, 1),
(3216, 'NIP3830', 14, 32, 10, 'Tugas', 63, '2020-02-07', 1, 1),
(3217, 'NIP3831', 14, 32, 10, 'Tugas', 74, '2020-02-07', 1, 1),
(3218, 'NIP3832', 14, 32, 10, 'Ulangan Harian', 52, '2020-02-07', 1, 1),
(3219, 'NIP3833', 14, 32, 10, 'Praktek', 74, '2020-02-07', 1, 1),
(3220, 'NIP3834', 14, 32, 10, 'UTS', 62, '2020-02-07', 1, 1),
(3221, 'NIP3835', 16, 32, 10, 'Tugas', 52, '2020-02-07', 1, 1),
(3222, 'NIP3836', 16, 32, 10, 'Tugas', 95, '2020-02-07', 1, 1),
(3223, 'NIP3837', 16, 32, 10, 'Tugas', 53, '2020-02-07', 1, 1),
(3224, 'NIP3838', 16, 32, 10, 'Tugas', 74, '2020-02-07', 1, 1),
(3225, 'NIP3839', 16, 32, 10, 'Ulangan Harian', 76, '2020-02-07', 1, 1),
(3226, 'NIP3840', 16, 32, 10, 'Praktek', 36, '2020-02-07', 1, 1),
(3227, 'NIP3841', 16, 32, 10, 'UTS', 73, '2020-02-07', 1, 1),
(3228, 'NIP3842', 12, 32, 10, 'Tugas', 82, '2020-02-07', 1, 1),
(3229, 'NIP3843', 12, 32, 10, 'Tugas', 91, '2020-02-07', 1, 1),
(3230, 'NIP3844', 12, 32, 10, 'Tugas', 78, '2020-02-07', 1, 1),
(3231, 'NIP3845', 12, 32, 10, 'Tugas', 89, '2020-02-07', 1, 1),
(3232, 'NIP3846', 12, 32, 10, 'Ulangan Harian', 67, '2020-02-07', 1, 1),
(3233, 'NIP3847', 12, 32, 10, 'Praktek', 76, '2020-02-07', 1, 1),
(3234, 'NIP3848', 12, 32, 10, 'UTS', 87, '2020-02-07', 1, 1),
(3235, 'NIP3849', 19, 32, 10, 'Tugas', 98, '2020-02-07', 1, 1),
(3236, 'NIP3850', 19, 32, 10, 'Tugas', 65, '2020-02-07', 1, 1),
(3237, 'NIP3851', 19, 32, 10, 'Tugas', 67, '2020-02-07', 1, 1),
(3238, 'NIP3852', 19, 32, 10, 'Tugas', 85, '2020-02-07', 1, 1),
(3239, 'NIP3853', 19, 32, 10, 'Ulangan Harian', 86, '2020-02-07', 1, 1),
(3240, 'NIP3854', 19, 32, 10, 'Praktek', 71, '2020-02-07', 1, 1),
(3241, 'NIP3855', 19, 32, 10, 'UTS', 81, '2020-02-07', 1, 1),
(3242, 'NIP3856', 20, 32, 10, 'Tugas', 91, '2020-02-07', 1, 1),
(3243, 'NIP3857', 20, 32, 10, 'Tugas', 61, '2020-02-07', 1, 1);
INSERT INTO `bukunilai` (`idBukuNilai`, `nomorInduk`, `idMapel`, `idSiswa`, `idKelas`, `jenisNilai`, `nilai`, `tanggal`, `semester`, `statusBukuNilai`) VALUES
(3244, 'NIP3858', 20, 32, 10, 'Tugas', 67, '2020-02-07', 1, 1),
(3245, 'NIP3859', 20, 32, 10, 'Tugas', 65, '2020-02-07', 1, 1),
(3246, 'NIP3860', 20, 32, 10, 'Ulangan Harian', 85, '2020-02-07', 1, 1),
(3247, 'NIP3861', 20, 32, 10, 'Praktek', 66, '2020-02-07', 1, 1),
(3248, 'NIP3862', 20, 32, 10, 'UTS', 45, '2020-02-07', 1, 1),
(3249, 'NIP3863', 15, 32, 10, 'Tugas', 74, '2020-02-07', 1, 1),
(3250, 'NIP3864', 15, 32, 10, 'Tugas', 96, '2020-02-07', 1, 1),
(3251, 'NIP3865', 15, 32, 10, 'Tugas', 74, '2020-02-07', 1, 1),
(3252, 'NIP3866', 15, 32, 10, 'Tugas', 85, '2020-02-07', 1, 1),
(3253, 'NIP3867', 15, 32, 10, 'Ulangan Harian', 92, '2020-02-07', 1, 1),
(3254, 'NIP3868', 15, 32, 10, 'Praktek', 75, '2020-02-07', 1, 1),
(3255, 'NIP3869', 15, 32, 10, 'UTS', 63, '2020-02-07', 1, 1),
(3256, 'NIP3870', 17, 32, 10, 'Tugas', 84, '2020-02-07', 1, 1),
(3257, 'NIP3871', 17, 32, 10, 'Tugas', 95, '2020-02-07', 1, 1),
(3258, 'NIP3872', 17, 32, 10, 'Tugas', 66, '2020-02-07', 1, 1),
(3259, 'NIP3873', 17, 32, 10, 'Tugas', 88, '2020-02-07', 1, 1),
(3260, 'NIP3874', 17, 32, 10, 'Ulangan Harian', 55, '2020-02-07', 1, 1),
(3261, 'NIP3875', 17, 32, 10, 'Praktek', 87, '2020-02-07', 1, 1),
(3262, 'NIP3876', 17, 32, 10, 'UTS', 65, '2020-02-07', 1, 1),
(3263, 'NIP3877', 13, 32, 10, 'Tugas', 84, '2020-02-07', 1, 1),
(3264, 'NIP3878', 13, 32, 10, 'Tugas', 83, '2020-02-07', 1, 1),
(3265, 'NIP3879', 13, 32, 10, 'Tugas', 72, '2020-02-07', 1, 1),
(3266, 'NIP3880', 13, 32, 10, 'Tugas', 80, '2020-02-07', 1, 1),
(3267, 'NIP3881', 13, 32, 10, 'Ulangan Harian', 50, '2020-02-07', 1, 1),
(3268, 'NIP3882', 13, 32, 10, 'Praktek', 60, '2020-02-07', 1, 1),
(3269, 'NIP3883', 13, 32, 10, 'UTS', 83, '2020-02-07', 1, 1),
(3270, 'NIP3884', 23, 32, 10, 'Tugas', 77, '2020-02-07', 1, 1),
(3271, 'NIP3885', 23, 32, 10, 'Tugas', 60, '2020-02-07', 1, 1),
(3272, 'NIP3886', 23, 32, 10, 'Tugas', 74, '2020-02-07', 1, 1),
(3273, 'NIP3887', 23, 32, 10, 'Tugas', 89, '2020-02-07', 1, 1),
(3274, 'NIP3888', 23, 32, 10, 'Ulangan Harian', 74, '2020-02-07', 1, 1),
(3275, 'NIP3889', 23, 32, 10, 'Praktek', 70, '2020-02-07', 1, 1),
(3276, 'NIP3890', 23, 32, 10, 'UTS', 66, '2020-02-07', 1, 1),
(3277, 'NIP3891', 24, 32, 10, 'Tugas', 57, '2020-02-07', 1, 1),
(3278, 'NIP3892', 24, 32, 10, 'Tugas', 83, '2020-02-07', 1, 1),
(3279, 'NIP3893', 24, 32, 10, 'Tugas', 81, '2020-02-07', 1, 1),
(3280, 'NIP3894', 24, 32, 10, 'Tugas', 73, '2020-02-07', 1, 1),
(3281, 'NIP3895', 24, 32, 10, 'Ulangan Harian', 64, '2020-02-07', 1, 1),
(3282, 'NIP3896', 24, 32, 10, 'Praktek', 85, '2020-02-07', 1, 1),
(3283, 'NIP3897', 24, 32, 10, 'UTS', 77, '2020-02-07', 1, 1),
(3284, 'NIP3898', 25, 32, 10, 'Tugas', 55, '2020-02-07', 1, 1),
(3285, 'NIP3899', 25, 32, 10, 'Tugas', 88, '2020-02-07', 1, 1),
(3286, 'NIP3900', 25, 32, 10, 'Tugas', 99, '2020-02-07', 1, 1),
(3287, 'NIP3901', 25, 32, 10, 'Tugas', 65, '2020-02-07', 1, 1),
(3288, 'NIP3902', 25, 32, 10, 'Ulangan Harian', 78, '2020-02-07', 1, 1),
(3289, 'NIP3903', 25, 32, 10, 'Praktek', 65, '2020-02-07', 1, 1),
(3290, 'NIP3904', 25, 32, 10, 'UTS', 86, '2020-02-07', 1, 1),
(3291, 'NIP3905', 6, 32, 10, 'Tugas', 67, '2020-02-07', 1, 1),
(3292, 'NIP3906', 6, 32, 10, 'Tugas', 79, '2020-02-07', 1, 1),
(3293, 'NIP3907', 6, 32, 10, 'Tugas', 67, '2020-02-07', 1, 1),
(3294, 'NIP3908', 6, 32, 10, 'Tugas', 88, '2020-02-07', 1, 1),
(3295, 'NIP3909', 6, 32, 10, 'Ulangan Harian', 96, '2020-02-07', 1, 1),
(3296, 'NIP3910', 6, 32, 10, 'Praktek', 94, '2020-02-07', 1, 1),
(3297, 'NIP3911', 6, 32, 10, 'UTS', 65, '2020-02-07', 1, 1),
(3298, 'NIP3912', 18, 32, 10, 'Tugas', 36, '2020-02-07', 1, 1),
(3299, 'NIP3913', 18, 32, 10, 'Tugas', 78, '2020-02-07', 1, 1),
(3300, 'NIP3914', 18, 32, 10, 'Tugas', 53, '2020-02-07', 1, 1),
(3301, 'NIP3915', 18, 32, 10, 'Tugas', 74, '2020-02-07', 1, 1),
(3302, 'NIP3916', 18, 32, 10, 'Ulangan Harian', 74, '2020-02-07', 1, 1),
(3303, 'NIP3917', 18, 32, 10, 'Praktek', 42, '2020-02-07', 1, 1),
(3304, 'NIP3918', 18, 32, 10, 'UTS', 86, '2020-02-07', 1, 1),
(3305, 'NIP3919', 21, 32, 10, 'Tugas', 82, '2020-02-07', 1, 1),
(3306, 'NIP3920', 21, 32, 10, 'Tugas', 83, '2020-02-07', 1, 1),
(3307, 'NIP3921', 21, 32, 10, 'Tugas', 73, '2020-02-07', 1, 1),
(3308, 'NIP3922', 21, 32, 10, 'Tugas', 92, '2020-02-07', 1, 1),
(3309, 'NIP3923', 21, 32, 10, 'Ulangan Harian', 72, '2020-02-07', 1, 1),
(3310, 'NIP3924', 21, 32, 10, 'Praktek', 63, '2020-02-07', 1, 1),
(3311, 'NIP3925', 21, 32, 10, 'UTS', 72, '2020-02-07', 1, 1),
(3312, 'NIP3926', 7, 32, 10, 'Tugas', 61, '2020-02-07', 1, 1),
(3313, 'NIP3927', 7, 32, 10, 'Tugas', 73, '2020-02-07', 1, 1),
(3314, 'NIP3928', 7, 32, 10, 'Tugas', 73, '2020-02-07', 1, 1),
(3315, 'NIP3929', 7, 32, 10, 'Tugas', 84, '2020-02-07', 1, 1),
(3316, 'NIP3930', 7, 32, 10, 'Ulangan Harian', 45, '2020-02-07', 1, 1),
(3317, 'NIP3931', 7, 32, 10, 'Praktek', 67, '2020-02-07', 1, 1),
(3318, 'NIP3932', 7, 32, 10, 'UTS', 34, '2020-02-07', 1, 1),
(3319, 'NIP3933', 9, 32, 10, 'Tugas', 64, '2020-02-07', 1, 1),
(3320, 'NIP3934', 9, 32, 10, 'Tugas', 65, '2020-02-07', 1, 1),
(3321, 'NIP3935', 9, 32, 10, 'Tugas', 44, '2020-02-07', 1, 1),
(3322, 'NIP3936', 9, 32, 10, 'Tugas', 73, '2020-02-07', 1, 1),
(3323, 'NIP3937', 9, 32, 10, 'Ulangan Harian', 63, '2020-02-07', 1, 1),
(3324, 'NIP3938', 9, 32, 10, 'Praktek', 74, '2020-02-07', 1, 1),
(3325, 'NIP3939', 9, 32, 10, 'UTS', 41, '2020-02-07', 1, 1),
(3326, 'NIP3940', 21, 32, 10, 'Tugas', 56, '2020-02-07', 1, 1),
(3327, 'NIP3941', 21, 32, 10, 'Tugas', 84, '2020-02-07', 1, 1),
(3328, 'NIP3942', 21, 32, 10, 'Tugas', 63, '2020-02-07', 1, 1),
(3329, 'NIP3943', 21, 32, 10, 'Tugas', 74, '2020-02-07', 1, 1),
(3330, 'NIP3944', 21, 32, 10, 'Ulangan Harian', 35, '2020-02-07', 1, 1),
(3331, 'NIP3945', 21, 32, 10, 'Praktek', 85, '2020-02-07', 1, 1),
(3332, 'NIP3946', 21, 32, 10, 'UTS', 36, '2020-02-07', 1, 1),
(3333, 'NIP3940', 21, 32, 10, 'Tugas', 45, '2020-02-07', 1, 1),
(3334, 'NIP3941', 21, 32, 10, 'Tugas', 73, '2020-02-07', 1, 1),
(3335, 'NIP3942', 21, 32, 10, 'Tugas', 46, '2020-02-07', 1, 1),
(3336, 'NIP3943', 21, 32, 10, 'Tugas', 84, '2020-02-07', 1, 1),
(3337, 'NIP3944', 21, 32, 10, 'Ulangan Harian', 54, '2020-02-07', 1, 1),
(3338, 'NIP3945', 21, 32, 10, 'Praktek', 85, '2020-02-07', 1, 1),
(3339, 'NIP3946', 21, 32, 10, 'UTS', 66, '2020-02-07', 1, 1),
(3340, 'NIP3947', 26, 32, 10, 'Tugas', 74, '2020-02-07', 1, 1),
(3341, 'NIP3948', 26, 32, 10, 'Tugas', 85, '2020-02-07', 1, 1),
(3342, 'NIP3949', 26, 32, 10, 'Tugas', 64, '2020-02-07', 1, 1),
(3343, 'NIP3950', 26, 32, 10, 'Tugas', 53, '2020-02-07', 1, 1),
(3344, 'NIP3951', 26, 32, 10, 'Ulangan Harian', 74, '2020-02-07', 1, 1),
(3345, 'NIP3952', 26, 32, 10, 'Praktek', 75, '2020-02-07', 1, 1),
(3346, 'NIP3953', 26, 32, 10, 'UTS', 53, '2020-02-07', 1, 1),
(3347, 'NIP3961', 29, 32, 10, 'Tugas', 85, '2020-02-07', 1, 1),
(3348, 'NIP3962', 29, 32, 10, 'Tugas', 88, '2020-02-07', 1, 1),
(3349, 'NIP3963', 29, 32, 10, 'Tugas', 45, '2020-02-07', 1, 1),
(3350, 'NIP3964', 29, 32, 10, 'Tugas', 72, '2020-02-07', 1, 1),
(3351, 'NIP3965', 29, 32, 10, 'Ulangan Harian', 75, '2020-02-07', 1, 1),
(3352, 'NIP3966', 29, 32, 10, 'Praktek', 94, '2020-02-07', 1, 1),
(3353, 'NIP3967', 29, 32, 10, 'UTS', 74, '2020-02-07', 1, 1),
(3354, 'NIP3807', 1, 33, 10, 'Tugas', 75, '2020-02-07', 1, 1),
(3355, 'NIP3808', 1, 33, 10, 'Tugas', 53, '2020-02-07', 1, 1),
(3356, 'NIP3809', 1, 33, 10, 'Tugas', 85, '2020-02-07', 1, 1),
(3357, 'NIP3810', 1, 33, 10, 'Tugas', 64, '2020-02-07', 1, 1),
(3358, 'NIP3811', 1, 33, 10, 'Ulangan Harian', 75, '2020-02-07', 1, 1),
(3359, 'NIP3812', 1, 33, 10, 'Praktek', 64, '2020-02-07', 1, 1),
(3360, 'NIP3813', 1, 33, 10, 'UTS', 74, '2020-02-07', 1, 1),
(3361, 'NIP3814', 2, 33, 10, 'Tugas', 72, '2020-02-07', 1, 1),
(3362, 'NIP3815', 2, 33, 10, 'Tugas', 81, '2020-02-07', 1, 1),
(3363, 'NIP3816', 2, 33, 10, 'Tugas', 90, '2020-02-07', 1, 1),
(3364, 'NIP3817', 2, 33, 10, 'Tugas', 95, '2020-02-07', 1, 1),
(3365, 'NIP3818', 2, 33, 10, 'Ulangan Harian', 54, '2020-02-07', 1, 1),
(3366, 'NIP3819', 2, 33, 10, 'Praktek', 85, '2020-02-07', 1, 1),
(3367, 'NIP3820', 2, 33, 10, 'UTS', 53, '2020-02-07', 1, 1),
(3368, 'NIP3821', 3, 33, 10, 'Tugas', 75, '2020-02-07', 1, 1),
(3369, 'NIP3822', 3, 33, 10, 'Tugas', 74, '2020-02-07', 1, 1),
(3370, 'NIP3823', 3, 33, 10, 'Tugas', 46, '2020-02-07', 1, 1),
(3371, 'NIP3824', 3, 33, 10, 'Tugas', 64, '2020-02-07', 1, 1),
(3372, 'NIP3825', 3, 33, 10, 'Ulangan Harian', 85, '2020-02-07', 1, 1),
(3373, 'NIP3826', 3, 33, 10, 'Praktek', 66, '2020-02-07', 1, 1),
(3374, 'NIP3827', 3, 33, 10, 'UTS', 84, '2020-02-07', 1, 1),
(3375, 'NIP3828', 14, 33, 10, 'Tugas', 65, '2020-02-07', 1, 1),
(3376, 'NIP3829', 14, 33, 10, 'Tugas', 75, '2020-02-07', 1, 1),
(3377, 'NIP3830', 14, 33, 10, 'Tugas', 63, '2020-02-07', 1, 1),
(3378, 'NIP3831', 14, 33, 10, 'Tugas', 74, '2020-02-07', 1, 1),
(3379, 'NIP3832', 14, 33, 10, 'Ulangan Harian', 52, '2020-02-07', 1, 1),
(3380, 'NIP3833', 14, 33, 10, 'Praktek', 74, '2020-02-07', 1, 1),
(3381, 'NIP3834', 14, 33, 10, 'UTS', 62, '2020-02-07', 1, 1),
(3382, 'NIP3835', 16, 33, 10, 'Tugas', 52, '2020-02-07', 1, 1),
(3383, 'NIP3836', 16, 33, 10, 'Tugas', 95, '2020-02-07', 1, 1),
(3384, 'NIP3837', 16, 33, 10, 'Tugas', 53, '2020-02-07', 1, 1),
(3385, 'NIP3838', 16, 33, 10, 'Tugas', 74, '2020-02-07', 1, 1),
(3386, 'NIP3839', 16, 33, 10, 'Ulangan Harian', 76, '2020-02-07', 1, 1),
(3387, 'NIP3840', 16, 33, 10, 'Praktek', 36, '2020-02-07', 1, 1),
(3388, 'NIP3841', 16, 33, 10, 'UTS', 73, '2020-02-07', 1, 1),
(3389, 'NIP3842', 12, 33, 10, 'Tugas', 82, '2020-02-07', 1, 1),
(3390, 'NIP3843', 12, 33, 10, 'Tugas', 91, '2020-02-07', 1, 1),
(3391, 'NIP3844', 12, 33, 10, 'Tugas', 78, '2020-02-07', 1, 1),
(3392, 'NIP3845', 12, 33, 10, 'Tugas', 89, '2020-02-07', 1, 1),
(3393, 'NIP3846', 12, 33, 10, 'Ulangan Harian', 67, '2020-02-07', 1, 1),
(3394, 'NIP3847', 12, 33, 10, 'Praktek', 74, '2020-02-07', 1, 1),
(3395, 'NIP3848', 12, 33, 10, 'UTS', 85, '2020-02-07', 1, 1),
(3396, 'NIP3849', 19, 33, 10, 'Tugas', 64, '2020-02-07', 1, 1),
(3397, 'NIP3850', 19, 33, 10, 'Tugas', 53, '2020-02-07', 1, 1),
(3398, 'NIP3851', 19, 33, 10, 'Tugas', 74, '2020-02-07', 1, 1),
(3399, 'NIP3852', 19, 33, 10, 'Tugas', 75, '2020-02-07', 1, 1),
(3400, 'NIP3853', 19, 33, 10, 'Ulangan Harian', 53, '2020-02-07', 1, 1),
(3401, 'NIP3854', 19, 33, 10, 'Praktek', 85, '2020-02-07', 1, 1),
(3402, 'NIP3855', 19, 33, 10, 'UTS', 81, '2020-02-07', 1, 1),
(3403, 'NIP3856', 20, 33, 10, 'Tugas', 91, '2020-02-07', 1, 1),
(3404, 'NIP3857', 20, 33, 10, 'Tugas', 61, '2020-02-07', 1, 1),
(3405, 'NIP3858', 20, 33, 10, 'Tugas', 67, '2020-02-07', 1, 1),
(3406, 'NIP3859', 20, 33, 10, 'Tugas', 65, '2020-02-07', 1, 1),
(3407, 'NIP3860', 20, 33, 10, 'Ulangan Harian', 85, '2020-02-07', 1, 1),
(3408, 'NIP3861', 20, 33, 10, 'Praktek', 66, '2020-02-07', 1, 1),
(3409, 'NIP3862', 20, 33, 10, 'UTS', 45, '2020-02-07', 1, 1),
(3410, 'NIP3863', 15, 33, 10, 'Tugas', 74, '2020-02-07', 1, 1),
(3411, 'NIP3864', 15, 33, 10, 'Tugas', 96, '2020-02-07', 1, 1),
(3412, 'NIP3865', 15, 33, 10, 'Tugas', 74, '2020-02-07', 1, 1),
(3413, 'NIP3866', 15, 33, 10, 'Tugas', 85, '2020-02-07', 1, 1),
(3414, 'NIP3867', 15, 33, 10, 'Ulangan Harian', 92, '2020-02-07', 1, 1),
(3415, 'NIP3868', 15, 33, 10, 'Praktek', 75, '2020-02-07', 1, 1),
(3416, 'NIP3869', 15, 33, 10, 'UTS', 63, '2020-02-07', 1, 1),
(3417, 'NIP3870', 17, 33, 10, 'Tugas', 84, '2020-02-07', 1, 1),
(3418, 'NIP3871', 17, 33, 10, 'Tugas', 95, '2020-02-07', 1, 1),
(3419, 'NIP3872', 17, 33, 10, 'Tugas', 66, '2020-02-07', 1, 1),
(3420, 'NIP3873', 17, 33, 10, 'Tugas', 88, '2020-02-07', 1, 1),
(3421, 'NIP3874', 17, 33, 10, 'Ulangan Harian', 55, '2020-02-07', 1, 1),
(3422, 'NIP3875', 17, 33, 10, 'Praktek', 87, '2020-02-07', 1, 1),
(3423, 'NIP3876', 17, 33, 10, 'UTS', 65, '2020-02-07', 1, 1),
(3424, 'NIP3877', 13, 33, 10, 'Tugas', 84, '2020-02-07', 1, 1),
(3425, 'NIP3878', 13, 33, 10, 'Tugas', 83, '2020-02-07', 1, 1),
(3426, 'NIP3879', 13, 33, 10, 'Tugas', 72, '2020-02-07', 1, 1),
(3427, 'NIP3880', 13, 33, 10, 'Tugas', 80, '2020-02-07', 1, 1),
(3428, 'NIP3881', 13, 33, 10, 'Ulangan Harian', 50, '2020-02-07', 1, 1),
(3429, 'NIP3882', 13, 33, 10, 'Praktek', 60, '2020-02-07', 1, 1),
(3430, 'NIP3883', 13, 33, 10, 'UTS', 83, '2020-02-07', 1, 1),
(3431, 'NIP3884', 23, 33, 10, 'Tugas', 77, '2020-02-07', 1, 1),
(3432, 'NIP3885', 23, 33, 10, 'Tugas', 60, '2020-02-07', 1, 1),
(3433, 'NIP3886', 23, 33, 10, 'Tugas', 74, '2020-02-07', 1, 1),
(3434, 'NIP3887', 23, 33, 10, 'Tugas', 89, '2020-02-07', 1, 1),
(3435, 'NIP3888', 23, 33, 10, 'Ulangan Harian', 74, '2020-02-07', 1, 1),
(3436, 'NIP3889', 23, 33, 10, 'Praktek', 70, '2020-02-07', 1, 1),
(3437, 'NIP3890', 23, 33, 10, 'UTS', 66, '2020-02-07', 1, 1),
(3438, 'NIP3891', 24, 33, 10, 'Tugas', 57, '2020-02-07', 1, 1),
(3439, 'NIP3892', 24, 33, 10, 'Tugas', 83, '2020-02-07', 1, 1),
(3440, 'NIP3893', 24, 33, 10, 'Tugas', 81, '2020-02-07', 1, 1),
(3441, 'NIP3894', 24, 33, 10, 'Tugas', 73, '2020-02-07', 1, 1),
(3442, 'NIP3895', 24, 33, 10, 'Ulangan Harian', 64, '2020-02-07', 1, 1),
(3443, 'NIP3896', 24, 33, 10, 'Praktek', 85, '2020-02-07', 1, 1),
(3444, 'NIP3897', 24, 33, 10, 'UTS', 77, '2020-02-07', 1, 1),
(3445, 'NIP3898', 25, 33, 10, 'Tugas', 55, '2020-02-07', 1, 1),
(3446, 'NIP3899', 25, 33, 10, 'Tugas', 88, '2020-02-07', 1, 1),
(3447, 'NIP3900', 25, 33, 10, 'Tugas', 99, '2020-02-07', 1, 1),
(3448, 'NIP3901', 25, 33, 10, 'Tugas', 65, '2020-02-07', 1, 1),
(3449, 'NIP3902', 25, 33, 10, 'Ulangan Harian', 78, '2020-02-07', 1, 1),
(3450, 'NIP3903', 25, 33, 10, 'Praktek', 65, '2020-02-07', 1, 1),
(3451, 'NIP3904', 25, 33, 10, 'UTS', 86, '2020-02-07', 1, 1),
(3452, 'NIP3905', 6, 33, 10, 'Tugas', 67, '2020-02-07', 1, 1),
(3453, 'NIP3906', 6, 33, 10, 'Tugas', 79, '2020-02-07', 1, 1),
(3454, 'NIP3907', 6, 33, 10, 'Tugas', 67, '2020-02-07', 1, 1),
(3455, 'NIP3908', 6, 33, 10, 'Tugas', 88, '2020-02-07', 1, 1),
(3456, 'NIP3909', 6, 33, 10, 'Ulangan Harian', 96, '2020-02-07', 1, 1),
(3457, 'NIP3910', 6, 33, 10, 'Praktek', 94, '2020-02-07', 1, 1),
(3458, 'NIP3911', 6, 33, 10, 'UTS', 65, '2020-02-07', 1, 1),
(3459, 'NIP3912', 18, 33, 10, 'Tugas', 36, '2020-02-07', 1, 1),
(3460, 'NIP3913', 18, 33, 10, 'Tugas', 78, '2020-02-07', 1, 1),
(3461, 'NIP3914', 18, 33, 10, 'Tugas', 53, '2020-02-07', 1, 1),
(3462, 'NIP3915', 18, 33, 10, 'Tugas', 74, '2020-02-07', 1, 1),
(3463, 'NIP3916', 18, 33, 10, 'Ulangan Harian', 74, '2020-02-07', 1, 1),
(3464, 'NIP3917', 18, 33, 10, 'Praktek', 42, '2020-02-07', 1, 1),
(3465, 'NIP3918', 18, 33, 10, 'UTS', 86, '2020-02-07', 1, 1),
(3466, 'NIP3919', 21, 33, 10, 'Tugas', 82, '2020-02-07', 1, 1),
(3467, 'NIP3920', 21, 33, 10, 'Tugas', 83, '2020-02-07', 1, 1),
(3468, 'NIP3921', 21, 33, 10, 'Tugas', 73, '2020-02-07', 1, 1),
(3469, 'NIP3922', 21, 33, 10, 'Tugas', 92, '2020-02-07', 1, 1),
(3470, 'NIP3923', 21, 33, 10, 'Ulangan Harian', 72, '2020-02-07', 1, 1),
(3471, 'NIP3924', 21, 33, 10, 'Praktek', 63, '2020-02-07', 1, 1),
(3472, 'NIP3925', 21, 33, 10, 'UTS', 72, '2020-02-07', 1, 1),
(3473, 'NIP3926', 7, 33, 10, 'Tugas', 61, '2020-02-07', 1, 1),
(3474, 'NIP3927', 7, 33, 10, 'Tugas', 73, '2020-02-07', 1, 1),
(3475, 'NIP3928', 7, 33, 10, 'Tugas', 73, '2020-02-07', 1, 1),
(3476, 'NIP3929', 7, 33, 10, 'Tugas', 84, '2020-02-07', 1, 1),
(3477, 'NIP3930', 7, 33, 10, 'Ulangan Harian', 45, '2020-02-07', 1, 1),
(3478, 'NIP3931', 7, 33, 10, 'Praktek', 67, '2020-02-07', 1, 1),
(3479, 'NIP3932', 7, 33, 10, 'UTS', 34, '2020-02-07', 1, 1),
(3480, 'NIP3933', 9, 33, 10, 'Tugas', 64, '2020-02-07', 1, 1),
(3481, 'NIP3934', 9, 33, 10, 'Tugas', 65, '2020-02-07', 1, 1),
(3482, 'NIP3935', 9, 33, 10, 'Tugas', 44, '2020-02-07', 1, 1),
(3483, 'NIP3936', 9, 33, 10, 'Tugas', 73, '2020-02-07', 1, 1),
(3484, 'NIP3937', 9, 33, 10, 'Ulangan Harian', 63, '2020-02-07', 1, 1),
(3485, 'NIP3938', 9, 33, 10, 'Praktek', 74, '2020-02-07', 1, 1),
(3486, 'NIP3939', 9, 33, 10, 'UTS', 41, '2020-02-07', 1, 1),
(3487, 'NIP3940', 21, 33, 10, 'Tugas', 78, '2020-02-07', 1, 1),
(3488, 'NIP3941', 21, 33, 10, 'Tugas', 53, '2020-02-07', 1, 1),
(3489, 'NIP3942', 21, 33, 10, 'Tugas', 74, '2020-02-07', 1, 1),
(3490, 'NIP3943', 21, 33, 10, 'Tugas', 74, '2020-02-07', 1, 1),
(3491, 'NIP3944', 21, 33, 10, 'Ulangan Harian', 42, '2020-02-07', 1, 1),
(3492, 'NIP3945', 21, 33, 10, 'Praktek', 86, '2020-02-07', 1, 1),
(3493, 'NIP3946', 21, 33, 10, 'UTS', 82, '2020-02-07', 1, 1),
(3494, 'NIP3940', 21, 33, 10, 'Tugas', 83, '2020-02-07', 1, 1),
(3495, 'NIP3941', 21, 33, 10, 'Tugas', 73, '2020-02-07', 1, 1),
(3496, 'NIP3942', 21, 33, 10, 'Tugas', 46, '2020-02-07', 1, 1),
(3497, 'NIP3943', 21, 33, 10, 'Tugas', 84, '2020-02-07', 1, 1),
(3498, 'NIP3944', 21, 33, 10, 'Ulangan Harian', 54, '2020-02-07', 1, 1),
(3499, 'NIP3945', 21, 33, 10, 'Praktek', 85, '2020-02-07', 1, 1),
(3500, 'NIP3946', 21, 33, 10, 'UTS', 66, '2020-02-07', 1, 1),
(3501, 'NIP3947', 26, 33, 10, 'Tugas', 74, '2020-02-07', 1, 1),
(3502, 'NIP3948', 26, 33, 10, 'Tugas', 85, '2020-02-07', 1, 1),
(3503, 'NIP3949', 26, 33, 10, 'Tugas', 81, '2020-02-07', 1, 1),
(3504, 'NIP3950', 26, 33, 10, 'Tugas', 73, '2020-02-07', 1, 1),
(3505, 'NIP3951', 26, 33, 10, 'Ulangan Harian', 64, '2020-02-07', 1, 1),
(3506, 'NIP3952', 26, 33, 10, 'Praktek', 85, '2020-02-07', 1, 1),
(3507, 'NIP3953', 26, 33, 10, 'UTS', 77, '2020-02-07', 1, 1),
(3508, 'NIP3961', 29, 33, 10, 'Tugas', 53, '2020-02-07', 1, 1),
(3509, 'NIP3962', 29, 33, 10, 'Tugas', 74, '2020-02-07', 1, 1),
(3510, 'NIP3963', 29, 33, 10, 'Tugas', 74, '2020-02-07', 1, 1),
(3511, 'NIP3964', 29, 33, 10, 'Tugas', 85, '2020-02-07', 1, 1),
(3512, 'NIP3965', 29, 33, 10, 'Ulangan Harian', 93, '2020-02-07', 1, 1),
(3513, 'NIP3966', 29, 33, 10, 'Praktek', 53, '2020-02-07', 1, 1),
(3514, 'NIP3967', 29, 33, 10, 'UTS', 52, '2020-02-07', 1, 1),
(3515, 'NIP3807', 1, 24, 8, 'Tugas', 53, '2020-02-07', 1, 1),
(3516, 'NIP3808', 1, 24, 8, 'Tugas', 85, '2020-02-07', 1, 1),
(3517, 'NIP3809', 1, 24, 8, 'Tugas', 88, '2020-02-07', 1, 1),
(3518, 'NIP3810', 1, 24, 8, 'Tugas', 45, '2020-02-07', 1, 1),
(3519, 'NIP3811', 1, 24, 8, 'Ulangan Harian', 72, '2020-02-07', 1, 1),
(3520, 'NIP3812', 1, 24, 8, 'Praktek', 75, '2020-02-07', 1, 1),
(3521, 'NIP3813', 1, 24, 8, 'UTS', 94, '2020-02-07', 1, 1),
(3522, 'NIP3814', 2, 24, 8, 'Tugas', 74, '2020-02-07', 1, 1),
(3523, 'NIP3815', 2, 24, 8, 'Tugas', 75, '2020-02-07', 1, 1),
(3524, 'NIP3816', 2, 24, 8, 'Tugas', 53, '2020-02-07', 1, 1),
(3525, 'NIP3817', 2, 24, 8, 'Tugas', 85, '2020-02-07', 1, 1),
(3526, 'NIP3818', 2, 24, 8, 'Ulangan Harian', 64, '2020-02-07', 1, 1),
(3527, 'NIP3819', 2, 24, 8, 'Praktek', 75, '2020-02-07', 1, 1),
(3528, 'NIP3820', 2, 24, 8, 'UTS', 64, '2020-02-07', 1, 1),
(3529, 'NIP3821', 3, 24, 8, 'Tugas', 74, '2020-02-07', 1, 1),
(3530, 'NIP3822', 3, 24, 8, 'Tugas', 72, '2020-02-07', 1, 1),
(3531, 'NIP3823', 3, 24, 8, 'Tugas', 81, '2020-02-07', 1, 1),
(3532, 'NIP3824', 3, 24, 8, 'Tugas', 90, '2020-02-07', 1, 1),
(3533, 'NIP3825', 3, 24, 8, 'Ulangan Harian', 95, '2020-02-07', 1, 1),
(3534, 'NIP3826', 3, 24, 8, 'Praktek', 54, '2020-02-07', 1, 1),
(3535, 'NIP3827', 3, 24, 8, 'UTS', 85, '2020-02-07', 1, 1),
(3536, 'NIP3828', 14, 24, 8, 'Tugas', 53, '2020-02-07', 1, 1),
(3537, 'NIP3829', 14, 24, 8, 'Tugas', 75, '2020-02-07', 1, 1),
(3538, 'NIP3830', 14, 24, 8, 'Tugas', 74, '2020-02-07', 1, 1),
(3539, 'NIP3831', 14, 24, 8, 'Tugas', 46, '2020-02-07', 1, 1),
(3540, 'NIP3832', 14, 24, 8, 'Ulangan Harian', 64, '2020-02-07', 1, 1),
(3541, 'NIP3833', 14, 24, 8, 'Praktek', 85, '2020-02-07', 1, 1),
(3542, 'NIP3834', 14, 24, 8, 'UTS', 66, '2020-02-07', 1, 1),
(3543, 'NIP3835', 16, 24, 8, 'Tugas', 84, '2020-02-07', 1, 1),
(3544, 'NIP3836', 16, 24, 8, 'Tugas', 65, '2020-02-07', 1, 1),
(3545, 'NIP3837', 16, 24, 8, 'Tugas', 75, '2020-02-07', 1, 1),
(3546, 'NIP3838', 16, 24, 8, 'Tugas', 63, '2020-02-07', 1, 1),
(3547, 'NIP3839', 16, 24, 8, 'Ulangan Harian', 74, '2020-02-07', 1, 1),
(3548, 'NIP3840', 16, 24, 8, 'Praktek', 52, '2020-02-07', 1, 1),
(3549, 'NIP3841', 16, 24, 8, 'UTS', 74, '2020-02-07', 1, 1),
(3550, 'NIP3842', 12, 24, 8, 'Tugas', 62, '2020-02-07', 1, 1),
(3551, 'NIP3843', 12, 24, 8, 'Tugas', 52, '2020-02-07', 1, 1),
(3552, 'NIP3844', 12, 24, 8, 'Tugas', 95, '2020-02-07', 1, 1),
(3553, 'NIP3845', 12, 24, 8, 'Tugas', 53, '2020-02-07', 1, 1),
(3554, 'NIP3846', 12, 24, 8, 'Ulangan Harian', 74, '2020-02-07', 1, 1),
(3555, 'NIP3847', 12, 24, 8, 'Praktek', 76, '2020-02-07', 1, 1),
(3556, 'NIP3848', 12, 24, 8, 'UTS', 36, '2020-02-07', 1, 1),
(3557, 'NIP3849', 19, 24, 8, 'Tugas', 73, '2020-02-07', 1, 1),
(3558, 'NIP3850', 19, 24, 8, 'Tugas', 82, '2020-02-07', 1, 1),
(3559, 'NIP3851', 19, 24, 8, 'Tugas', 91, '2020-02-07', 1, 1),
(3560, 'NIP3852', 19, 24, 8, 'Tugas', 78, '2020-02-07', 1, 1),
(3561, 'NIP3853', 19, 24, 8, 'Ulangan Harian', 89, '2020-02-07', 1, 1),
(3562, 'NIP3854', 19, 24, 8, 'Praktek', 67, '2020-02-07', 1, 1),
(3563, 'NIP3855', 19, 24, 8, 'UTS', 74, '2020-02-07', 1, 1),
(3564, 'NIP3856', 20, 24, 8, 'Tugas', 85, '2020-02-07', 1, 1),
(3565, 'NIP3857', 20, 24, 8, 'Tugas', 64, '2020-02-07', 1, 1),
(3566, 'NIP3858', 20, 24, 8, 'Tugas', 53, '2020-02-07', 1, 1),
(3567, 'NIP3859', 20, 24, 8, 'Tugas', 74, '2020-02-07', 1, 1),
(3568, 'NIP3860', 20, 24, 8, 'Ulangan Harian', 75, '2020-02-07', 1, 1),
(3569, 'NIP3861', 20, 24, 8, 'Praktek', 53, '2020-02-07', 1, 1),
(3570, 'NIP3862', 20, 24, 8, 'UTS', 85, '2020-02-07', 1, 1),
(3571, 'NIP3863', 15, 24, 8, 'Tugas', 81, '2020-02-07', 1, 1),
(3572, 'NIP3864', 15, 24, 8, 'Tugas', 91, '2020-02-07', 1, 1),
(3573, 'NIP3865', 15, 24, 8, 'Tugas', 61, '2020-02-07', 1, 1),
(3574, 'NIP3866', 15, 24, 8, 'Tugas', 67, '2020-02-07', 1, 1),
(3575, 'NIP3867', 15, 24, 8, 'Ulangan Harian', 36, '2020-02-07', 1, 1),
(3576, 'NIP3868', 15, 24, 8, 'Praktek', 75, '2020-02-07', 1, 1),
(3577, 'NIP3869', 15, 24, 8, 'UTS', 63, '2020-02-07', 1, 1),
(3578, 'NIP3870', 17, 24, 8, 'Tugas', 84, '2020-02-07', 1, 1),
(3579, 'NIP3871', 17, 24, 8, 'Tugas', 95, '2020-02-07', 1, 1),
(3580, 'NIP3872', 17, 24, 8, 'Tugas', 66, '2020-02-07', 1, 1),
(3581, 'NIP3873', 17, 24, 8, 'Tugas', 88, '2020-02-07', 1, 1),
(3582, 'NIP3874', 17, 24, 8, 'Ulangan Harian', 55, '2020-02-07', 1, 1),
(3583, 'NIP3875', 17, 24, 8, 'Praktek', 87, '2020-02-07', 1, 1),
(3584, 'NIP3876', 17, 24, 8, 'UTS', 65, '2020-02-07', 1, 1),
(3585, 'NIP3877', 13, 24, 8, 'Tugas', 84, '2020-02-07', 1, 1),
(3586, 'NIP3878', 13, 24, 8, 'Tugas', 83, '2020-02-07', 1, 1),
(3587, 'NIP3879', 13, 24, 8, 'Tugas', 72, '2020-02-07', 1, 1),
(3588, 'NIP3880', 13, 24, 8, 'Tugas', 80, '2020-02-07', 1, 1),
(3589, 'NIP3881', 13, 24, 8, 'Ulangan Harian', 50, '2020-02-07', 1, 1),
(3590, 'NIP3882', 13, 24, 8, 'Praktek', 60, '2020-02-07', 1, 1),
(3591, 'NIP3883', 13, 24, 8, 'UTS', 83, '2020-02-07', 1, 1),
(3592, 'NIP3884', 23, 24, 8, 'Tugas', 77, '2020-02-07', 1, 1),
(3593, 'NIP3885', 23, 24, 8, 'Tugas', 60, '2020-02-07', 1, 1),
(3594, 'NIP3886', 23, 24, 8, 'Tugas', 74, '2020-02-07', 1, 1),
(3595, 'NIP3887', 23, 24, 8, 'Tugas', 89, '2020-02-07', 1, 1),
(3596, 'NIP3888', 23, 24, 8, 'Ulangan Harian', 74, '2020-02-07', 1, 1),
(3597, 'NIP3889', 23, 24, 8, 'Praktek', 70, '2020-02-07', 1, 1),
(3598, 'NIP3890', 23, 24, 8, 'UTS', 66, '2020-02-07', 1, 1),
(3599, 'NIP3891', 24, 24, 8, 'Tugas', 57, '2020-02-07', 1, 1),
(3600, 'NIP3892', 24, 24, 8, 'Tugas', 83, '2020-02-07', 1, 1),
(3601, 'NIP3893', 24, 24, 8, 'Tugas', 81, '2020-02-07', 1, 1),
(3602, 'NIP3894', 24, 24, 8, 'Tugas', 73, '2020-02-07', 1, 1),
(3603, 'NIP3895', 24, 24, 8, 'Ulangan Harian', 64, '2020-02-07', 1, 1),
(3604, 'NIP3896', 24, 24, 8, 'Praktek', 85, '2020-02-07', 1, 1),
(3605, 'NIP3897', 24, 24, 8, 'UTS', 77, '2020-02-07', 1, 1),
(3606, 'NIP3898', 25, 24, 8, 'Tugas', 55, '2020-02-07', 1, 1),
(3607, 'NIP3899', 25, 24, 8, 'Tugas', 88, '2020-02-07', 1, 1),
(3608, 'NIP3900', 25, 24, 8, 'Tugas', 99, '2020-02-07', 1, 1),
(3609, 'NIP3901', 25, 24, 8, 'Tugas', 65, '2020-02-07', 1, 1),
(3610, 'NIP3902', 25, 24, 8, 'Ulangan Harian', 78, '2020-02-07', 1, 1),
(3611, 'NIP3903', 25, 24, 8, 'Praktek', 65, '2020-02-07', 1, 1),
(3612, 'NIP3904', 25, 24, 8, 'UTS', 86, '2020-02-07', 1, 1),
(3613, 'NIP3905', 6, 24, 8, 'Tugas', 67, '2020-02-07', 1, 1),
(3614, 'NIP3906', 6, 24, 8, 'Tugas', 79, '2020-02-07', 1, 1),
(3615, 'NIP3907', 6, 24, 8, 'Tugas', 67, '2020-02-07', 1, 1),
(3616, 'NIP3908', 6, 24, 8, 'Tugas', 88, '2020-02-07', 1, 1),
(3617, 'NIP3909', 6, 24, 8, 'Ulangan Harian', 96, '2020-02-07', 1, 1),
(3618, 'NIP3910', 6, 24, 8, 'Praktek', 94, '2020-02-07', 1, 1),
(3619, 'NIP3911', 6, 24, 8, 'UTS', 65, '2020-02-07', 1, 1),
(3620, 'NIP3912', 11, 24, 8, 'Tugas', 36, '2020-02-07', 1, 1),
(3621, 'NIP3913', 11, 24, 8, 'Tugas', 78, '2020-02-07', 1, 1),
(3622, 'NIP3914', 11, 24, 8, 'Tugas', 53, '2020-02-07', 1, 1),
(3623, 'NIP3915', 11, 24, 8, 'Tugas', 74, '2020-02-07', 1, 1),
(3624, 'NIP3916', 11, 24, 8, 'Ulangan Harian', 74, '2020-02-07', 1, 1),
(3625, 'NIP3917', 11, 24, 8, 'Praktek', 42, '2020-02-07', 1, 1),
(3626, 'NIP3918', 11, 24, 8, 'UTS', 86, '2020-02-07', 1, 1),
(3627, 'NIP3919', 4, 24, 8, 'Tugas', 82, '2020-02-07', 1, 1),
(3628, 'NIP3920', 4, 24, 8, 'Tugas', 83, '2020-02-07', 1, 1),
(3629, 'NIP3921', 4, 24, 8, 'Tugas', 73, '2020-02-07', 1, 1),
(3630, 'NIP3922', 4, 24, 8, 'Tugas', 92, '2020-02-07', 1, 1),
(3631, 'NIP3923', 4, 24, 8, 'Ulangan Harian', 72, '2020-02-07', 1, 1),
(3632, 'NIP3924', 4, 24, 8, 'Praktek', 63, '2020-02-07', 1, 1),
(3633, 'NIP3925', 4, 24, 8, 'UTS', 72, '2020-02-07', 1, 1),
(3634, 'NIP3926', 8, 24, 8, 'Tugas', 61, '2020-02-07', 1, 1),
(3635, 'NIP3927', 8, 24, 8, 'Tugas', 73, '2020-02-07', 1, 1),
(3636, 'NIP3928', 8, 24, 8, 'Tugas', 73, '2020-02-07', 1, 1),
(3637, 'NIP3929', 8, 24, 8, 'Tugas', 84, '2020-02-07', 1, 1),
(3638, 'NIP3930', 8, 24, 8, 'Ulangan Harian', 45, '2020-02-07', 1, 1),
(3639, 'NIP3931', 8, 24, 8, 'Praktek', 67, '2020-02-07', 1, 1),
(3640, 'NIP3932', 8, 24, 8, 'UTS', 34, '2020-02-07', 1, 1),
(3641, 'NIP3933', 10, 24, 8, 'Tugas', 64, '2020-02-07', 1, 1),
(3642, 'NIP3934', 10, 24, 8, 'Tugas', 65, '2020-02-07', 1, 1),
(3643, 'NIP3935', 10, 24, 8, 'Tugas', 44, '2020-02-07', 1, 1),
(3644, 'NIP3936', 10, 24, 8, 'Tugas', 73, '2020-02-07', 1, 1),
(3645, 'NIP3937', 10, 24, 8, 'Ulangan Harian', 63, '2020-02-07', 1, 1),
(3646, 'NIP3938', 10, 24, 8, 'Praktek', 74, '2020-02-07', 1, 1),
(3647, 'NIP3939', 10, 24, 8, 'UTS', 41, '2020-02-07', 1, 1),
(3648, 'NIP3940', 21, 24, 8, 'Tugas', 78, '2020-02-07', 1, 1),
(3649, 'NIP3941', 21, 24, 8, 'Tugas', 53, '2020-02-07', 1, 1),
(3650, 'NIP3942', 21, 24, 8, 'Tugas', 74, '2020-02-07', 1, 1),
(3651, 'NIP3943', 21, 24, 8, 'Tugas', 74, '2020-02-07', 1, 1),
(3652, 'NIP3944', 21, 24, 8, 'Ulangan Harian', 42, '2020-02-07', 1, 1),
(3653, 'NIP3945', 21, 24, 8, 'Praktek', 86, '2020-02-07', 1, 1),
(3654, 'NIP3946', 21, 24, 8, 'UTS', 82, '2020-02-07', 1, 1),
(3655, 'NIP3940', 21, 24, 8, 'Tugas', 83, '2020-02-07', 1, 1),
(3656, 'NIP3941', 21, 24, 8, 'Tugas', 73, '2020-02-07', 1, 1),
(3657, 'NIP3942', 21, 24, 8, 'Tugas', 46, '2020-02-07', 1, 1),
(3658, 'NIP3943', 21, 24, 8, 'Tugas', 84, '2020-02-07', 1, 1),
(3659, 'NIP3944', 21, 24, 8, 'Ulangan Harian', 54, '2020-02-07', 1, 1),
(3660, 'NIP3945', 21, 24, 8, 'Praktek', 85, '2020-02-07', 1, 1),
(3661, 'NIP3946', 21, 24, 8, 'UTS', 66, '2020-02-07', 1, 1),
(3662, 'NIP3947', 26, 24, 8, 'Tugas', 74, '2020-02-07', 1, 1),
(3663, 'NIP3948', 26, 24, 8, 'Tugas', 85, '2020-02-07', 1, 1),
(3664, 'NIP3949', 26, 24, 8, 'Tugas', 52, '2020-02-07', 1, 1),
(3665, 'NIP3950', 26, 24, 8, 'Tugas', 74, '2020-02-07', 1, 1),
(3666, 'NIP3951', 26, 24, 8, 'Ulangan Harian', 62, '2020-02-07', 1, 1),
(3667, 'NIP3952', 26, 24, 8, 'Praktek', 52, '2020-02-07', 1, 1),
(3668, 'NIP3953', 26, 24, 8, 'UTS', 95, '2020-02-07', 1, 1),
(3669, 'NIP3954', 27, 24, 8, 'Tugas', 53, '2020-02-07', 1, 1),
(3670, 'NIP3955', 27, 24, 8, 'Tugas', 74, '2020-02-07', 1, 1),
(3671, 'NIP3956', 27, 24, 8, 'Tugas', 76, '2020-02-07', 1, 1),
(3672, 'NIP3957', 27, 24, 8, 'Tugas', 36, '2020-02-07', 1, 1),
(3673, 'NIP3958', 27, 24, 8, 'Ulangan Harian', 73, '2020-02-07', 1, 1),
(3674, 'NIP3959', 27, 24, 8, 'Praktek', 82, '2020-02-07', 1, 1),
(3675, 'NIP3960', 27, 24, 8, 'UTS', 91, '2020-02-07', 1, 1),
(3676, 'NIP3807', 1, 25, 8, 'Tugas', 64, '2020-02-07', 1, 1),
(3677, 'NIP3808', 1, 25, 8, 'Tugas', 53, '2020-02-07', 1, 1),
(3678, 'NIP3809', 1, 25, 8, 'Tugas', 74, '2020-02-07', 1, 1),
(3679, 'NIP3810', 1, 25, 8, 'Tugas', 75, '2020-02-07', 1, 1),
(3680, 'NIP3811', 1, 25, 8, 'Ulangan Harian', 53, '2020-02-07', 1, 1),
(3681, 'NIP3812', 1, 25, 8, 'Praktek', 85, '2020-02-07', 1, 1),
(3682, 'NIP3813', 1, 25, 8, 'UTS', 64, '2020-02-07', 1, 1),
(3683, 'NIP3814', 2, 25, 8, 'Tugas', 75, '2020-02-07', 1, 1),
(3684, 'NIP3815', 2, 25, 8, 'Tugas', 64, '2020-02-07', 1, 1),
(3685, 'NIP3816', 2, 25, 8, 'Tugas', 74, '2020-02-07', 1, 1),
(3686, 'NIP3817', 2, 25, 8, 'Tugas', 74, '2020-02-07', 1, 1),
(3687, 'NIP3818', 2, 25, 8, 'Ulangan Harian', 53, '2020-02-07', 1, 1),
(3688, 'NIP3819', 2, 25, 8, 'Praktek', 85, '2020-02-07', 1, 1),
(3689, 'NIP3820', 2, 25, 8, 'UTS', 88, '2020-02-07', 1, 1),
(3690, 'NIP3821', 3, 25, 8, 'Tugas', 45, '2020-02-07', 1, 1),
(3691, 'NIP3822', 3, 25, 8, 'Tugas', 72, '2020-02-07', 1, 1),
(3692, 'NIP3823', 3, 25, 8, 'Tugas', 75, '2020-02-07', 1, 1),
(3693, 'NIP3824', 3, 25, 8, 'Tugas', 94, '2020-02-07', 1, 1),
(3694, 'NIP3825', 3, 25, 8, 'Ulangan Harian', 74, '2020-02-07', 1, 1),
(3695, 'NIP3826', 3, 25, 8, 'Praktek', 75, '2020-02-07', 1, 1),
(3696, 'NIP3827', 3, 25, 8, 'UTS', 53, '2020-02-07', 1, 1),
(3697, 'NIP3828', 14, 25, 8, 'Tugas', 85, '2020-02-07', 1, 1),
(3698, 'NIP3829', 14, 25, 8, 'Tugas', 64, '2020-02-07', 1, 1),
(3699, 'NIP3830', 14, 25, 8, 'Tugas', 75, '2020-02-07', 1, 1),
(3700, 'NIP3831', 14, 25, 8, 'Tugas', 64, '2020-02-07', 1, 1),
(3701, 'NIP3832', 14, 25, 8, 'Ulangan Harian', 74, '2020-02-07', 1, 1),
(3702, 'NIP3833', 14, 25, 8, 'Praktek', 72, '2020-02-07', 1, 1),
(3703, 'NIP3834', 14, 25, 8, 'UTS', 81, '2020-02-07', 1, 1),
(3704, 'NIP3835', 16, 25, 8, 'Tugas', 90, '2020-02-07', 1, 1),
(3705, 'NIP3836', 16, 25, 8, 'Tugas', 95, '2020-02-07', 1, 1),
(3706, 'NIP3837', 16, 25, 8, 'Tugas', 54, '2020-02-07', 1, 1),
(3707, 'NIP3838', 16, 25, 8, 'Tugas', 85, '2020-02-07', 1, 1),
(3708, 'NIP3839', 16, 25, 8, 'Ulangan Harian', 53, '2020-02-07', 1, 1),
(3709, 'NIP3840', 16, 25, 8, 'Praktek', 75, '2020-02-07', 1, 1),
(3710, 'NIP3841', 16, 25, 8, 'UTS', 74, '2020-02-07', 1, 1),
(3711, 'NIP3842', 12, 25, 8, 'Tugas', 46, '2020-02-07', 1, 1),
(3712, 'NIP3843', 12, 25, 8, 'Tugas', 64, '2020-02-07', 1, 1),
(3713, 'NIP3844', 12, 25, 8, 'Tugas', 85, '2020-02-07', 1, 1),
(3714, 'NIP3845', 12, 25, 8, 'Tugas', 66, '2020-02-07', 1, 1),
(3715, 'NIP3846', 12, 25, 8, 'Ulangan Harian', 84, '2020-02-07', 1, 1),
(3716, 'NIP3847', 12, 25, 8, 'Praktek', 65, '2020-02-07', 1, 1),
(3717, 'NIP3848', 12, 25, 8, 'UTS', 75, '2020-02-07', 1, 1),
(3718, 'NIP3849', 19, 25, 8, 'Tugas', 63, '2020-02-07', 1, 1),
(3719, 'NIP3850', 19, 25, 8, 'Tugas', 74, '2020-02-07', 1, 1),
(3720, 'NIP3851', 19, 25, 8, 'Tugas', 52, '2020-02-07', 1, 1),
(3721, 'NIP3852', 19, 25, 8, 'Tugas', 74, '2020-02-07', 1, 1),
(3722, 'NIP3853', 19, 25, 8, 'Ulangan Harian', 62, '2020-02-07', 1, 1),
(3723, 'NIP3854', 19, 25, 8, 'Praktek', 52, '2020-02-07', 1, 1),
(3724, 'NIP3855', 19, 25, 8, 'UTS', 95, '2020-02-07', 1, 1),
(3725, 'NIP3856', 20, 25, 8, 'Tugas', 53, '2020-02-07', 1, 1),
(3726, 'NIP3857', 20, 25, 8, 'Tugas', 74, '2020-02-07', 1, 1),
(3727, 'NIP3858', 20, 25, 8, 'Tugas', 76, '2020-02-07', 1, 1),
(3728, 'NIP3859', 20, 25, 8, 'Tugas', 36, '2020-02-07', 1, 1),
(3729, 'NIP3860', 20, 25, 8, 'Ulangan Harian', 73, '2020-02-07', 1, 1),
(3730, 'NIP3861', 20, 25, 8, 'Praktek', 82, '2020-02-07', 1, 1),
(3731, 'NIP3862', 20, 25, 8, 'UTS', 91, '2020-02-07', 1, 1),
(3732, 'NIP3863', 15, 25, 8, 'Tugas', 78, '2020-02-07', 1, 1),
(3733, 'NIP3864', 15, 25, 8, 'Tugas', 89, '2020-02-07', 1, 1),
(3734, 'NIP3865', 15, 25, 8, 'Tugas', 61, '2020-02-07', 1, 1),
(3735, 'NIP3866', 15, 25, 8, 'Tugas', 67, '2020-02-07', 1, 1),
(3736, 'NIP3867', 15, 25, 8, 'Ulangan Harian', 36, '2020-02-07', 1, 1),
(3737, 'NIP3868', 15, 25, 8, 'Praktek', 75, '2020-02-07', 1, 1),
(3738, 'NIP3869', 15, 25, 8, 'UTS', 63, '2020-02-07', 1, 1),
(3739, 'NIP3870', 17, 25, 8, 'Tugas', 84, '2020-02-07', 1, 1),
(3740, 'NIP3871', 17, 25, 8, 'Tugas', 95, '2020-02-07', 1, 1),
(3741, 'NIP3872', 17, 25, 8, 'Tugas', 66, '2020-02-07', 1, 1),
(3742, 'NIP3873', 17, 25, 8, 'Tugas', 88, '2020-02-07', 1, 1),
(3743, 'NIP3874', 17, 25, 8, 'Ulangan Harian', 55, '2020-02-07', 1, 1),
(3744, 'NIP3875', 17, 25, 8, 'Praktek', 87, '2020-02-07', 1, 1),
(3745, 'NIP3876', 17, 25, 8, 'UTS', 65, '2020-02-07', 1, 1),
(3746, 'NIP3877', 13, 25, 8, 'Tugas', 84, '2020-02-07', 1, 1),
(3747, 'NIP3878', 13, 25, 8, 'Tugas', 83, '2020-02-07', 1, 1),
(3748, 'NIP3879', 13, 25, 8, 'Tugas', 72, '2020-02-07', 1, 1),
(3749, 'NIP3880', 13, 25, 8, 'Tugas', 80, '2020-02-07', 1, 1),
(3750, 'NIP3881', 13, 25, 8, 'Ulangan Harian', 50, '2020-02-07', 1, 1),
(3751, 'NIP3882', 13, 25, 8, 'Praktek', 60, '2020-02-07', 1, 1),
(3752, 'NIP3883', 13, 25, 8, 'UTS', 83, '2020-02-07', 1, 1),
(3753, 'NIP3884', 23, 25, 8, 'Tugas', 77, '2020-02-07', 1, 1),
(3754, 'NIP3885', 23, 25, 8, 'Tugas', 60, '2020-02-07', 1, 1),
(3755, 'NIP3886', 23, 25, 8, 'Tugas', 74, '2020-02-07', 1, 1),
(3756, 'NIP3887', 23, 25, 8, 'Tugas', 89, '2020-02-07', 1, 1),
(3757, 'NIP3888', 23, 25, 8, 'Ulangan Harian', 74, '2020-02-07', 1, 1),
(3758, 'NIP3889', 23, 25, 8, 'Praktek', 70, '2020-02-07', 1, 1),
(3759, 'NIP3890', 23, 25, 8, 'UTS', 66, '2020-02-07', 1, 1),
(3760, 'NIP3891', 24, 25, 8, 'Tugas', 57, '2020-02-07', 1, 1),
(3761, 'NIP3892', 24, 25, 8, 'Tugas', 83, '2020-02-07', 1, 1),
(3762, 'NIP3893', 24, 25, 8, 'Tugas', 81, '2020-02-07', 1, 1),
(3763, 'NIP3894', 24, 25, 8, 'Tugas', 73, '2020-02-07', 1, 1),
(3764, 'NIP3895', 24, 25, 8, 'Ulangan Harian', 64, '2020-02-07', 1, 1),
(3765, 'NIP3896', 24, 25, 8, 'Praktek', 85, '2020-02-07', 1, 1),
(3766, 'NIP3897', 24, 25, 8, 'UTS', 77, '2020-02-07', 1, 1),
(3767, 'NIP3898', 25, 25, 8, 'Tugas', 55, '2020-02-07', 1, 1),
(3768, 'NIP3899', 25, 25, 8, 'Tugas', 45, '2020-02-07', 1, 1),
(3769, 'NIP3900', 25, 25, 8, 'Tugas', 67, '2020-02-07', 1, 1),
(3770, 'NIP3901', 25, 25, 8, 'Tugas', 34, '2020-02-07', 1, 1),
(3771, 'NIP3902', 25, 25, 8, 'Ulangan Harian', 64, '2020-02-07', 1, 1),
(3772, 'NIP3903', 25, 25, 8, 'Praktek', 65, '2020-02-07', 1, 1),
(3773, 'NIP3904', 25, 25, 8, 'UTS', 44, '2020-02-07', 1, 1),
(3774, 'NIP3905', 6, 25, 8, 'Tugas', 73, '2020-02-07', 1, 1),
(3775, 'NIP3906', 6, 25, 8, 'Tugas', 63, '2020-02-07', 1, 1),
(3776, 'NIP3907', 6, 25, 8, 'Tugas', 74, '2020-02-07', 1, 1),
(3777, 'NIP3908', 6, 25, 8, 'Tugas', 41, '2020-02-07', 1, 1),
(3778, 'NIP3909', 6, 25, 8, 'Ulangan Harian', 78, '2020-02-07', 1, 1),
(3779, 'NIP3910', 6, 25, 8, 'Praktek', 53, '2020-02-07', 1, 1),
(3780, 'NIP3911', 6, 25, 8, 'UTS', 74, '2020-02-07', 1, 1),
(3781, 'NIP3912', 11, 25, 8, 'Tugas', 74, '2020-02-07', 1, 1),
(3782, 'NIP3913', 11, 25, 8, 'Tugas', 78, '2020-02-07', 1, 1),
(3783, 'NIP3914', 11, 25, 8, 'Tugas', 53, '2020-02-07', 1, 1),
(3784, 'NIP3915', 11, 25, 8, 'Tugas', 74, '2020-02-07', 1, 1),
(3785, 'NIP3916', 11, 25, 8, 'Ulangan Harian', 74, '2020-02-07', 1, 1),
(3786, 'NIP3917', 11, 25, 8, 'Praktek', 42, '2020-02-07', 1, 1),
(3787, 'NIP3918', 11, 25, 8, 'UTS', 86, '2020-02-07', 1, 1),
(3788, 'NIP3919', 4, 25, 8, 'Tugas', 82, '2020-02-07', 1, 1),
(3789, 'NIP3920', 4, 25, 8, 'Tugas', 83, '2020-02-07', 1, 1),
(3790, 'NIP3921', 4, 25, 8, 'Tugas', 73, '2020-02-07', 1, 1),
(3791, 'NIP3922', 4, 25, 8, 'Tugas', 92, '2020-02-07', 1, 1),
(3792, 'NIP3923', 4, 25, 8, 'Ulangan Harian', 72, '2020-02-07', 1, 1),
(3793, 'NIP3924', 4, 25, 8, 'Praktek', 63, '2020-02-07', 1, 1),
(3794, 'NIP3925', 4, 25, 8, 'UTS', 72, '2020-02-07', 1, 1),
(3795, 'NIP3926', 8, 25, 8, 'Tugas', 61, '2020-02-07', 1, 1),
(3796, 'NIP3927', 8, 25, 8, 'Tugas', 73, '2020-02-07', 1, 1),
(3797, 'NIP3928', 8, 25, 8, 'Tugas', 73, '2020-02-07', 1, 1),
(3798, 'NIP3929', 8, 25, 8, 'Tugas', 84, '2020-02-07', 1, 1),
(3799, 'NIP3930', 8, 25, 8, 'Ulangan Harian', 45, '2020-02-07', 1, 1),
(3800, 'NIP3931', 8, 25, 8, 'Praktek', 67, '2020-02-07', 1, 1),
(3801, 'NIP3932', 8, 25, 8, 'UTS', 34, '2020-02-07', 1, 1),
(3802, 'NIP3933', 10, 25, 8, 'Tugas', 64, '2020-02-07', 1, 1),
(3803, 'NIP3934', 10, 25, 8, 'Tugas', 65, '2020-02-07', 1, 1),
(3804, 'NIP3935', 10, 25, 8, 'Tugas', 44, '2020-02-07', 1, 1),
(3805, 'NIP3936', 10, 25, 8, 'Tugas', 73, '2020-02-07', 1, 1),
(3806, 'NIP3937', 10, 25, 8, 'Ulangan Harian', 63, '2020-02-07', 1, 1),
(3807, 'NIP3938', 10, 25, 8, 'Praktek', 74, '2020-02-07', 1, 1),
(3808, 'NIP3939', 10, 25, 8, 'UTS', 41, '2020-02-07', 1, 1),
(3809, 'NIP3940', 21, 25, 8, 'Tugas', 78, '2020-02-07', 1, 1),
(3810, 'NIP3941', 21, 25, 8, 'Tugas', 53, '2020-02-07', 1, 1),
(3811, 'NIP3942', 21, 25, 8, 'Tugas', 74, '2020-02-07', 1, 1),
(3812, 'NIP3943', 21, 25, 8, 'Tugas', 74, '2020-02-07', 1, 1),
(3813, 'NIP3944', 21, 25, 8, 'Ulangan Harian', 42, '2020-02-07', 1, 1),
(3814, 'NIP3945', 21, 25, 8, 'Praktek', 86, '2020-02-07', 1, 1),
(3815, 'NIP3946', 21, 25, 8, 'UTS', 82, '2020-02-07', 1, 1),
(3816, 'NIP3940', 21, 25, 8, 'Tugas', 83, '2020-02-07', 1, 1),
(3817, 'NIP3941', 21, 25, 8, 'Tugas', 81, '2020-02-07', 1, 1),
(3818, 'NIP3942', 21, 25, 8, 'Tugas', 73, '2020-02-07', 1, 1),
(3819, 'NIP3943', 21, 25, 8, 'Tugas', 64, '2020-02-07', 1, 1),
(3820, 'NIP3944', 21, 25, 8, 'Ulangan Harian', 85, '2020-02-07', 1, 1),
(3821, 'NIP3945', 21, 25, 8, 'Praktek', 77, '2020-02-07', 1, 1),
(3822, 'NIP3946', 21, 25, 8, 'UTS', 55, '2020-02-07', 1, 1),
(3823, 'NIP3947', 26, 25, 8, 'Tugas', 88, '2020-02-07', 1, 1),
(3824, 'NIP3948', 26, 25, 8, 'Tugas', 99, '2020-02-07', 1, 1),
(3825, 'NIP3949', 26, 25, 8, 'Tugas', 65, '2020-02-07', 1, 1),
(3826, 'NIP3950', 26, 25, 8, 'Tugas', 74, '2020-02-07', 1, 1),
(3827, 'NIP3951', 26, 25, 8, 'Ulangan Harian', 74, '2020-02-07', 1, 1),
(3828, 'NIP3952', 26, 25, 8, 'Praktek', 53, '2020-02-07', 1, 1),
(3829, 'NIP3953', 26, 25, 8, 'UTS', 53, '2020-02-07', 1, 1),
(3830, 'NIP3954', 27, 25, 8, 'Tugas', 74, '2020-02-07', 1, 1),
(3831, 'NIP3955', 27, 25, 8, 'Tugas', 74, '2020-02-07', 1, 1),
(3832, 'NIP3956', 27, 25, 8, 'Tugas', 85, '2020-02-07', 1, 1),
(3833, 'NIP3957', 27, 25, 8, 'Tugas', 93, '2020-02-07', 1, 1),
(3834, 'NIP3958', 27, 25, 8, 'Ulangan Harian', 53, '2020-02-07', 1, 1),
(3835, 'NIP3959', 27, 25, 8, 'Praktek', 52, '2020-02-07', 1, 1),
(3836, 'NIP3960', 27, 25, 8, 'UTS', 53, '2020-02-07', 1, 1),
(3837, 'NIP3806', 18, 43, 14, 'Tugas', 80, '2020-02-08', 1, 1),
(3838, 'NIP3806', 18, 44, 14, 'Tugas', 83, '2020-02-08', 1, 1),
(3839, 'NIP3806', 18, 45, 14, 'Tugas', 92, '2020-02-08', 1, 1),
(3840, 'NIP3810', 21, 49, 16, 'Tugas', 83, '2020-02-08', 1, 1),
(3841, 'NIP3810', 21, 50, 16, 'Tugas', 80, '2020-02-08', 1, 1),
(3842, 'NIP3810', 21, 51, 16, 'Tugas', 90, '2020-02-08', 1, 1),
(3843, 'NIP3811', 6, 49, 16, 'Tugas', 75, '2020-02-08', 1, 1),
(3844, 'NIP3811', 6, 50, 16, 'Tugas', 80, '2020-02-08', 1, 1),
(3845, 'NIP3811', 6, 51, 16, 'Tugas', 84, '2020-02-08', 1, 1);

-- --------------------------------------------------------

--
-- Table structure for table `catatan_walikelas`
--

CREATE TABLE `catatan_walikelas` (
  `idCatatan` int(11) NOT NULL,
  `idSiswa` int(11) NOT NULL,
  `catatan` text NOT NULL
) ENGINE=InnoDB DEFAULT CHARSET=utf8mb4;

--
-- Dumping data for table `catatan_walikelas`
--

INSERT INTO `catatan_walikelas` (`idCatatan`, `idSiswa`, `catatan`) VALUES
(1, 2, 'Sangat Baik'),
(2, 5, ' Sangat Baik'),
(3, 8, ' Baik');

-- --------------------------------------------------------

--
-- Table structure for table `datasiswa`
--

CREATE TABLE `datasiswa` (
  `idSiswa` int(11) NOT NULL,
  `nomorInduk` varchar(50) NOT NULL,
  `idKelas` int(11) NOT NULL,
  `idTahunAjaran` int(11) NOT NULL,
  `statusSiswa` int(11) NOT NULL
) ENGINE=InnoDB DEFAULT CHARSET=utf8mb4;

--
-- Dumping data for table `datasiswa`
--

INSERT INTO `datasiswa` (`idSiswa`, `nomorInduk`, `idKelas`, `idTahunAjaran`, `statusSiswa`) VALUES
(1, '0000000001', 1, 1, 1),
(2, '0000000002', 2, 1, 1),
(3, '0000000003', 3, 1, 1),
(4, '0000000004', 1, 1, 1),
(5, '0000000005', 2, 1, 1),
(6, '0000000006', 3, 1, 1),
(7, '0000000007', 1, 1, 1),
(8, '0000000008', 2, 1, 1),
(9, '0000000009', 3, 1, 1),
(10, '0000000010', 4, 1, 1),
(11, '0000000011', 4, 1, 1),
(12, '0000000011', 4, 1, 0),
(13, '0000000012', 4, 1, 1),
(14, '0000000013', 5, 1, 1),
(15, '0000000014', 5, 1, 1),
(16, '0000000015', 5, 1, 1),
(17, '0000000016', 0, 0, 0),
(18, '0000000016', 6, 1, 1),
(19, '0000000017', 6, 1, 1),
(20, '0000000018', 6, 1, 1),
(21, '0000000019', 7, 1, 1),
(22, '0000000020', 7, 1, 1),
(23, '0000000021', 7, 1, 1),
(24, '0000000022', 8, 1, 1),
(25, '0000000023', 8, 1, 1),
(26, '0000000024', 8, 1, 1),
(27, '0000000025', 9, 1, 1),
(28, '0000000026', 9, 1, 1),
(29, '0000000027', 0, 0, 0),
(30, '0000000027', 9, 1, 1),
(31, '0000000028', 10, 1, 1),
(32, '0000000029', 10, 1, 1),
(33, '0000000030', 10, 1, 1),
(34, '0000000031', 11, 1, 1),
(35, '0000000032', 11, 1, 1),
(36, '0000000033', 11, 1, 1),
(37, '0000000034', 12, 1, 1),
(38, '0000000035', 12, 1, 1),
(39, '0000000036', 12, 1, 1),
(40, '0000000037', 13, 1, 1),
(41, '0000000038', 13, 1, 1),
(42, '0000000039', 13, 1, 1),
(43, '0000000040', 14, 1, 1),
(44, '0000000041', 14, 1, 1),
(45, '0000000042', 14, 1, 1),
(46, '0000000043', 15, 1, 1),
(47, '0000000044', 15, 1, 1),
(48, '0000000045', 15, 1, 1),
(49, '0000000046', 16, 1, 1),
(50, '0000000047', 16, 1, 1),
(51, '0000000048', 16, 1, 1);

-- --------------------------------------------------------

--
-- Table structure for table `ekskul_siswa`
--

CREATE TABLE `ekskul_siswa` (
  `idEkskul` int(11) NOT NULL,
  `idSiswa` int(11) NOT NULL,
  `namaEkskul` varchar(100) NOT NULL,
  `predikat` varchar(10) NOT NULL,
  `ketEkskul` text NOT NULL,
  `statusEkskul` int(11) NOT NULL
) ENGINE=InnoDB DEFAULT CHARSET=utf8mb4;

--
-- Dumping data for table `ekskul_siswa`
--

INSERT INTO `ekskul_siswa` (`idEkskul`, `idSiswa`, `namaEkskul`, `predikat`, `ketEkskul`, `statusEkskul`) VALUES
(1, 1, 'Voli', 'A', 'Sangat Baik', 1),
(2, 1, 'OSIS', 'B', 'Baik', 1),
(3, 1, 'ROHIS', 'B', 'Baik', 1),
(4, 1, 'Basket', 'B', 'Lumayan Baik', 1),
(5, 4, 'Futsal', 'A', 'Sangat Baik', 0),
(6, 4, 'Tari Saman', 'B', 'Baik', 0),
(7, 4, 'ROHIS', 'A', 'Baik', 0);

-- --------------------------------------------------------

--
-- Table structure for table `informasispp`
--

CREATE TABLE `informasispp` (
  `idInfo` int(11) NOT NULL,
  `idSiswa` int(11) NOT NULL,
  `jumlah` int(11) NOT NULL,
  `statusInfo` int(11) NOT NULL
) ENGINE=InnoDB DEFAULT CHARSET=utf8mb4;

--
-- Dumping data for table `informasispp`
--

INSERT INTO `informasispp` (`idInfo`, `idSiswa`, `jumlah`, `statusInfo`) VALUES
(1, 1, 450000, 0),
(2, 4, 450000, 1),
(3, 7, 450000, 1);

-- --------------------------------------------------------

--
-- Table structure for table `ir`
--

CREATE TABLE `ir` (
  `jumlah` int(11) NOT NULL,
  `nilai` float NOT NULL
) ENGINE=MyISAM DEFAULT CHARSET=latin1;

--
-- Dumping data for table `ir`
--

INSERT INTO `ir` (`jumlah`, `nilai`) VALUES
(1, 0),
(2, 0),
(3, 0.58),
(4, 0.9),
(5, 1.12),
(6, 1.24),
(7, 1.32),
(8, 1.41),
(9, 1.45),
(10, 1.49),
(11, 1.51),
(12, 1.48),
(13, 1.56),
(14, 1.57),
(15, 1.59);

-- --------------------------------------------------------

--
-- Table structure for table `jadwal`
--

CREATE TABLE `jadwal` (
  `idJadwal` int(11) NOT NULL,
  `idKelas` int(11) NOT NULL,
  `idTahunAjaran` int(11) NOT NULL,
  `nomorInduk` varchar(50) NOT NULL,
  `idMapel` int(11) NOT NULL,
  `hari` varchar(50) NOT NULL,
  `jamMulai` time NOT NULL,
  `jamSelesai` time NOT NULL,
  `statusJadwal` int(11) NOT NULL
) ENGINE=InnoDB DEFAULT CHARSET=utf8mb4;

--
-- Dumping data for table `jadwal`
--

INSERT INTO `jadwal` (`idJadwal`, `idKelas`, `idTahunAjaran`, `nomorInduk`, `idMapel`, `hari`, `jamMulai`, `jamSelesai`, `statusJadwal`) VALUES
(1, 1, 1, 'NIP3808', 11, 'Senin', '07:00:00', '09:15:00', 1),
(2, 1, 1, 'NIP3834', 2, 'Senin', '09:15:00', '10:00:00', 1),
(3, 1, 1, 'NIP3816', 13, 'Senin', '10:15:00', '11:45:00', 1),
(4, 1, 1, 'NIP3811', 17, 'Senin', '11:45:00', '13:15:00', 1),
(5, 1, 1, 'NIP3833', 19, 'Senin', '13:45:00', '15:15:00', 1),
(6, 2, 1, 'NIP3825', 14, 'Senin', '07:00:00', '08:30:00', 1),
(7, 2, 1, 'NIP3813', 2, 'Senin', '08:30:00', '10:00:00', 1),
(8, 2, 1, 'NIP3811', 17, 'Senin', '10:15:00', '11:45:00', 1),
(9, 2, 1, 'NIP3833', 19, 'Senin', '11:45:00', '13:15:00', 1),
(10, 2, 1, 'NIP3816', 13, 'Senin', '13:45:00', '15:15:00', 1),
(11, 3, 1, 'NIP3816', 13, 'Senin', '07:00:00', '08:30:00', 1),
(12, 3, 1, 'NIP3824', 1, 'Senin', '08:30:00', '11:00:00', 1),
(13, 3, 1, 'NIP3835', 15, 'Senin', '11:00:00', '13:15:00', 1),
(14, 3, 1, 'NIP3813', 2, 'Senin', '13:45:00', '15:15:00', 1),
(15, 4, 1, 'NIP3837', 7, 'Senin', '07:00:00', '09:15:00', 1),
(16, 4, 1, 'NIP3815', 16, 'Senin', '09:15:00', '11:00:00', 1),
(17, 4, 1, 'NIP3834', 2, 'Senin', '11:00:00', '11:45:00', 1),
(18, 4, 1, 'NIP3813', 2, 'Senin', '11:45:00', '13:15:00', 1),
(19, 4, 1, 'NIP3811', 6, 'Senin', '13:45:00', '15:15:00', 1),
(20, 5, 1, 'NIP3813', 2, 'Senin', '07:00:00', '08:30:00', 1),
(21, 5, 1, 'NIP3834', 2, 'Senin', '08:30:00', '09:15:00', 1),
(22, 5, 1, 'NIP3837', 7, 'Senin', '09:15:00', '11:45:00', 1),
(23, 5, 1, 'NIP3809', 11, 'Senin', '11:45:00', '13:15:00', 1),
(24, 5, 1, 'NIP3815', 16, 'Senin', '13:45:00', '15:15:00', 1),
(25, 6, 1, 'NIP3809', 11, 'Senin', '07:00:00', '08:30:00', 1),
(26, 6, 1, 'NIP3812', 4, 'Senin', '08:30:00', '10:00:00', 1),
(27, 6, 1, 'NIP3814', 3, 'Senin', '10:15:00', '11:45:00', 1),
(28, 6, 1, 'NIP3816', 14, 'Senin', '11:45:00', '13:15:00', 1),
(29, 6, 1, 'NIP3830', 8, 'Senin', '13:45:00', '15:15:00', 1),
(30, 7, 1, 'NIP3818', 13, 'Senin', '07:00:00', '08:30:00', 1),
(31, 7, 1, 'NIP3814', 3, 'Senin', '08:30:00', '10:00:00', 1),
(32, 7, 1, 'NIP3809', 11, 'Senin', '10:15:00', '11:45:00', 1),
(33, 7, 1, 'NIP3817', 11, 'Senin', '11:45:00', '13:15:00', 1),
(34, 7, 1, 'NIP3812', 4, 'Senin', '13:45:00', '15:15:00', 1),
(35, 8, 1, 'NIP3814', 3, 'Senin', '07:00:00', '08:30:00', 1),
(36, 8, 1, 'NIP3816', 14, 'Senin', '08:30:00', '10:00:00', 1),
(37, 8, 1, 'NIP3812', 4, 'Senin', '10:15:00', '11:45:00', 1),
(38, 8, 1, 'NIP3815', 16, 'Senin', '11:45:00', '13:15:00', 1),
(39, 8, 1, 'NIP3809', 11, 'Senin', '13:45:00', '15:15:00', 1),
(40, 9, 1, 'NIP3806', 18, 'Senin', '07:00:00', '08:30:00', 1),
(41, 9, 1, 'NIP3823', 5, 'Senin', '08:30:00', '09:15:00', 1),
(42, 9, 1, 'NIP3820', 15, 'Senin', '09:15:00', '11:45:00', 1),
(43, 9, 1, 'NIP3826', 2, 'Senin', '11:45:00', '13:15:00', 1),
(44, 9, 1, 'NIP3837', 7, 'Senin', '13:45:00', '15:15:00', 1),
(45, 10, 1, 'NIP3820', 15, 'Senin', '07:00:00', '09:15:00', 1),
(46, 10, 1, 'NIP3825', 14, 'Senin', '09:15:00', '10:00:00', 1),
(47, 10, 1, 'NIP3806', 18, 'Senin', '10:15:00', '11:45:00', 1),
(48, 10, 1, 'NIP3837', 7, 'Senin', '11:45:00', '13:15:00', 1),
(49, 10, 1, 'NIP3826', 2, 'Senin', '13:45:00', '15:15:00', 1),
(50, 11, 1, 'NIP3819', 8, 'Senin', '07:00:00', '08:30:00', 1),
(51, 11, 1, 'NIP3817', 11, 'Senin', '08:30:00', '10:00:00', 1),
(52, 11, 1, 'NIP3807', 10, 'Senin', '10:15:00', '11:45:00', 1),
(53, 11, 1, 'NIP3808', 12, 'Senin', '11:45:00', '13:15:00', 1),
(54, 11, 1, 'NIP3824', 1, 'Senin', '13:45:00', '15:15:00', 1),
(55, 12, 1, 'NIP3807', 10, 'Senin', '07:00:00', '08:30:00', 1),
(56, 12, 1, 'NIP3819', 8, 'Senin', '08:30:00', '10:00:00', 1),
(57, 12, 1, 'NIP3817', 11, 'Senin', '10:15:00', '11:45:00', 1),
(58, 12, 1, 'NIP3814', 3, 'Senin', '11:45:00', '13:15:00', 1),
(59, 12, 1, 'NIP3808', 12, 'Senin', '13:45:00', '15:15:00', 1),
(60, 13, 1, 'NIP3817', 11, 'Senin', '07:00:00', '08:30:00', 1),
(61, 13, 1, 'NIP3807', 10, 'Senin', '08:30:00', '10:00:00', 1),
(62, 13, 1, 'NIP3808', 12, 'Senin', '10:15:00', '11:45:00', 1),
(63, 13, 1, 'NIP3819', 8, 'Senin', '11:45:00', '13:15:00', 1),
(64, 13, 1, 'NIP3814', 3, 'Senin', '13:45:00', '15:15:00', 1),
(65, 14, 1, 'NIP3833', 19, 'Senin', '07:00:00', '08:30:00', 1),
(66, 14, 1, 'NIP3810', 21, 'Senin', '08:30:00', '10:00:00', 1),
(67, 14, 1, 'NIP3826', 2, 'Senin', '10:15:00', '11:45:00', 1),
(68, 14, 1, 'NIP3825', 14, 'Senin', '11:45:00', '13:15:00', 1),
(69, 14, 1, 'NIP3818', 13, 'Senin', '13:45:00', '15:15:00', 1),
(70, 15, 1, 'NIP3810', 21, 'Senin', '07:00:00', '08:30:00', 1),
(71, 15, 1, 'NIP3826', 2, 'Senin', '08:30:00', '10:00:00', 1),
(72, 15, 1, 'NIP3833', 19, 'Senin', '10:15:00', '11:45:00', 1),
(73, 15, 1, 'NIP3806', 18, 'Senin', '11:45:00', '13:15:00', 1),
(74, 15, 1, 'NIP3825', 14, 'Senin', '13:45:00', '15:15:00', 1),
(75, 16, 1, 'NIP3826', 2, 'Senin', '07:00:00', '08:30:00', 1),
(76, 16, 1, 'NIP3833', 19, 'Senin', '08:30:00', '10:00:00', 1),
(77, 16, 1, 'NIP3825', 14, 'Senin', '10:15:00', '11:45:00', 1),
(78, 16, 1, 'NIP3818', 13, 'Senin', '11:45:00', '13:15:00', 1),
(79, 16, 1, 'NIP3810', 21, 'Senin', '13:45:00', '15:15:00', 1),
(80, 1, 1, 'NIP3813', 2, 'Selasa', '07:00:00', '08:30:00', 1),
(81, 1, 1, 'NIP3811', 6, 'Selasa', '08:30:00', '10:00:00', 1),
(82, 1, 1, 'NIP3809', 12, 'Selasa', '10:15:00', '11:45:00', 1),
(83, 1, 1, 'NIP3831', 20, 'Selasa', '11:45:00', '13:15:00', 1),
(84, 2, 1, 'NIP3808', 11, 'Selasa', '07:00:00', '09:15:00', 1),
(85, 2, 1, 'NIP3832', 16, 'Selasa', '09:15:00', '11:00:00', 1),
(86, 2, 1, 'NIP3807', 10, 'Selasa', '11:00:00', '13:15:00', 1),
(87, 3, 1, 'NIP3807', 10, 'Selasa', '07:00:00', '09:15:00', 1),
(88, 3, 1, 'NIP3808', 11, 'Selasa', '09:15:00', '11:45:00', 1),
(89, 3, 1, 'NIP3832', 16, 'Selasa', '11:45:00', '13:15:00', 1),
(90, 4, 1, 'NIP3831', 20, 'Selasa', '07:00:00', '08:30:00', 1),
(91, 4, 1, 'NIP3835', 15, 'Selasa', '08:30:00', '11:00:00', 1),
(92, 4, 1, 'NIP3818', 3, 'Selasa', '11:00:00', '12:30:00', 1),
(93, 4, 1, 'NIP3825', 14, 'Selasa', '12:30:00', '13:15:00', 1),
(94, 5, 1, 'NIP3832', 19, 'Selasa', '07:00:00', '08:30:00', 1),
(95, 5, 1, 'NIP3825', 14, 'Selasa', '08:30:00', '09:15:00', 1),
(96, 5, 1, 'NIP3831', 20, 'Selasa', '09:15:00', '11:00:00', 1),
(97, 5, 1, 'NIP3835', 15, 'Selasa', '11:00:00', '13:15:00', 1),
(98, 6, 1, 'NIP3836', 10, 'Selasa', '07:00:00', '08:30:00', 1),
(99, 6, 1, 'NIP3833', 19, 'Selasa', '08:30:00', '10:00:00', 1),
(100, 6, 1, 'NIP3820', 15, 'Selasa', '10:15:00', '12:30:00', 1),
(101, 6, 1, 'NIP3816', 26, 'Selasa', '12:30:00', '15:15:00', 1),
(102, 7, 1, 'NIP3816', 26, 'Selasa', '07:00:00', '09:15:00', 1),
(103, 7, 1, 'NIP3836', 10, 'Selasa', '09:15:00', '11:00:00', 1),
(104, 7, 1, 'NIP3823', 5, 'Selasa', '11:00:00', '11:45:00', 1),
(105, 7, 1, 'NIP3830', 8, 'Selasa', '11:45:00', '13:15:00', 1),
(106, 7, 1, 'NIP3833', 19, 'Selasa', '13:45:00', '15:15:00', 1),
(107, 8, 1, 'NIP3820', 15, 'Selasa', '07:00:00', '09:15:00', 1),
(108, 8, 1, 'NIP3816', 26, 'Selasa', '09:15:00', '11:45:00', 1),
(109, 8, 1, 'NIP3833', 19, 'Selasa', '11:45:00', '13:15:00', 1),
(110, 8, 1, 'NIP3830', 8, 'Selasa', '13:45:00', '15:15:00', 1),
(111, 9, 1, 'NIP3825', 14, 'Selasa', '07:00:00', '08:30:00', 1),
(112, 9, 1, 'NIP3826', 2, 'Selasa', '08:30:00', '10:00:00', 1),
(113, 9, 1, 'NIP3811', 6, 'Selasa', '10:15:00', '11:45:00', 1),
(114, 9, 1, 'NIP3817', 11, 'Selasa', '11:45:00', '13:15:00', 1),
(115, 9, 1, 'NIP3810', 21, 'Selasa', '13:45:00', '15:15:00', 1),
(116, 10, 1, 'NIP3818', 13, 'Selasa', '07:00:00', '08:30:00', 1),
(117, 10, 1, 'NIP3810', 21, 'Selasa', '08:30:00', '10:00:00', 1),
(118, 10, 1, 'NIP3825', 14, 'Selasa', '10:15:00', '11:45:00', 1),
(119, 10, 1, 'NIP3821', 9, 'Selasa', '11:45:00', '13:15:00', 1),
(120, 10, 1, 'NIP3826', 2, 'Selasa', '13:45:00', '15:15:00', 1),
(121, 11, 1, 'NIP3826', 2, 'Selasa', '07:00:00', '08:30:00', 1),
(122, 11, 1, 'NIP3829', 4, 'Selasa', '08:30:00', '10:00:00', 1),
(123, 11, 1, 'NIP3817', 11, 'Selasa', '10:15:00', '11:45:00', 1),
(124, 11, 1, 'NIP3815', 16, 'Selasa', '11:45:00', '13:15:00', 1),
(125, 11, 1, 'NIP3824', 1, 'Selasa', '13:45:00', '15:15:00', 1),
(126, 12, 1, 'NIP3817', 11, 'Selasa', '07:00:00', '08:30:00', 1),
(127, 12, 1, 'NIP3824', 1, 'Selasa', '08:30:00', '10:00:00', 1),
(128, 12, 1, 'NIP3829', 4, 'Selasa', '10:15:00', '11:45:00', 1),
(129, 12, 1, 'NIP3826', 2, 'Selasa', '11:45:00', '13:15:00', 1),
(130, 12, 1, 'NIP3815', 16, 'Selasa', '13:45:00', '15:15:00', 1),
(131, 13, 1, 'NIP3829', 4, 'Selasa', '07:00:00', '08:30:00', 1),
(132, 13, 1, 'NIP3818', 13, 'Selasa', '08:30:00', '10:00:00', 1),
(133, 13, 1, 'NIP3826', 2, 'Selasa', '10:15:00', '11:45:00', 1),
(134, 13, 1, 'NIP3824', 1, 'Selasa', '11:45:00', '13:15:00', 1),
(135, 13, 1, 'NIP3817', 11, 'Selasa', '13:45:00', '15:15:00', 1),
(136, 14, 1, 'NIP3837', 7, 'Selasa', '07:00:00', '08:30:00', 1),
(137, 14, 1, 'NIP3827', 20, 'Selasa', '08:30:00', '10:00:00', 1),
(138, 14, 1, 'NIP3821', 9, 'Selasa', '10:15:00', '11:45:00', 1),
(139, 14, 1, 'NIP3808', 12, 'Selasa', '11:45:00', '13:15:00', 1),
(140, 14, 1, 'NIP3806', 18, 'Selasa', '13:45:00', '15:15:00', 1),
(141, 15, 1, 'NIP3821', 9, 'Selasa', '07:00:00', '08:30:00', 1),
(142, 15, 1, 'NIP3822', 7, 'Selasa', '08:30:00', '10:00:00', 1),
(143, 15, 1, 'NIP3824', 1, 'Selasa', '10:15:00', '11:45:00', 1),
(144, 15, 1, 'NIP3827', 20, 'Selasa', '11:45:00', '13:15:00', 1),
(145, 15, 1, 'NIP3818', 13, 'Selasa', '13:45:00', '15:15:00', 1),
(146, 16, 1, 'NIP3824', 1, 'Selasa', '07:00:00', '08:30:00', 1),
(147, 16, 1, 'NIP3821', 9, 'Selasa', '08:30:00', '10:00:00', 1),
(148, 16, 1, 'NIP3822', 7, 'Selasa', '10:15:00', '11:45:00', 1),
(149, 16, 1, 'NIP3811', 6, 'Selasa', '11:45:00', '13:15:00', 1),
(150, 16, 1, 'NIP3827', 20, 'Selasa', '13:45:00', '15:15:00', 1),
(151, 1, 1, 'NIP3824', 1, 'Rabu', '07:00:00', '09:15:00', 1),
(152, 1, 1, 'NIP3832', 16, 'Rabu', '09:15:00', '11:00:00', 1),
(153, 1, 1, 'NIP3825', 14, 'Rabu', '11:00:00', '11:45:00', 1),
(154, 1, 1, 'NIP3814', 3, 'Rabu', '11:45:00', '13:15:00', 1),
(155, 1, 1, 'NIP3813', 2, 'Rabu', '13:45:00', '15:15:00', 1),
(156, 2, 1, 'NIP3809', 12, 'Rabu', '07:00:00', '08:30:00', 1),
(157, 2, 1, 'NIP3825', 14, 'Rabu', '08:30:00', '09:15:00', 1),
(158, 2, 1, 'NIP3824', 1, 'Rabu', '09:15:00', '11:45:00', 1),
(159, 2, 1, 'NIP3813', 2, 'Rabu', '11:45:00', '13:15:00', 1),
(160, 2, 1, 'NIP3814', 3, 'Rabu', '13:45:00', '15:15:00', 1),
(161, 3, 1, 'NIP3811', 17, 'Rabu', '07:00:00', '08:30:00', 1),
(162, 3, 1, 'NIP3813', 2, 'Rabu', '08:30:00', '10:00:00', 1),
(163, 3, 1, 'NIP3809', 12, 'Rabu', '10:15:00', '11:45:00', 1),
(164, 3, 1, 'NIP3825', 14, 'Rabu', '11:45:00', '12:30:00', 1),
(165, 3, 1, 'NIP3810', 28, 'Rabu', '12:30:00', '13:15:00', 1),
(166, 4, 1, 'NIP3806', 18, 'Rabu', '07:00:00', '09:15:00', 1),
(167, 4, 1, 'NIP3810', 21, 'Rabu', '09:15:00', '11:45:00', 1),
(168, 4, 1, 'NIP3809', 12, 'Rabu', '11:45:00', '13:15:00', 1),
(169, 4, 1, 'NIP3816', 13, 'Rabu', '13:45:00', '15:15:00', 1),
(170, 5, 1, 'NIP3810', 21, 'Rabu', '07:00:00', '09:15:00', 1),
(171, 5, 1, 'NIP3806', 18, 'Rabu', '09:15:00', '11:45:00', 1),
(172, 5, 1, 'NIP3816', 13, 'Rabu', '11:45:00', '13:15:00', 1),
(173, 5, 1, 'NIP3811', 6, 'Rabu', '13:45:00', '15:15:00', 1),
(174, 6, 1, 'NIP3816', 14, 'Rabu', '07:00:00', '08:30:00', 1),
(175, 6, 1, 'NIP3809', 11, 'Rabu', '08:30:00', '10:00:00', 1),
(176, 6, 1, 'NIP3827', 20, 'Rabu', '10:15:00', '11:45:00', 1),
(177, 6, 1, 'NIP3812', 4, 'Rabu', '11:45:00', '13:15:00', 1),
(178, 6, 1, 'NIP3818', 13, 'Rabu', '13:45:00', '15:15:00', 1),
(179, 7, 1, 'NIP3815', 16, 'Rabu', '07:00:00', '08:30:00', 1),
(180, 7, 1, 'NIP3812', 4, 'Rabu', '08:30:00', '10:00:00', 1),
(181, 7, 1, 'NIP3817', 12, 'Rabu', '10:15:00', '11:45:00', 1),
(182, 7, 1, 'NIP3827', 20, 'Rabu', '11:45:00', '13:15:00', 1),
(183, 7, 1, 'NIP3809', 11, 'Rabu', '13:45:00', '15:15:00', 1),
(184, 8, 1, 'NIP3813', 2, 'Rabu', '07:00:00', '08:30:00', 1),
(185, 8, 1, 'NIP3816', 14, 'Rabu', '08:30:00', '10:00:00', 1),
(186, 8, 1, 'NIP3812', 4, 'Rabu', '10:15:00', '11:45:00', 1),
(187, 8, 1, 'NIP3818', 13, 'Rabu', '11:45:00', '13:15:00', 1),
(188, 8, 1, 'NIP3827', 20, 'Rabu', '13:45:00', '15:15:00', 1),
(189, 9, 1, 'NIP3827', 20, 'Rabu', '07:00:00', '08:30:00', 1),
(190, 9, 1, 'NIP3818', 3, 'Rabu', '08:30:00', '10:00:00', 1),
(191, 9, 1, 'NIP3816', 14, 'Rabu', '10:15:00', '11:45:00', 1),
(192, 9, 1, 'NIP3821', 9, 'Rabu', '11:45:00', '13:15:00', 1),
(193, 9, 1, 'NIP3817', 12, 'Rabu', '13:45:00', '15:15:00', 1),
(194, 10, 1, 'NIP3818', 3, 'Rabu', '07:00:00', '08:30:00', 1),
(195, 10, 1, 'NIP3827', 20, 'Rabu', '08:30:00', '10:00:00', 1),
(196, 10, 1, 'NIP3811', 6, 'Rabu', '10:15:00', '11:45:00', 1),
(197, 10, 1, 'NIP3817', 12, 'Rabu', '11:45:00', '13:15:00', 1),
(198, 10, 1, 'NIP3832', 19, 'Rabu', '13:45:00', '15:15:00', 1),
(199, 11, 1, 'NIP3814', 3, 'Rabu', '07:00:00', '08:30:00', 1),
(200, 11, 1, 'NIP3831', 17, 'Rabu', '08:30:00', '10:00:00', 1),
(201, 11, 1, 'NIP3819', 8, 'Rabu', '10:15:00', '11:45:00', 1),
(202, 11, 1, 'NIP3811', 6, 'Rabu', '11:45:00', '13:15:00', 1),
(203, 11, 1, 'NIP3825', 14, 'Rabu', '13:45:00', '15:15:00', 1),
(204, 12, 1, 'NIP3820', 15, 'Rabu', '07:00:00', '09:15:00', 1),
(205, 12, 1, 'NIP3825', 14, 'Rabu', '09:15:00', '10:00:00', 1),
(206, 12, 1, 'NIP3818', 13, 'Rabu', '10:15:00', '11:45:00', 1),
(207, 12, 1, 'NIP3819', 8, 'Rabu', '11:45:00', '13:15:00', 1),
(208, 12, 1, 'NIP3831', 17, 'Rabu', '13:45:00', '15:15:00', 1),
(209, 13, 1, 'NIP3825', 14, 'Rabu', '07:00:00', '08:30:00', 1),
(210, 13, 1, 'NIP3828', 5, 'Rabu', '08:30:00', '09:15:00', 1),
(211, 13, 1, 'NIP3820', 15, 'Rabu', '09:15:00', '11:45:00', 1),
(212, 13, 1, 'NIP3815', 16, 'Rabu', '11:45:00', '13:15:00', 1),
(213, 13, 1, 'NIP3819', 8, 'Rabu', '13:45:00', '15:15:00', 1),
(214, 14, 1, 'NIP3821', 9, 'Rabu', '07:00:00', '08:30:00', 1),
(215, 14, 1, 'NIP3837', 7, 'Rabu', '08:30:00', '10:00:00', 1),
(216, 14, 1, 'NIP3831', 17, 'Rabu', '10:15:00', '11:45:00', 1),
(217, 14, 1, 'NIP3824', 1, 'Rabu', '11:45:00', '13:15:00', 1),
(218, 14, 1, 'NIP3806', 18, 'Rabu', '13:45:00', '15:15:00', 1),
(219, 15, 1, 'NIP3831', 17, 'Rabu', '07:00:00', '08:30:00', 1),
(220, 15, 1, 'NIP3822', 7, 'Rabu', '08:30:00', '10:00:00', 1),
(221, 15, 1, 'NIP3821', 9, 'Rabu', '10:15:00', '11:45:00', 1),
(222, 15, 1, 'NIP3806', 18, 'Rabu', '11:45:00', '13:15:00', 1),
(223, 15, 1, 'NIP3815', 16, 'Rabu', '13:45:00', '15:15:00', 1),
(224, 16, 1, 'NIP3822', 7, 'Rabu', '07:00:00', '08:30:00', 1),
(225, 16, 1, 'NIP3821', 9, 'Rabu', '08:30:00', '10:00:00', 1),
(226, 16, 1, 'NIP3825', 14, 'Rabu', '10:15:00', '11:00:00', 1),
(227, 16, 1, 'NIP3828', 5, 'Rabu', '11:00:00', '11:45:00', 1),
(228, 16, 1, 'NIP3831', 17, 'Rabu', '11:45:00', '13:15:00', 1),
(229, 16, 1, 'NIP3824', 1, 'Rabu', '13:45:00', '15:15:00', 1),
(230, 1, 1, 'NIP3819', 8, 'Kamis', '07:00:00', '09:15:00', 1),
(231, 1, 1, 'NIP3809', 12, 'Kamis', '09:15:00', '11:00:00', 1),
(232, 1, 1, 'NIP3812', 4, 'Kamis', '11:00:00', '13:15:00', 1),
(233, 1, 1, 'NIP3825', 14, 'Kamis', '13:45:00', '15:15:00', 1),
(234, 2, 1, 'NIP3812', 4, 'Kamis', '07:00:00', '09:15:00', 1),
(235, 2, 1, 'NIP3810', 28, 'Kamis', '09:15:00', '11:45:00', 1),
(236, 2, 1, 'NIP3831', 20, 'Kamis', '11:45:00', '13:15:00', 1),
(237, 2, 1, 'NIP3809', 12, 'Kamis', '13:45:00', '15:15:00', 1),
(238, 3, 1, 'NIP3814', 3, 'Kamis', '07:00:00', '08:30:00', 1),
(239, 3, 1, 'NIP3811', 6, 'Kamis', '08:30:00', '10:00:00', 1),
(240, 3, 1, 'NIP3825', 14, 'Kamis', '10:15:00', '11:45:00', 1),
(241, 3, 1, 'NIP3809', 12, 'Kamis', '11:45:00', '13:15:00', 1),
(242, 3, 1, 'NIP3831', 20, 'Kamis', '13:45:00', '15:15:00', 1),
(243, 4, 1, 'NIP3821', 9, 'Kamis', '07:00:00', '09:15:00', 1),
(244, 4, 1, 'NIP3824', 1, 'Kamis', '09:15:00', '11:45:00', 1),
(245, 4, 1, 'NIP3813', 2, 'Kamis', '11:45:00', '13:15:00', 1),
(246, 4, 1, 'NIP3837', 17, 'Kamis', '13:45:00', '15:15:00', 1),
(247, 5, 1, 'NIP3824', 1, 'Kamis', '07:00:00', '09:15:00', 1),
(248, 5, 1, 'NIP3821', 9, 'Kamis', '09:15:00', '11:45:00', 1),
(249, 5, 1, 'NIP3825', 14, 'Kamis', '11:45:00', '13:15:00', 1),
(250, 5, 1, 'NIP3813', 2, 'Kamis', '13:45:00', '15:15:00', 1),
(251, 6, 1, 'NIP3813', 2, 'Kamis', '07:00:00', '08:30:00', 1),
(252, 6, 1, 'NIP3817', 12, 'Kamis', '08:30:00', '10:00:00', 1),
(253, 6, 1, 'NIP3811', 6, 'Kamis', '10:15:00', '11:45:00', 1),
(254, 6, 1, 'NIP3830', 8, 'Kamis', '11:45:00', '13:15:00', 1),
(255, 6, 1, 'NIP3815', 16, 'Kamis', '13:45:00', '15:15:00', 1),
(256, 7, 1, 'NIP3836', 10, 'Kamis', '07:00:00', '08:30:00', 1),
(257, 7, 1, 'NIP3813', 2, 'Kamis', '08:30:00', '10:00:00', 1),
(258, 7, 1, 'NIP3816', 14, 'Kamis', '10:15:00', '11:45:00', 1),
(259, 7, 1, 'NIP3837', 17, 'Kamis', '11:45:00', '13:15:00', 1),
(260, 7, 1, 'NIP3830', 8, 'Kamis', '13:45:00', '15:15:00', 1),
(261, 8, 1, 'NIP3809', 11, 'Kamis', '07:00:00', '08:30:00', 1),
(262, 8, 1, 'NIP3836', 10, 'Kamis', '08:30:00', '10:00:00', 1),
(263, 8, 1, 'NIP3837', 17, 'Kamis', '10:15:00', '11:45:00', 1),
(264, 8, 1, 'NIP3811', 6, 'Kamis', '11:45:00', '13:15:00', 1),
(265, 8, 1, 'NIP3817', 12, 'Kamis', '13:45:00', '15:15:00', 1),
(266, 9, 1, 'NIP3837', 7, 'Kamis', '07:00:00', '08:30:00', 1),
(267, 9, 1, 'NIP3816', 14, 'Kamis', '08:30:00', '10:00:00', 1),
(268, 9, 1, 'NIP3815', 16, 'Kamis', '10:15:00', '11:45:00', 1),
(269, 9, 1, 'NIP3821', 9, 'Kamis', '11:45:00', '13:15:00', 1),
(270, 9, 1, 'NIP3806', 18, 'Kamis', '13:45:00', '15:15:00', 1),
(271, 10, 1, 'NIP3816', 14, 'Kamis', '07:00:00', '08:30:00', 1),
(272, 10, 1, 'NIP3837', 7, 'Kamis', '08:30:00', '10:00:00', 1),
(273, 10, 1, 'NIP3817', 12, 'Kamis', '10:15:00', '11:45:00', 1),
(274, 10, 1, 'NIP3815', 16, 'Kamis', '11:45:00', '13:15:00', 1),
(275, 10, 1, 'NIP3821', 9, 'Kamis', '13:45:00', '15:15:00', 1),
(276, 11, 1, 'NIP3807', 10, 'Kamis', '08:30:00', '09:15:00', 1),
(277, 11, 1, 'NIP3825', 14, 'Kamis', '09:15:00', '11:45:00', 1),
(278, 11, 1, 'NIP3820', 15, 'Kamis', '11:45:00', '13:15:00', 1),
(279, 11, 1, 'NIP3808', 12, 'Kamis', '13:45:00', '15:15:00', 1),
(280, 11, 1, 'NIP3827', 20, 'Kamis', '13:45:00', '15:15:00', 1),
(281, 12, 1, 'NIP3829', 4, 'Kamis', '07:00:00', '08:30:00', 1),
(282, 12, 1, 'NIP3808', 12, 'Kamis', '08:30:00', '10:00:00', 1),
(283, 12, 1, 'NIP3807', 10, 'Kamis', '10:15:00', '11:45:00', 1),
(284, 12, 1, 'NIP3827', 20, 'Kamis', '11:45:00', '13:15:00', 1),
(285, 12, 1, 'NIP3811', 6, 'Kamis', '13:45:00', '15:15:00', 1),
(286, 13, 1, 'NIP3831', 17, 'Kamis', '07:00:00', '08:30:00', 1),
(287, 13, 1, 'NIP3807', 10, 'Kamis', '08:30:00', '10:00:00', 1),
(288, 13, 1, 'NIP3827', 20, 'Kamis', '10:15:00', '11:45:00', 1),
(289, 13, 1, 'NIP3824', 1, 'Kamis', '11:45:00', '13:15:00', 1),
(290, 13, 1, 'NIP3808', 12, 'Kamis', '13:45:00', '15:15:00', 1),
(291, 14, 1, 'NIP3811', 6, 'Kamis', '07:00:00', '08:30:00', 1),
(292, 14, 1, 'NIP3814', 3, 'Kamis', '08:30:00', '10:00:00', 1),
(293, 14, 1, 'NIP3826', 2, 'Kamis', '10:15:00', '11:45:00', 1),
(294, 14, 1, 'NIP3810', 21, 'Kamis', '11:45:00', '13:15:00', 1),
(295, 14, 1, 'NIP3824', 1, 'Kamis', '13:45:00', '15:15:00', 1),
(296, 15, 1, 'NIP3820', 15, 'Kamis', '07:00:00', '09:15:00', 1),
(297, 15, 1, 'NIP3825', 14, 'Kamis', '09:15:00', '10:00:00', 1),
(298, 15, 1, 'NIP3808', 12, 'Kamis', '10:15:00', '11:45:00', 1),
(299, 15, 1, 'NIP3826', 2, 'Kamis', '11:45:00', '13:15:00', 1),
(300, 15, 1, 'NIP3814', 3, 'Kamis', '13:45:00', '15:15:00', 1),
(301, 16, 1, 'NIP3808', 12, 'Kamis', '07:00:00', '08:30:00', 1),
(302, 16, 1, 'NIP3826', 2, 'Kamis', '08:30:00', '10:00:00', 1),
(303, 16, 1, 'NIP3814', 3, 'Kamis', '10:15:00', '11:45:00', 1),
(304, 16, 1, 'NIP3806', 18, 'Kamis', '11:45:00', '13:15:00', 1),
(305, 16, 1, 'NIP3810', 21, 'Kamis', '13:45:00', '15:15:00', 1),
(306, 1, 1, 'NIP3835', 15, 'Jumat', '07:00:00', '09:15:00', 1),
(307, 1, 1, 'NIP3807', 10, 'Jumat', '09:15:00', '11:45:00', 1),
(308, 1, 1, 'NIP3810', 28, 'Jumat', '13:00:00', '15:15:00', 1),
(309, 2, 1, 'NIP3811', 6, 'Jumat', '07:00:00', '08:30:00', 1),
(310, 2, 1, 'NIP3834', 2, 'Jumat', '08:30:00', '09:15:00', 1),
(311, 2, 1, 'NIP3835', 15, 'Jumat', '09:15:00', '11:45:00', 1),
(312, 2, 1, 'NIP3819', 8, 'Jumat', '13:00:00', '15:15:00', 1),
(313, 3, 1, 'NIP3819', 8, 'Jumat', '07:00:00', '09:15:00', 1),
(314, 3, 1, 'NIP3812', 4, 'Jumat', '09:15:00', '11:45:00', 1),
(315, 3, 1, 'NIP3834', 2, 'Jumat', '13:00:00', '13:45:00', 1),
(316, 3, 1, 'NIP3833', 19, 'Jumat', '13:45:00', '15:15:00', 1),
(317, 4, 1, 'NIP3812', 27, 'Jumat', '07:00:00', '09:15:00', 1),
(318, 4, 1, 'NIP3809', 12, 'Jumat', '09:15:00', '11:00:00', 1),
(319, 4, 1, 'NIP3832', 19, 'Jumat', '11:00:00', '13:45:00', 1),
(320, 4, 1, 'NIP3825', 14, 'Jumat', '13:45:00', '15:15:00', 1),
(321, 5, 1, 'NIP3809', 12, 'Jumat', '07:00:00', '08:30:00', 1),
(322, 5, 1, 'NIP3837', 17, 'Jumat', '08:30:00', '10:00:00', 1),
(323, 5, 1, 'NIP3818', 3, 'Jumat', '10:15:00', '11:45:00', 1),
(324, 5, 1, 'NIP3812', 27, 'Jumat', '13:00:00', '15:15:00', 1),
(325, 6, 1, 'NIP3817', 12, 'Jumat', '07:00:00', '08:30:00', 1),
(326, 6, 1, 'NIP3836', 10, 'Jumat', '08:30:00', '10:00:00', 1),
(327, 6, 1, 'NIP3813', 2, 'Jumat', '10:15:00', '11:45:00', 1),
(328, 6, 1, 'NIP3823', 5, 'Jumat', '13:00:00', '13:45:00', 1),
(329, 6, 1, 'NIP3837', 17, 'Jumat', '13:45:00', '15:15:00', 1),
(330, 7, 1, 'NIP3813', 2, 'Jumat', '07:00:00', '08:30:00', 1),
(331, 7, 1, 'NIP3811', 6, 'Jumat', '08:30:00', '10:00:00', 1),
(332, 7, 1, 'NIP3816', 14, 'Jumat', '10:15:00', '11:45:00', 1),
(333, 7, 1, 'NIP3820', 15, 'Jumat', '13:00:00', '15:15:00', 1),
(334, 8, 1, 'NIP3836', 10, 'Jumat', '07:00:00', '08:30:00', 1),
(335, 8, 1, 'NIP3817', 12, 'Jumat', '08:30:00', '10:00:00', 1),
(336, 8, 1, 'NIP3830', 8, 'Jumat', '10:15:00', '11:45:00', 1),
(337, 8, 1, 'NIP3813', 2, 'Jumat', '13:00:00', '14:30:00', 1),
(338, 8, 1, 'NIP3823', 5, 'Jumat', '14:30:00', '15:15:00', 1),
(339, 9, 1, 'NIP3810', 21, 'Jumat', '07:00:00', '08:30:00', 1),
(340, 9, 1, 'NIP3818', 13, 'Jumat', '08:30:00', '10:00:00', 1),
(341, 9, 1, 'NIP3837', 17, 'Jumat', '10:15:00', '11:45:00', 1),
(342, 9, 1, 'NIP3825', 14, 'Jumat', '13:00:00', '13:45:00', 1),
(343, 9, 1, 'NIP3832', 19, 'Jumat', '13:45:00', '15:15:00', 1),
(344, 10, 1, 'NIP3837', 17, 'Jumat', '07:00:00', '08:30:00', 1),
(345, 10, 1, 'NIP3810', 21, 'Jumat', '08:30:00', '10:00:00', 1),
(346, 10, 1, 'NIP3823', 5, 'Jumat', '10:15:00', '11:00:00', 1),
(347, 10, 1, 'NIP3806', 18, 'Jumat', '11:00:00', '13:00:00', 1),
(348, 10, 1, 'NIP3816', 14, 'Jumat', '13:45:00', '15:15:00', 1),
(349, 11, 1, 'NIP3829', 4, 'Jumat', '07:00:00', '08:30:00', 1),
(350, 11, 1, 'NIP3833', 19, 'Jumat', '08:30:00', '10:00:00', 1),
(351, 11, 1, 'NIP3828', 5, 'Jumat', '10:15:00', '11:00:00', 1),
(352, 11, 1, 'NIP3826', 2, 'Jumat', '11:00:00', '13:00:00', 1),
(353, 11, 1, 'NIP3818', 13, 'Jumat', '13:45:00', '15:15:00', 1),
(354, 12, 1, 'NIP3825', 14, 'Jumat', '07:00:00', '08:30:00', 1),
(355, 12, 1, 'NIP3828', 5, 'Jumat', '08:30:00', '09:15:00', 1),
(356, 12, 1, 'NIP3826', 2, 'Jumat', '09:15:00', '11:00:00', 1),
(357, 12, 1, 'NIP3833', 19, 'Jumat', '11:00:00', '13:00:00', 1),
(358, 12, 1, 'NIP3824', 1, 'Jumat', '13:45:00', '15:15:00', 1),
(359, 13, 1, 'NIP3833', 19, 'Jumat', '07:00:00', '08:30:00', 1),
(360, 13, 1, 'NIP3829', 4, 'Jumat', '08:30:00', '10:00:00', 1),
(361, 13, 1, 'NIP3825', 14, 'Jumat', '10:15:00', '11:00:00', 1),
(362, 13, 1, 'NIP3811', 6, 'Jumat', '11:00:00', '13:00:00', 1),
(363, 13, 1, 'NIP3826', 2, 'Jumat', '13:45:00', '15:15:00', 1),
(364, 14, 1, 'NIP3808', 12, 'Jumat', '07:00:00', '08:30:00', 1),
(365, 14, 1, 'NIP3825', 14, 'Jumat', '08:30:00', '09:15:00', 1),
(366, 14, 1, 'NIP3820', 15, 'Jumat', '09:15:00', '11:45:00', 1),
(367, 14, 1, 'NIP3815', 16, 'Jumat', '13:00:00', '14:30:00', 1),
(368, 14, 1, 'NIP3828', 5, 'Jumat', '14:30:00', '15:15:00', 1),
(369, 15, 1, 'NIP3824', 1, 'Jumat', '07:00:00', '08:30:00', 1),
(370, 15, 1, 'NIP3808', 12, 'Jumat', '08:30:00', '10:00:00', 1),
(371, 15, 1, 'NIP3810', 21, 'Jumat', '10:15:00', '11:45:00', 1),
(372, 15, 1, 'NIP3828', 5, 'Jumat', '13:00:00', '13:45:00', 1),
(373, 15, 1, 'NIP3811', 6, 'Jumat', '13:45:00', '15:15:00', 1),
(374, 16, 1, 'NIP3820', 15, 'Jumat', '07:00:00', '09:15:00', 1),
(375, 16, 1, 'NIP3815', 16, 'Jumat', '09:15:00', '11:00:00', 1),
(376, 16, 1, 'NIP3808', 12, 'Jumat', '11:00:00', '13:00:00', 1),
(377, 16, 1, 'NIP3806', 18, 'Jumat', '13:45:00', '15:15:00', 1),
(378, 1, 2, 'NIP3808', 11, 'Senin', '07:00:00', '09:15:00', 1);

-- --------------------------------------------------------

--
-- Table structure for table `jadwalpengawas`
--

CREATE TABLE `jadwalpengawas` (
  `idJadwalPengawas` int(11) NOT NULL,
  `idJadwalUjian` int(11) NOT NULL,
  `idKelas` int(11) NOT NULL,
  `nomorInduk` varchar(50) NOT NULL,
  `statusPengawas` int(11) NOT NULL
) ENGINE=InnoDB DEFAULT CHARSET=utf8mb4;

--
-- Dumping data for table `jadwalpengawas`
--

INSERT INTO `jadwalpengawas` (`idJadwalPengawas`, `idJadwalUjian`, `idKelas`, `nomorInduk`, `statusPengawas`) VALUES
(1, 20, 1, 'NIP3805', 1),
(2, 20, 2, 'NIP3806', 1),
(3, 20, 3, 'NIP3807', 1),
(4, 20, 6, 'NIP3808', 1),
(5, 20, 7, 'NIP3809', 1),
(6, 20, 8, 'NIP3810', 1),
(7, 20, 11, 'NIP3811', 1),
(8, 20, 12, 'NIP3812', 1),
(9, 20, 13, 'NIP3813', 1),
(10, 1, 1, 'NIP3805', 1),
(11, 1, 2, 'NIP3806', 1),
(12, 1, 3, 'NIP3807', 1),
(13, 1, 4, 'NIP3808', 1),
(14, 1, 5, 'NIP3809', 1),
(15, 1, 6, 'NIP3810', 1),
(16, 1, 7, 'NIP3811', 1),
(17, 1, 8, 'NIP3812', 1),
(18, 1, 9, 'NIP3813', 1),
(19, 1, 10, 'NIP3814', 1),
(20, 1, 11, 'NIP3823', 1),
(21, 1, 12, 'NIP3820', 1),
(22, 1, 13, 'NIP3835', 1),
(23, 1, 14, 'NIP3823', 1),
(24, 1, 15, 'NIP3832', 1),
(25, 1, 16, 'NIP3836', 1),
(26, 17, 1, 'NIP3809', 1),
(27, 17, 2, 'NIP3816', 1),
(28, 17, 3, 'NIP3822', 1),
(29, 17, 4, 'NIP3817', 1),
(30, 17, 5, 'NIP3815', 1),
(31, 17, 6, 'NIP3837', 1),
(32, 17, 7, 'NIP3813', 1),
(33, 17, 8, 'NIP3836', 1),
(34, 17, 9, 'NIP3835', 1),
(35, 17, 10, 'NIP3833', 1),
(36, 17, 11, 'NIP3811', 1),
(37, 17, 12, 'NIP3814', 1),
(38, 17, 13, 'NIP3818', 1),
(39, 17, 14, 'NIP3819', 1),
(40, 17, 15, 'NIP3827', 1),
(41, 17, 16, 'NIP3832', 1),
(42, 18, 4, 'NIP3819', 1),
(43, 18, 5, 'NIP3816', 1),
(44, 18, 9, 'NIP3820', 1),
(45, 18, 10, 'NIP3813', 1),
(46, 18, 14, 'NIP3811', 1),
(47, 18, 15, 'NIP3810', 1),
(48, 18, 16, 'NIP3809', 1),
(49, 24, 1, 'NIP3815', 1),
(50, 24, 2, 'NIP3833', 1),
(51, 24, 3, 'NIP3822', 1),
(52, 24, 6, 'NIP3837', 1),
(53, 24, 7, 'NIP3836', 1),
(54, 24, 8, 'NIP3835', 1),
(55, 24, 11, 'NIP3834', 1),
(56, 24, 12, 'NIP3823', 1),
(57, 24, 13, 'NIP3825', 1),
(58, 2, 4, 'NIP3829', 1),
(59, 2, 5, 'NIP3821', 1),
(60, 2, 9, 'NIP3818', 1),
(61, 2, 10, 'NIP3817', 1),
(62, 2, 14, 'NIP3809', 1),
(63, 2, 15, 'NIP3836', 1),
(64, 2, 16, 'NIP3816', 1),
(65, 14, 1, 'NIP3805', 1),
(66, 14, 2, 'NIP3806', 1),
(67, 14, 3, 'NIP3807', 1),
(68, 14, 4, 'NIP3808', 1),
(69, 14, 5, 'NIP3809', 1),
(70, 14, 6, 'NIP3810', 1),
(71, 14, 7, 'NIP3811', 1),
(72, 14, 8, 'NIP3812', 1),
(73, 14, 9, 'NIP3813', 1),
(74, 14, 10, 'NIP3814', 1),
(75, 14, 11, '', 1),
(76, 14, 12, 'NIP3815', 1),
(77, 14, 13, 'NIP3816', 1),
(78, 14, 14, 'NIP3817', 1),
(79, 14, 15, 'NIP3818', 1),
(80, 14, 16, 'NIP3819', 1),
(81, 13, 1, 'NIP3806', 1),
(82, 13, 2, 'NIP3807', 1),
(83, 13, 3, 'NIP3808', 1),
(84, 13, 4, 'NIP3809', 1),
(85, 13, 5, 'NIP3810', 1),
(86, 13, 6, 'NIP3811', 1),
(87, 13, 7, 'NIP3812', 1),
(88, 13, 8, 'NIP3813', 1),
(89, 13, 9, 'NIP3814', 1),
(90, 13, 10, 'NIP3815', 1),
(91, 13, 11, 'NIP3816', 1),
(92, 13, 12, 'NIP3818', 1),
(93, 13, 13, 'NIP3819', 1),
(94, 13, 14, 'NIP3820', 1),
(95, 13, 15, 'NIP3821', 1),
(96, 13, 16, 'NIP3822', 1),
(97, 12, 1, 'NIP3807', 1),
(98, 12, 2, 'NIP3808', 1),
(99, 12, 3, 'NIP3809', 1),
(100, 12, 4, 'NIP3810', 1),
(101, 12, 5, 'NIP3811', 1),
(102, 12, 6, 'NIP3812', 1),
(103, 12, 7, 'NIP3813', 1),
(104, 12, 8, 'NIP3814', 1),
(105, 12, 9, 'NIP3815', 1),
(106, 12, 10, 'NIP3817', 1),
(107, 12, 11, 'NIP3818', 1),
(108, 12, 12, 'NIP3819', 1),
(109, 12, 13, 'NIP3820', 1),
(110, 12, 14, 'NIP3821', 1),
(111, 12, 15, 'NIP3822', 1),
(112, 12, 16, 'NIP3823', 1),
(113, 11, 1, 'NIP3837', 1),
(114, 11, 2, 'NIP3836', 1),
(115, 11, 3, 'NIP3835', 1),
(116, 11, 4, 'NIP3834', 1),
(117, 11, 5, 'NIP3833', 1),
(118, 11, 6, 'NIP3832', 1),
(119, 11, 7, 'NIP3831', 1),
(120, 11, 8, 'NIP3830', 1),
(121, 11, 9, 'NIP3829', 1),
(122, 11, 10, 'NIP3828', 1),
(123, 11, 11, 'NIP3827', 1),
(124, 11, 12, 'NIP3826', 1),
(125, 11, 13, 'NIP3825', 1),
(126, 11, 14, 'NIP3824', 1),
(127, 11, 15, 'NIP3823', 1),
(128, 11, 16, 'NIP3822', 1),
(129, 23, 4, 'NIP3808', 1),
(130, 23, 5, 'NIP3809', 1),
(131, 23, 9, 'NIP3810', 1),
(132, 23, 10, 'NIP3811', 1),
(133, 23, 14, 'NIP3812', 1),
(134, 23, 15, 'NIP3813', 1),
(135, 23, 16, 'NIP3814', 1),
(136, 10, 1, 'NIP3836', 1),
(137, 10, 2, 'NIP3835', 1),
(138, 10, 3, 'NIP3834', 1),
(139, 10, 6, 'NIP3833', 1),
(140, 10, 7, 'NIP3832', 1),
(141, 10, 8, 'NIP3831', 1),
(142, 10, 11, 'NIP3830', 1),
(143, 10, 12, 'NIP3829', 1),
(144, 10, 13, 'NIP3828', 1),
(145, 9, 1, 'NIP3809', 1),
(146, 9, 2, 'NIP3810', 1),
(147, 9, 3, 'NIP3811', 1),
(148, 9, 4, 'NIP3812', 1),
(149, 9, 5, 'NIP3813', 1),
(150, 9, 6, 'NIP3814', 1),
(151, 9, 7, 'NIP3815', 1),
(152, 9, 8, 'NIP3816', 1),
(153, 9, 9, 'NIP3817', 1),
(154, 9, 10, 'NIP3818', 1),
(155, 9, 11, 'NIP3819', 1),
(156, 9, 12, 'NIP3820', 1),
(157, 9, 13, 'NIP3821', 1),
(158, 9, 14, 'NIP3822', 1),
(159, 9, 15, 'NIP3823', 1),
(160, 9, 16, 'NIP3824', 1),
(161, 8, 4, 'NIP3835', 1),
(162, 8, 5, 'NIP3834', 1),
(163, 8, 9, 'NIP3833', 1),
(164, 8, 10, 'NIP3832', 1),
(165, 8, 14, 'NIP3831', 1),
(166, 8, 15, 'NIP3830', 1),
(167, 8, 16, 'NIP3829', 1),
(168, 22, 1, 'NIP3810', 1),
(169, 22, 2, 'NIP3811', 1),
(170, 22, 3, 'NIP3812', 1),
(171, 22, 6, 'NIP3813', 1),
(172, 22, 7, 'NIP3814', 1),
(173, 22, 8, 'NIP3815', 1),
(174, 22, 11, 'NIP3816', 1),
(175, 22, 12, 'NIP3817', 1),
(176, 22, 13, 'NIP3818', 1),
(177, 7, 1, 'NIP3834', 1),
(178, 7, 2, 'NIP3833', 1),
(179, 7, 3, 'NIP3832', 1),
(180, 7, 4, 'NIP3831', 1),
(181, 7, 5, 'NIP3830', 1),
(182, 7, 6, 'NIP3829', 1),
(183, 7, 7, 'NIP3828', 1),
(184, 7, 8, 'NIP3827', 1),
(185, 7, 9, 'NIP3826', 1),
(186, 7, 10, 'NIP3825', 1),
(187, 7, 11, 'NIP3824', 1),
(188, 7, 12, 'NIP3823', 1),
(189, 7, 13, 'NIP3822', 1),
(190, 7, 14, 'NIP3821', 1),
(191, 7, 15, 'NIP3820', 1),
(192, 7, 16, 'NIP3819', 1),
(193, 6, 1, 'NIP3833', 1),
(194, 6, 2, 'NIP3832', 1),
(195, 6, 3, 'NIP3831', 1),
(196, 6, 4, 'NIP3830', 1),
(197, 6, 5, 'NIP3829', 1),
(198, 6, 6, 'NIP3827', 1),
(199, 6, 7, 'NIP3817', 1),
(200, 6, 8, 'NIP3811', 1),
(201, 6, 9, 'NIP3807', 1),
(202, 6, 10, 'NIP3812', 1),
(203, 6, 11, 'NIP3805', 1),
(204, 6, 12, 'NIP3818', 1),
(205, 6, 13, 'NIP3837', 1),
(206, 6, 14, 'NIP3836', 1),
(207, 6, 15, 'NIP3835', 1),
(208, 6, 16, 'NIP3834', 1),
(209, 5, 1, 'NIP3805', 1),
(210, 5, 2, 'NIP3837', 1),
(211, 5, 3, 'NIP3806', 1),
(212, 5, 6, 'NIP3836', 1),
(213, 5, 7, 'NIP3833', 1),
(214, 5, 8, 'NIP3807', 1),
(215, 5, 11, 'NIP3835', 1),
(216, 5, 12, 'NIP3808', 1),
(217, 5, 13, 'NIP3809', 1),
(218, 21, 4, 'NIP3806', 1),
(219, 21, 5, 'NIP3836', 1),
(220, 21, 9, 'NIP3835', 1),
(221, 21, 10, 'NIP3807', 1),
(222, 21, 14, 'NIP3834', 1),
(223, 21, 15, 'NIP3808', 1),
(224, 21, 16, 'NIP3833', 1),
(225, 4, 1, 'NIP3828', 1),
(226, 4, 2, 'NIP3829', 1),
(227, 4, 3, 'NIP3830', 1),
(228, 4, 4, 'NIP3831', 1),
(229, 4, 5, 'NIP3835', 1),
(230, 4, 6, 'NIP3836', 1),
(231, 4, 7, 'NIP3837', 1),
(232, 4, 8, 'NIP3824', 1),
(233, 4, 9, 'NIP3825', 1),
(234, 4, 10, 'NIP3812', 1),
(235, 4, 11, 'NIP3813', 1),
(236, 4, 12, 'NIP3820', 1),
(237, 4, 13, 'NIP3833', 1),
(238, 4, 14, 'NIP3810', 1),
(239, 4, 15, 'NIP3815', 1),
(240, 4, 16, 'NIP3816', 1),
(241, 19, 1, 'NIP3837', 1),
(242, 19, 2, 'NIP3822', 1),
(243, 19, 3, 'NIP3823', 1),
(244, 19, 4, 'NIP3824', 1),
(245, 19, 5, 'NIP3825', 1),
(246, 19, 6, 'NIP3826', 1),
(247, 19, 7, 'NIP3827', 1),
(248, 19, 8, 'NIP3828', 1),
(249, 19, 9, 'NIP3829', 1),
(250, 19, 10, 'NIP3830', 1),
(251, 19, 11, 'NIP3831', 1),
(252, 19, 12, 'NIP3832', 1),
(253, 19, 13, 'NIP3833', 1),
(254, 19, 14, 'NIP3834', 1),
(255, 19, 15, 'NIP3835', 1),
(256, 19, 16, 'NIP3836', 1);

-- --------------------------------------------------------

--
-- Table structure for table `jadwalujian`
--

CREATE TABLE `jadwalujian` (
  `idJadwalUjian` int(11) NOT NULL,
  `idTahunAjaran` int(11) NOT NULL,
  `idMapel` int(11) NOT NULL,
  `hari` varchar(100) NOT NULL,
  `jamMulai` time NOT NULL,
  `jamSelesai` time NOT NULL,
  `tanggal` date NOT NULL
) ENGINE=InnoDB DEFAULT CHARSET=utf8mb4;

--
-- Dumping data for table `jadwalujian`
--

INSERT INTO `jadwalujian` (`idJadwalUjian`, `idTahunAjaran`, `idMapel`, `hari`, `jamMulai`, `jamSelesai`, `tanggal`) VALUES
(1, 1, 2, 'Senin', '07:00:00', '09:00:00', '2019-06-03'),
(2, 1, 7, 'Senin', '09:30:00', '11:30:00', '2019-06-03'),
(3, 1, 13, 'Senin', '12:30:00', '14:30:00', '2019-06-03'),
(4, 1, 1, 'Selasa', '07:00:00', '09:00:00', '2019-06-04'),
(5, 1, 4, 'Selasa', '09:30:00', '11:30:00', '2019-06-04'),
(6, 1, 3, 'Selasa', '12:30:00', '14:30:00', '2019-06-04'),
(7, 1, 6, 'Rabu', '07:00:00', '09:00:00', '2019-06-05'),
(8, 1, 9, 'Rabu', '09:30:00', '11:30:00', '2019-06-05'),
(9, 1, 12, 'Rabu', '12:30:00', '14:30:00', '2019-06-05'),
(10, 1, 11, 'Kamis', '07:00:00', '09:00:00', '2019-06-06'),
(11, 1, 14, 'Kamis', '09:30:00', '11:30:00', '2019-06-06'),
(12, 1, 15, 'Kamis', '12:30:00', '14:30:00', '2019-06-06'),
(13, 1, 16, 'Jumat', '07:00:00', '09:00:00', '2019-06-07'),
(14, 1, 19, 'Jumat', '09:30:00', '11:30:00', '2019-06-07'),
(17, 1, 20, 'Senin', '07:00:00', '09:00:00', '2019-06-10'),
(18, 1, 27, 'Senin', '09:30:00', '11:30:00', '2019-06-10'),
(19, 1, 24, 'Senin', '12:30:00', '14:30:00', '2019-06-10'),
(20, 1, 8, 'Senin', '09:30:00', '11:30:00', '2019-06-03'),
(21, 1, 21, 'Selasa', '09:30:00', '11:30:00', '2019-06-04'),
(22, 1, 10, 'Rabu', '09:30:00', '11:30:00', '2019-06-05'),
(23, 1, 18, 'Kamis', '07:00:00', '09:00:00', '2019-06-06'),
(24, 1, 28, 'Senin', '09:30:00', '11:30:00', '2019-06-10');

-- --------------------------------------------------------

--
-- Table structure for table `kelas`
--

CREATE TABLE `kelas` (
  `idKelas` int(11) NOT NULL,
  `idTahunAjaran` int(11) NOT NULL,
  `ketKelas` varchar(50) NOT NULL,
  `jurusanKelas` varchar(50) NOT NULL,
  `nomorKelas` int(11) NOT NULL,
  `statusKelas` bit(2) NOT NULL
) ENGINE=InnoDB DEFAULT CHARSET=utf8mb4;

--
-- Dumping data for table `kelas`
--

INSERT INTO `kelas` (`idKelas`, `idTahunAjaran`, `ketKelas`, `jurusanKelas`, `nomorKelas`, `statusKelas`) VALUES
(1, 1, 'X', 'IPA', 1, b'01'),
(2, 1, 'X', 'IPA', 2, b'01'),
(3, 1, 'X', 'IPA', 3, b'01'),
(4, 1, 'X', 'IPS', 1, b'01'),
(5, 1, 'X', 'IPS', 2, b'01'),
(6, 1, 'XI', 'IPA', 1, b'01'),
(7, 1, 'XI', 'IPA', 2, b'01'),
(8, 1, 'XI', 'IPA', 3, b'01'),
(9, 1, 'XI', 'IPS', 1, b'01'),
(10, 1, 'XI', 'IPS', 2, b'01'),
(11, 1, 'XII', 'IPA', 1, b'01'),
(12, 1, 'XII', 'IPA', 2, b'01'),
(13, 1, 'XII', 'IPA', 3, b'01'),
(14, 1, 'XII', 'IPS', 1, b'01'),
(15, 1, 'XII', 'IPS', 2, b'01'),
(16, 1, 'XII', 'IPS', 3, b'01');

-- --------------------------------------------------------

--
-- Table structure for table `ketnilai`
--

CREATE TABLE `ketnilai` (
  `idKetNilai` int(11) NOT NULL,
  `idTahunAjaran` int(11) NOT NULL,
  `bobotSekolah` double NOT NULL,
  `bobotGuru` double NOT NULL,
  `statusKetNilai` int(11) NOT NULL
) ENGINE=InnoDB DEFAULT CHARSET=utf8mb4;

--
-- Dumping data for table `ketnilai`
--

INSERT INTO `ketnilai` (`idKetNilai`, `idTahunAjaran`, `bobotSekolah`, `bobotGuru`, `statusKetNilai`) VALUES
(1, 1, 60, 40, 1),
(2, 2, 60, 40, 1);

-- --------------------------------------------------------

--
-- Table structure for table `kompetensinilai`
--

CREATE TABLE `kompetensinilai` (
  `idKompetensi` int(11) NOT NULL,
  `predikat` enum('A','B') NOT NULL,
  `sikap` enum('Sikap Spiritual','Sikap Sosial') NOT NULL,
  `deskripsi` text NOT NULL
) ENGINE=InnoDB DEFAULT CHARSET=utf8mb4;

--
-- Dumping data for table `kompetensinilai`
--

INSERT INTO `kompetensinilai` (`idKompetensi`, `predikat`, `sikap`, `deskripsi`) VALUES
(1, 'A', 'Sikap Spiritual', 'Ketaatan beribadah, Berperilaku syukur, Berdoa, dan Toleransi beragama sudah memiliki sikap yang amat baik.'),
(2, 'A', 'Sikap Sosial', 'Sudah menunjukkan sikap yang amat baik, terutama sikap Jujur, Disiplin, Tanggung jawab, Toleransi, Gotong Royong, Sopan Santun, Percaya Diri, dan Responsif.'),
(3, 'B', 'Sikap Spiritual', 'Ketaatan beribadah, Berperilaku syukur, Berdoa, dan Toleransi beragama sudah memiliki sikap baik.'),
(4, 'B', 'Sikap Sosial', 'Sudah menunjukkan sikap yang amat baik, terutama sikap Jujur, Disiplin, Tanggung jawab, Toleransi, Gotong Royong, Sopan Santun, Percaya Diri, dan Responsif.');

-- --------------------------------------------------------

--
-- Table structure for table `kriteria`
--

CREATE TABLE `kriteria` (
  `idKriteria` int(11) NOT NULL,
  `jenisKriteria` varchar(50) NOT NULL,
  `statusKriteria` int(11) NOT NULL
) ENGINE=InnoDB DEFAULT CHARSET=utf8mb4;

--
-- Dumping data for table `kriteria`
--

INSERT INTO `kriteria` (`idKriteria`, `jenisKriteria`, `statusKriteria`) VALUES
(1, 'Akreditasi', 1),
(2, 'Nilai ', 1),
(3, 'Jurusan', 1);

-- --------------------------------------------------------

--
-- Table structure for table `matapelajaran`
--

CREATE TABLE `matapelajaran` (
  `idMapel` int(11) NOT NULL,
  `idTahunAjaran` int(11) NOT NULL,
  `namaMapel` varchar(100) NOT NULL,
  `jenisMapel` enum('IPA','IPS','Umum','') NOT NULL,
  `statusMapel` int(11) NOT NULL
) ENGINE=InnoDB DEFAULT CHARSET=utf8mb4;

--
-- Dumping data for table `matapelajaran`
--

INSERT INTO `matapelajaran` (`idMapel`, `idTahunAjaran`, `namaMapel`, `jenisMapel`, `statusMapel`) VALUES
(1, 1, 'Bahasa dan Sastra Arab', 'Umum', 1),
(2, 1, 'Bahasa Indonesia', 'Umum', 1),
(3, 1, 'Bahasa Inggris', 'Umum', 1),
(4, 1, 'Biologi', 'IPA', 1),
(5, 1, 'Bimbingan dan Konseling (BK)', 'Umum', 1),
(6, 1, 'Bimbingan TIK', 'Umum', 1),
(7, 1, 'Ekonomi', 'IPS', 1),
(8, 1, 'Fisika', 'IPA', 1),
(9, 1, 'Geografi', 'IPS', 1),
(10, 1, 'Kimia', 'IPA', 1),
(11, 1, 'Matematika (Peminatan)', 'IPA', 1),
(12, 1, 'Matematika (Wajib)', 'Umum', 1),
(13, 1, 'Mulok: Bahasa Arab Qur\'an', 'Umum', 1),
(14, 1, 'Pendidikan Agama Islam dan Budi Pekerti', 'Umum', 1),
(15, 1, 'Pendidikan Jasmani, Olahraga. & Kesehatan', 'Umum', 1),
(16, 1, 'Pendidikan Pancasila dan Kewarganegaraan', 'Umum', 1),
(17, 1, 'Prakarya dan Kewirausahaan', 'Umum', 1),
(18, 1, 'Sejarah (Peminatan)', 'IPS', 1),
(19, 1, 'Sejarah Indonesia (Wajib)', 'Umum', 1),
(20, 1, 'Seni Budaya', 'Umum', 1),
(21, 1, 'Sosiologi', 'IPS', 1),
(22, 2, 'Bahasa Indonesia', 'Umum', 1),
(23, 1, 'English Conversation', 'Umum', 1),
(24, 1, 'Aqidah Akhlak', 'Umum', 1),
(25, 1, 'Muhadoroh', 'Umum', 1),
(26, 1, 'Bahasa Arab dan Sastra Arab (Lintas Minat)', 'Umum', 1),
(27, 1, 'Biologi (Lintas Minat)', 'IPS', 1),
(28, 1, 'Sosiologi (Linas Minat)', 'IPA', 0),
(29, 1, 'Sosiologi (Lintas Minat)', 'IPA', 1);

-- --------------------------------------------------------

--
-- Table structure for table `perbandingan_alternatif`
--

CREATE TABLE `perbandingan_alternatif` (
  `idPA` int(11) NOT NULL,
  `alternatifSatu` int(11) NOT NULL,
  `alternatifDua` int(11) NOT NULL,
  `idKriteria` int(11) NOT NULL,
  `bobotAlternatif` float NOT NULL
) ENGINE=InnoDB DEFAULT CHARSET=utf8mb4;

--
-- Dumping data for table `perbandingan_alternatif`
--

INSERT INTO `perbandingan_alternatif` (`idPA`, `alternatifSatu`, `alternatifDua`, `idKriteria`, `bobotAlternatif`) VALUES
(1, 4, 5, 1, 1),
(2, 4, 6, 1, 2),
(3, 5, 6, 1, 1),
(4, 4, 5, 2, 2),
(5, 4, 6, 2, 2),
(6, 5, 6, 2, 1),
(7, 4, 5, 3, 2),
(8, 4, 6, 3, 4),
(9, 5, 6, 3, 1),
(10, 4, 5, 1, 2),
(11, 4, 6, 1, 2),
(12, 5, 6, 1, 1),
(13, 4, 5, 2, 1),
(14, 4, 6, 2, 4),
(15, 5, 6, 2, 2),
(16, 4, 5, 3, 2),
(17, 4, 6, 3, 1),
(18, 5, 6, 3, 2),
(19, 4, 5, 3, 1),
(20, 4, 6, 3, 1),
(21, 5, 6, 3, 2),
(22, 9, 10, 1, 1),
(23, 9, 11, 1, 2),
(24, 10, 11, 1, 1),
(25, 9, 10, 2, 2),
(26, 9, 11, 2, 1),
(27, 10, 11, 2, 2),
(28, 9, 10, 2, 1),
(29, 9, 11, 2, 4),
(30, 10, 11, 2, 1),
(31, 9, 10, 2, 1),
(32, 9, 11, 2, 1),
(33, 10, 11, 2, 2),
(34, 9, 10, 3, 2),
(35, 9, 11, 3, 1),
(36, 10, 11, 3, 3),
(37, 9, 10, 3, 1),
(38, 9, 11, 3, 2),
(39, 10, 11, 3, 1),
(40, 9, 10, 1, 1),
(41, 9, 11, 1, 2),
(42, 10, 11, 1, 1),
(43, 9, 10, 2, 2),
(44, 9, 11, 2, 3),
(45, 10, 11, 2, 2),
(46, 9, 10, 3, 1),
(47, 9, 11, 3, 1),
(48, 10, 11, 3, 2),
(49, 1, 2, 1, 6),
(50, 1, 3, 1, 8),
(51, 2, 3, 1, 9),
(52, 9, 10, 1, 2),
(53, 9, 11, 1, 3),
(54, 10, 11, 1, 2),
(55, 9, 10, 2, 1),
(56, 9, 11, 2, 1),
(57, 10, 11, 2, 2),
(58, 9, 10, 3, 2),
(59, 9, 11, 3, 4),
(60, 10, 11, 3, 1),
(61, 9, 10, 1, 6),
(62, 9, 11, 1, 4),
(63, 10, 11, 1, 9),
(64, 9, 10, 2, 1),
(65, 9, 11, 2, 2),
(66, 10, 11, 2, 1),
(67, 9, 10, 3, 9),
(68, 9, 11, 3, 9),
(69, 10, 11, 3, 8),
(70, 9, 10, 1, 0),
(71, 9, 11, 1, 0),
(72, 10, 11, 1, 0),
(73, 9, 10, 1, 9),
(74, 9, 11, 1, 7),
(75, 10, 11, 1, 8),
(76, 9, 10, 2, 1),
(77, 9, 11, 2, 2),
(78, 10, 11, 2, 1),
(79, 9, 10, 3, 2),
(80, 9, 11, 3, 2),
(81, 10, 11, 3, 1);

-- --------------------------------------------------------

--
-- Table structure for table `perbandingan_kriteria`
--

CREATE TABLE `perbandingan_kriteria` (
  `idPK` int(11) NOT NULL,
  `kriteria_satu` int(11) NOT NULL,
  `kriteria_dua` int(11) NOT NULL,
  `bobotKriteria` int(11) NOT NULL
) ENGINE=InnoDB DEFAULT CHARSET=utf8mb4;

--
-- Dumping data for table `perbandingan_kriteria`
--

INSERT INTO `perbandingan_kriteria` (`idPK`, `kriteria_satu`, `kriteria_dua`, `bobotKriteria`) VALUES
(1, 1, 2, 1),
(2, 1, 3, 2),
(3, 2, 3, 1);

-- --------------------------------------------------------

--
-- Table structure for table `pv_alternatif`
--

CREATE TABLE `pv_alternatif` (
  `idHA` int(11) NOT NULL,
  `idAlternatif` int(11) NOT NULL,
  `idKriteria` int(11) NOT NULL,
  `nilaiHA` double NOT NULL
) ENGINE=InnoDB DEFAULT CHARSET=utf8mb4;

--
-- Dumping data for table `pv_alternatif`
--

INSERT INTO `pv_alternatif` (`idHA`, `idAlternatif`, `idKriteria`, `nilaiHA`) VALUES
(1, 1, 1, 0.41111111111111),
(2, 2, 1, 0.32777777777778),
(3, 3, 1, 0.26111111111111),
(4, 1, 2, 0.5),
(5, 2, 2, 0.25),
(6, 3, 2, 0.25),
(7, 1, 3, 0.57936507936508),
(8, 2, 3, 0.23412698412698),
(9, 3, 3, 0.18650793650794),
(10, 1, 1, 0.5),
(11, 2, 1, 0.25),
(12, 3, 1, 0.25),
(13, 1, 2, 0.47195767195767),
(14, 2, 2, 0.37671957671958),
(15, 3, 2, 0.15132275132275),
(16, 1, 3, 0.40714285714286),
(17, 2, 3, 0.32857142857143),
(18, 3, 3, 0.26428571428571),
(19, 1, 3, 0.32777777777778),
(20, 2, 3, 0.41111111111111),
(21, 3, 3, 0.26111111111111),
(22, 1, 1, 0.41111111111111),
(23, 2, 1, 0.32777777777778),
(24, 3, 1, 0.26111111111111),
(25, 1, 2, 0.40714285714286),
(26, 2, 2, 0.32857142857143),
(27, 3, 2, 0.26428571428571),
(28, 1, 2, 0.48148148148148),
(29, 2, 2, 0.31481481481481),
(30, 3, 2, 0.2037037037037),
(31, 1, 2, 0.32777777777778),
(32, 2, 2, 0.41111111111111),
(33, 3, 2, 0.26111111111111),
(34, 1, 3, 0.4),
(35, 2, 3, 0.36666666666667),
(36, 3, 3, 0.23333333333333),
(37, 1, 3, 0.41111111111111),
(38, 2, 3, 0.32777777777778),
(39, 3, 3, 0.26111111111111),
(40, 1, 1, 0.41111111111111),
(41, 2, 1, 0.32777777777778),
(42, 3, 1, 0.26111111111111),
(43, 1, 2, 0.53896103896104),
(44, 2, 2, 0.2972582972583),
(45, 3, 2, 0.16378066378066),
(46, 1, 3, 0.32777777777778),
(47, 2, 3, 0.41111111111111),
(48, 3, 3, 0.26111111111111),
(49, 1, 1, 0.68746266427718),
(50, 2, 1, 0.25655241935484),
(51, 3, 1, 0.055984916367981),
(52, 1, 1, 0.53896103896104),
(53, 2, 1, 0.2972582972583),
(54, 3, 1, 0.16378066378066),
(55, 1, 2, 0.32777777777778),
(56, 2, 2, 0.41111111111111),
(57, 3, 2, 0.26111111111111),
(58, 1, 3, 0.57936507936508),
(59, 2, 3, 0.23412698412698),
(60, 3, 3, 0.18650793650794),
(61, 1, 1, 0.61178221288515),
(62, 2, 1, 0.30037640056022),
(63, 3, 1, 0.087841386554622),
(64, 1, 2, 0.41111111111111),
(65, 2, 2, 0.32777777777778),
(66, 3, 2, 0.26111111111111),
(67, 1, 3, 0.73569023569024),
(68, 2, 3, 0.21137298915077),
(69, 3, 3, 0.052936775158997),
(70, 1, 1, 0),
(71, 1, 1, 0.70795241443976),
(72, 2, 1, 0.22912434234516),
(73, 3, 1, 0.062923243215086),
(74, 1, 2, 0.41111111111111),
(75, 2, 2, 0.32777777777778),
(76, 3, 2, 0.26111111111111),
(77, 1, 3, 0.5),
(78, 2, 3, 0.25),
(79, 3, 3, 0.25);

-- --------------------------------------------------------

--
-- Table structure for table `pv_kriteria`
--

CREATE TABLE `pv_kriteria` (
  `idKriteria` int(11) NOT NULL,
  `nilaiPvKrit` float NOT NULL
) ENGINE=InnoDB DEFAULT CHARSET=utf8mb4;

--
-- Dumping data for table `pv_kriteria`
--

INSERT INTO `pv_kriteria` (`idKriteria`, `nilaiPvKrit`) VALUES
(1, 0.411111),
(2, 0.327778),
(3, 0.261111);

-- --------------------------------------------------------

--
-- Table structure for table `rankingrekomendasi`
--

CREATE TABLE `rankingrekomendasi` (
  `idRanking` int(11) NOT NULL,
  `idAlternatif` int(11) NOT NULL,
  `hasilAkhir` double NOT NULL
) ENGINE=InnoDB DEFAULT CHARSET=utf8mb4;

--
-- Dumping data for table `rankingrekomendasi`
--

INSERT INTO `rankingrekomendasi` (`idRanking`, `idAlternatif`, `hasilAkhir`) VALUES
(1, 1, 0.48417989523809),
(2, 2, 0.27783068095238),
(3, 3, 0.23798942380952),
(10, 1, 0.48028975137085),
(11, 2, 0.31809246457431),
(12, 3, 0.20161778405483);

-- --------------------------------------------------------

--
-- Table structure for table `rapor`
--

CREATE TABLE `rapor` (
  `idRapor` int(11) NOT NULL,
  `idSiswa` int(11) NOT NULL,
  `totalNilai` int(11) NOT NULL,
  `statusRapor` tinyint(4) NOT NULL
) ENGINE=InnoDB DEFAULT CHARSET=utf8mb4;

--
-- Dumping data for table `rapor`
--

INSERT INTO `rapor` (`idRapor`, `idSiswa`, `totalNilai`, `statusRapor`) VALUES
(1, 1, 69, 1),
(2, 2, 62, 1),
(3, 3, 61, 1),
(4, 4, 61, 1),
(5, 5, 61, 1),
(6, 6, 60, 1),
(7, 10, 69, 1),
(8, 11, 61, 1),
(9, 13, 60, 1),
(10, 14, 60, 1),
(11, 15, 60, 1),
(12, 16, 59, 1),
(13, 18, 69, 1),
(14, 19, 62, 1),
(15, 21, 61, 1),
(16, 22, 61, 1),
(17, 24, 61, 1),
(18, 25, 60, 1),
(19, 27, 60, 1),
(20, 28, 59, 1),
(21, 30, 69, 1),
(22, 31, 61, 1),
(23, 33, 60, 1),
(24, 32, 60, 1);

-- --------------------------------------------------------

--
-- Table structure for table `tahunajaran`
--

CREATE TABLE `tahunajaran` (
  `idTahunAjaran` int(11) NOT NULL,
  `tahunAjaran` varchar(100) NOT NULL,
  `statusTahunAjaran` bit(2) NOT NULL
) ENGINE=InnoDB DEFAULT CHARSET=utf8mb4;

--
-- Dumping data for table `tahunajaran`
--

INSERT INTO `tahunajaran` (`idTahunAjaran`, `tahunAjaran`, `statusTahunAjaran`) VALUES
(1, '2019/2020', b'01'),
(2, '2018/2019', b'01'),
(3, '2017/2018', b'01'),
(4, '2016/2017', b'01'),
(5, '2015/2016', b'00');

-- --------------------------------------------------------

--
-- Table structure for table `tokens`
--

CREATE TABLE `tokens` (
  `idToken` int(11) NOT NULL,
  `token` varchar(255) NOT NULL,
  `nomorInduk` int(11) NOT NULL,
  `created` date NOT NULL
) ENGINE=InnoDB DEFAULT CHARSET=utf8mb4;

--
-- Dumping data for table `tokens`
--

INSERT INTO `tokens` (`idToken`, `token`, `nomorInduk`, `created`) VALUES
(1, '070b8bf1681535587b42598e1e8a2a', 0, '2020-01-19'),
(2, 'a31e7e2de405ce02249beda55e38d5', 0, '2020-01-19'),
(3, '00f2bbab2098ea5a822162482cd2e6', 0, '2020-01-19'),
(4, 'b54dd0fc9090ea99c5cbb38b614133', 0, '2020-01-19'),
(5, 'f3f0f64aa9a719a3234f86891bbd1d', 0, '2020-01-19'),
(6, 'bf238a706c6ae41c39ad9a1e45162e', 0, '2020-01-19'),
(7, '7eaaf6bf0491d209afd158b935d0a3', 0, '2020-01-19'),
(8, 'dd8d36c9ef972a36436c51b4a22cfe', 0, '2020-01-19'),
(9, '40351e873a5c541bcbc5a4663c1b15', 0, '2020-01-19'),
(10, 'beffa5bc7d561e01c16011349660ce', 23804, '2020-02-09'),
(11, '5b902ecd8e582acc19e152e39d2ffa', 23804, '2020-02-09'),
(12, 'f158a68604c7b5e55e30288f9f4e0f', 0, '2020-02-09');

-- --------------------------------------------------------

--
-- Table structure for table `user`
--

CREATE TABLE `user` (
  `nomorInduk` varchar(50) NOT NULL,
  `userRole` enum('Admin','Guru','Siswa','Wali Kelas','Wali Murid','') NOT NULL,
  `namaUser` varchar(200) NOT NULL,
  `ttlUser` date NOT NULL,
  `emailUser` varchar(100) NOT NULL,
  `noTelp` varchar(12) NOT NULL,
  `alamatUser` text NOT NULL,
  `jenisKelamin` int(11) NOT NULL,
  `passUser` text NOT NULL,
  `gambar` text NOT NULL,
  `statusUser` int(1) NOT NULL,
  `resetPass` varchar(200) NOT NULL
) ENGINE=InnoDB DEFAULT CHARSET=utf8mb4;

--
-- Dumping data for table `user`
--

INSERT INTO `user` (`nomorInduk`, `userRole`, `namaUser`, `ttlUser`, `emailUser`, `noTelp`, `alamatUser`, `jenisKelamin`, `passUser`, `gambar`, `statusUser`, `resetPass`) VALUES
('23804', 'Admin', 'Alvira Putri', '1999-01-27', 'alvirap7@gmail.com', '08974110896', 'Perumahan Griya Karawaci Blok B6 No.11', 1, 'f03ffcacb777a006b6e4ca8d34b528f4', 'avaCewe3.png', 1, ''),
('NIP3805', 'Guru', 'Sumardi, S.Pd, MM', '1980-01-01', 'sumardi@islamic.edu', '081213245756', 'Perumahan Nasional 1 Tangerang', 1, '98cac9d33aad44bb31800130e8c50b5f', 'avaCowo5.png', 1, ''),
('NIP3806', 'Guru', 'Indra Priharstyadi, S.Sos', '1987-01-02', 'indra@islamic.edu', '081378284927', 'Perumnas 2, Tangerang', 1, '5e7264477cf9b6b237a0d254cf0324e2', '7142b0821255d1ba5c4d5083dc17683b.png', 1, ''),
('NIP3807', 'Wali Kelas', 'Lina Haryati, S.Pd', '1978-04-03', 'linahar_yati@islamic.edu', '08123346566', 'Karawaci, Tangerang', 0, '43a115cbd6f4788924537365be3d6012', 'avaCewe5.png', 1, ''),
('NIP3808', 'Wali Kelas', 'Yani Suryani, M.Pd', '1976-05-13', 'yanisuryani@islamic.edu', '08129746574', 'Karawaci, Tangerang', 0, 'cd8d5260c8131ca7aeea5d41796d1a0a', '0144630908585bbbad1dd67ba36c4f12.png', 1, ''),
('NIP3809', 'Wali Kelas', 'Sri Rahayuningsih, S.Pd', '1976-02-04', 'srirahayu@islamic.edu', '08128877567', 'Perumahan Sari Bumi Blok A1 No.3', 0, '38ef4b66cb25e92abe4d594acb841471', 'efc685e223479977cde4f0aaec57e49d.png', 1, ''),
('NIP3810', 'Wali Kelas', 'Shinta Arwidya, S.Pd', '1988-11-07', 'shinta_kesuma@islamic.edu', '089536448483', 'Karawaci, Tangerang', 0, '02ae6a786bbf135d3d223cbc0e770b6e', '85ad144b44e059719a4b2e8d6231697f.png', 1, ''),
('NIP3811', 'Wali Kelas', 'Iyan Ihyahunas, S.Kom', '1970-10-10', 'iyan_ihyahuna@islamic.edu', '081374568193', 'Karawaci, Tangerang', 0, '8068fee5f49946b3a8f85b1007cd40bb', '662837e24795a5a54b8cdc0be57f6181.png', 1, ''),
('NIP3812', 'Wali Kelas', 'Rini Setyowati, S.Pd', '1977-10-09', 'riniii@islamic.edu', '081233997382', 'Karawaci, Tangerang', 0, '40dba662fae60cd3bcceaa76a82d2873', '99997449f2a4f2dcc4deaf6e3fb798ee.png', 1, ''),
('NIP3813', 'Wali Kelas', 'Vivi Antika, S.Pd', '1989-03-15', 'viviantika@islamic.edu', '081293610472', 'Karawaci, Tangerang', 0, '0a49e3c3a03ebde64f85c0bacd8a08e2', 'b44dd0ad5ae19bc785d1ca2731f6cad0.png', 1, ''),
('NIP3814', 'Wali Kelas', 'Monika Fitriastuti, S.Pd', '1980-10-16', 'monika@islamic.edu', '089316294016', 'Karawaci, Tangerang', 0, 'c563c2c394023a07d56ad6b3eb09537a', '88f433e2f9bd7b48b1e4292843b6ab47.png', 1, ''),
('NIP3815', 'Wali Kelas', 'Irnawati, SH, S.Pd', '1976-04-30', 'irnawati@islamic.edu', '0812957692', 'Binong Permai, Kab.Tangerang', 0, '143758ee65fb29d30caa170c0db0ed36', 'ebc3acde5f051a8da161e385e2bdd359.png', 1, ''),
('NIP3816', 'Wali Kelas', 'Farah Fauzanna, S.Pd', '1974-08-18', 'farahfauzana@islamic.edu', '089466973320', 'Karawaci, Tangerang', 0, 'c911241d00294e8bb714eee2e83fa475', 'b0359d738271b9f8df28dc2dc771bfbd.png', 1, ''),
('NIP3817', 'Wali Kelas', 'Fitriana Kartika Sari, S.Pd', '1986-01-27', 'fitri@islamic.edu', '089534972109', 'Karawaci, Tangerang', 0, 'fa6c94460e902005a0b660266190c8ba', '5a2e83df3d2bac2afab102a6583ee4bb.png', 1, ''),
('NIP3818', 'Wali Kelas', 'H. Suparno, S.Pd', '1973-06-16', 'suparno@islamic.edu', '089354734789', 'Karawaci, Tangerang', 1, 'b994697479c5716eda77e8e9713e5f0f', 'e3c199cccbb2e0fc60ae4f20d1655741.png', 1, ''),
('NIP3819', 'Wali Kelas', 'Fauziah Ismatullah, S.Pd', '1970-08-18', 'fauziah@islamic.edu', '081234786582', 'Karawaci, Tangerang', 0, 'eb1848290d5a7de9c9ccabc67fefa211', '1e6c2529d1f7bd4e625d550007eff562.png', 1, ''),
('NIP3820', 'Wali Kelas', 'Mohamad Yassir Ali, S.Pd', '1980-05-10', 'yassirali@islamic.edu', '081736575893', 'Karawaci, Tangerang', 1, '91e50fe1e39af2869d3336eaaeebdb43', 'cdcbf2ed645761e898b3aff6151163d4.png', 1, ''),
('NIP3821', 'Wali Kelas', 'Murnah, M.Pd', '1975-10-07', 'murnah@islamic.edu', '081927557575', 'Karawaci, Tangerang', 0, 'c04c19c2c2474dbf5f7ac4372c5b9af1', '707b57639aab6d1235eb1a6d5687c051.png', 1, ''),
('NIP3822', 'Wali Kelas', 'Cahyadi, S.Pd', '1970-10-08', 'cahyadi@islamic.edu', '081234786521', 'Karawaci, Tangerang', 0, '0e57098d0318a954d1443e2974a38fac', 'd961274fe89a3a7bf41e1ffc0767e108.png', 1, ''),
('NIP3823', 'Guru', 'Achmad Subhan, S.Ag, S.Pd', '1969-04-25', 'subhan@islamic.edu', '081972732910', 'Karawaci, Tangerang', 1, 'bca382c81484983f2d437f97d1e141f3', '143728c7a3e7823f4409a8a25b315d27.png', 1, ''),
('NIP3824', 'Guru', 'H. Dadang H, S.Ag', '1968-05-28', 'dadang@islamic.edu', '081927574742', 'Karawaci, Tangerang', 1, '67974233917cea0e42a49a2fb7eb4cf4', 'e085906a871863eb250007ddd335b6ca.png', 1, ''),
('NIP3825', 'Guru', 'H. Sahroni, S.Pd.I', '1988-01-22', 'sahroni@islamic.edu', '081288775678', 'Karawaci, Tangerang', 1, 'c24fe9f765a44048868b5a620f05678e', '18c2cbe9e0846b631c178cfe8801bfcb.png', 1, ''),
('NIP3826', 'Guru', 'Heni Indrawati, S.Pd', '1988-01-22', 'heniindrawati@islamic.edu', '08974110896', 'Karawaci, Tangerang', 0, 'a292f1c5874b2be8395ffd75f313937f', '75cfb145541a14c54dd7c7d532db0e14.png', 1, ''),
('NIP3827', 'Guru', 'Drs. Shamady Nura', '1970-01-22', 'shamady@islamic.edu', '081288775678', 'Karawaci, Tangerang', 1, 'b5b8c484824d8a06f4f3d570bc420313', 'bd53a6ac458ca394a724757a70b7ed9b.png', 1, ''),
('NIP3828', 'Guru', 'Dra. Hj. Atik Nurlina, MM', '1977-01-22', 'atiknurlina@islamic.edu', '0812347865', 'Karawaci, Tangerang', 0, '46d3f6029f6170ebccb28945964d09bf', '8674d0ffd3adb54b8c18b385ec3d84a7.png', 1, ''),
('NIP3829', 'Guru', 'Neni Roslela, S.Pd, M.Si', '1977-01-22', 'neniroslela@islamic.edu', '08123478654', 'Karawaci, Tangerang', 0, 'b7d0858d41a6c29b873e4aba411e6d04', 'b2c34fbd9227eefdc2b70c1cba847f9e.png', 1, ''),
('NIP3830', 'Guru', 'Ayi Supyandi, S.Pd', '1976-01-22', 'ayi@islamic.edu', '081646482193', 'Karawaci, Tangerang', 1, 'fcde14913c766cf307c75059e0e89af5', '708ca236422e29fccd5d8c624b82f8dc.png', 1, ''),
('NIP3831', 'Guru', 'Yan Atjep Heriana,SE', '1976-02-23', 'yanatjep@islamic.edu', '018737632239', 'Karawaci, Tangerang', 0, 'cac8e13055d2e4f62b6322254203b293', 'c66efd7c9f44848ad2a6f6dc50e799cd.png', 1, ''),
('NIP3832', 'Guru', 'Empon Kartini, S.Pd', '1965-04-09', 'emponkartini@islamic.edu', '085638474742', 'Karawaci, Tangerang', 0, 'ea9268cb43f55d1d12380fb6ea5bf572', '70e22c36007a4251cb1dde4bc8c1423f.png', 1, ''),
('NIP3833', 'Guru', 'Hasnan, S.Pd', '1988-05-30', 'hasnann@islamic.edu', '081963648382', 'Karawaci, Tangerang', 1, '65b1e92c585fd4c2159d5f33b5030ff2', 'ef7dac9cbe291cabce1a762014b69053.png', 1, ''),
('NIP3834', 'Guru', 'Sulistiani Herdiyati, S.Pd', '1976-11-06', 'sulistianiii@islamic.edu', '081646439288', 'Karawaci, Tangerang', 0, '243be2818a23c980ad664f30f48e5d19', 'a4aa06fc8956083b4df0602b1483e198.png', 1, ''),
('NIP3835', 'Guru', 'Roby Saefullah, S.Or', '1978-05-10', 'robysaefullah@islamic.edu', '081973729409', 'Karawaci, Tangerang', 1, '1c66f4627f1b9679f8db47d1287d7e98', 'fe48f04c8bbbd7d5c9fa4161cec9f684.png', 1, ''),
('NIP3836', 'Guru', 'Widya Pratama, S.Pd', '1975-07-05', 'widyapratama@islamic.edu', '081642898484', 'Karawaci, Tangerang', 1, '6e2eec9ca19c076736d19ac5426473af', '9b2d57ed640fd2e0c0e48bc906292610.png', 1, ''),
('NIP3837', 'Guru', 'Napsiyah, S.Pd', '1988-05-09', 'napsiyah@islamic.edu', '081273849274', 'Karawaci, Tangerang', 0, 'a6ade5aa93b826f8de63c663e1159bf7', '9f7eb33b0ccac4590f9e0a5fbfd4fcb1.png', 1, ''),
('0000000001', 'Siswa', 'Rayshasikirana Lovetha F', '2004-02-21', 'rlf01@islamic.edu', '081673734701', 'Karawaci, Tangerang\r\n', 0, 'bdee75543839075c4e5f5e87ff1685f4', 'avaCewe6.png', 1, ''),
('WM001', 'Wali Murid', 'Rayshasikirana Lovetha F', '2004-12-02', 'rlf01@islamic.edu', '081673734701', 'Karawaci, Tangerang\r\n', 1, '30aeb628d63cbbf13b0add87a94bfe37', 'avaCowo.png', 0, ''),
('0000000002', 'Siswa', 'Azmi Faviansyah', '2004-11-08', 'af04@islamic.edu', '081673734701', 'Karawaci, Tangerang\r\n', 1, '6d549a30f1a8967739e81a9c89028eb3', '528a88ef2dca2bcb06e480e2800df16a.png', 1, ''),
('0000000003', 'Siswa', 'Yasmin Nadira', '2004-10-09', 'yn07@islamic.edu', '081673734701', 'Karawaci, Tangerang\r\n', 0, '81e126dadb376f43e420bf6769b91966', '5c0f87c249e2069969dfa27aa0fb810b.png', 1, ''),
('0000000004', 'Siswa', 'Kartika Triana Dewi', '2004-03-07', 'ktd04@islamic.edu', '081673734701', 'Karawaci, Tangerang\r\n', 0, '0386069523ecbe3509eba7c7c6458e94', '4d29c78bb4273d4bd0d5977334f7897c.png', 1, ''),
('0000000005', 'Siswa', 'Noval Ramadhan', '2004-09-05', 'nr05@islamic.edu', '081673734701', 'Karawaci, Tangerang\r\n', 1, 'f0f4e57f2a4d4fd271972ac878fe0c5e', '74877cd431aa952be6f3c504e954741e.png', 1, ''),
('0000000006', 'Siswa', 'Afaf Fatina Faddal', '2004-11-08', 'aff08@islamic.edu', '081673734701', 'Karawaci, Tangerang\r\n', 1, '2aeea485d2e526ea5b143701b740aa91', '454c3fc22d04c5482cdc5c034ba6dbaa.png', 1, ''),
('NIP3838', 'Admin', 'Sugani S,T', '1987-03-30', 'sumardi@islamic.edu', '08974110896', 'Karawaci, Tangerang', 1, 'f26df67e8110ee2b44923db775e3e47f', '8f960d27b9fbfb7ee664a9b264b67d74.png', 0, ''),
('NIP3839', 'Admin', 'eugene pranoto', '1999-12-12', 'eugenepranoto@gmail.com', '0812347865', 'ures 1', 1, 'e10adc3949ba59abbe56e057f20f883e', '20200123_214300_0000.png', 0, ''),
('NIP3840', 'Admin', 'Sugani S.T', '1988-02-02', 'sugani@islamic.com', '0812347865', 'Karawaci, Tangerang', 1, 'dfa037a53e121ecc9e0926800c3e814e', 'avaCowo8.png', 1, ''),
('0000000007', 'Siswa', 'Intan Nadya Putri', '2004-04-04', 'inp03@islamic.edu', '081673734701', 'Karawaci, Tangerang\r\n', 0, '4f70b8cd1abc63a3262f18c4ba6e1610', 'avaCewe7.png', 1, ''),
('0000000008', 'Siswa', 'Jovan Hidayat', '2004-05-01', 'jh06@islamic.edu', '081673734701', 'Karawaci, Tangerang\r\n', 1, '5f2033412d79b32dcdb39241ff891785', 'avaCowo9.png', 1, ''),
('0000000009', 'Siswa', 'Debora Margareta Sutikto', '2004-12-03', 'dms09@islamic.edu', '081673734701', 'Karawaci, Tangerang\r\n', 0, 'd1742cb8b45d3624feb75f0c1301624e', 'avaCewe8.png', 1, ''),
('0000000010', 'Siswa', 'Adonis Kay Reyhan Tristansyah', '2004-12-19', 'akrt10@islamic.edu', '081673734701', 'Karawaci, Tangerang\r\n', 1, 'ceb602f99cd6ffbab0950d80d096587d', 'avaCowo10.png', 1, ''),
('0000000012', 'Siswa', 'Sanchia Aryana Enola', '2004-08-07', 'sae12@islamic.edu', '081673734701', 'Karawaci, Tangerang\r\n', 0, '4b5b839e823e17f9f57a5565c32ad6f0', 'avaCewe10.png', 1, ''),
('0000000013', 'Siswa', 'Eugenius Pranoto', '2004-11-15', 'ep13@islamic.edu', '081673734701', 'Karawaci, Tangerang\r\n', 1, 'd9529c745cb8acf4de35d66f7904e1ea', 'avaCowo11.png', 1, ''),
('0000000014', 'Siswa', 'Ilham Mulya Putra Setyaw', '2004-11-08', 'imps14@islamic.edu', '081673734701', 'Karawaci, Tangerang\r\n', 1, 'dbcc17c0632c00610b6712725f746a51', 'avaCowo12.png', 1, ''),
('0000000015', 'Siswa', 'Cindy Chintyamaulida', '2004-06-14', 'cc15@islamic.edu', '081673734701', 'Karawaci, Tangerang\r\n', 0, 'e7771388488caf58e7883ddcab1c00de', 'avaCewe11.png', 1, ''),
('0000000016', 'Siswa', 'Muhammad Fachri', '2003-05-14', 'mf16@islamic.edu', '081673734701', 'Karawaci, Tangerang\r\n', 1, '41e13421d7f9b02681a0abfa25bb840b', 'avaCowo13.png', 1, ''),
('0000000017', 'Siswa', 'Davina Roza Arkanant', '2003-04-01', 'dra17@islamic.edu', '081673734701', 'Karawaci, Tangerang\r\n', 0, 'fc914d92a186489696847904587bdc10', 'avaCewe12.png', 1, ''),
('0000000018', 'Siswa', 'Alfhaais Haikal Pratama', '2003-09-16', 'ahp18@islamic.edu', '081673734701', 'Karawaci, Tangerang\r\n', 0, '9ee4f7503c063e4c49fa0b55d557d445', 'avaCowo14.png', 1, ''),
('0000000019', 'Siswa', 'Azizah Nur Kusumawati', '2003-08-13', 'ank19@islamic.edu', '081673734701', 'Karawaci, Tangerang\r\n', 0, '03dcbb89218efd98e24f7e49d8975b12', 'avaCewe13.png', 1, ''),
('0000000020', 'Siswa', 'Adinda Permata Hati', '2003-09-19', 'aph20@islamic.edu', '081673734701', 'Karawaci, Tangerang\r\n', 0, '0f42badee1c1076ea20a5668f49b3e1d', 'avaCewe14.png', 1, ''),
('0000000021', 'Siswa', 'Adinda Rahmah', '2003-03-04', 'ar21@islamic.edu', '081673734701', 'Karawaci, Tangerang\r\n', 0, 'dc9e27e283754e1738d04b30962d50ab', 'avaCewe15.png', 1, ''),
('0000000022', 'Siswa', 'Alvin Faiz Ibrahim', '2003-05-29', 'afi22@islamic.edu', '081673734701', 'Karawaci, Tangerang\r\n', 1, 'd3993963bdca7d4906afe788ebae8699', 'avaCowo15.png', 1, ''),
('0000000023', 'Siswa', 'Ratu Darwin', '2003-08-24', 'rd23@islamic.edu', '081673734701', 'Karawaci, Tangerang\r\n', 0, 'bb3e10b8b495c9bb09066336f87003bf', 'avaCewe16.png', 1, ''),
('0000000024', 'Siswa', 'Balqis Ayu Medita', '2003-05-09', 'bam24@islamic.edu', '081673734701', 'Karawaci, Tangerang\r\n', 0, '649f10437c0b8379c0c3214bc1a26d93', 'avaCewe17.png', 1, ''),
('0000000025', 'Siswa', 'Mayra Aprilia Putri', '2003-07-06', 'map25@islamic.edu', '081673734701', 'Karawaci, Tangerang\r\n', 0, 'eaa2ac34a76734acd5aea312171eb5a7', 'avaCewe18.png', 1, ''),
('0000000026', 'Siswa', 'Difa Ayu Puspita', '2003-05-24', 'dap26@islamic.edu', '081673734701', 'Karawaci, Tangerang\r\n', 0, '5b9e70f4f6986367bb819812779c5484', 'avaCewe19.png', 1, ''),
('0000000027', 'Siswa', 'Velita Windasari', '2003-07-29', 'vw27@islamic.edu', '081673734701', 'Karawaci, Tangerang\r\n', 0, '916eb92c4c1cfe7842a4d1e4beb27deb', 'avaCewe20.png', 1, ''),
('0000000028', 'Siswa', 'Faradina Putri Cahyani', '2003-09-30', 'fpc28@islamic.edu', '081673734701', 'Karawaci, Tangerang\r\n', 0, '311355aeae4ee7dc5b9b577bfad8adca', 'avaCewe21.png', 1, ''),
('0000000029', 'Siswa', 'Raditiya Eka Putra Pratama', '2003-11-24', 'repp29@islamic.edu', '081673734701', 'Karawaci, Tangerang\r\n', 1, '278d070a562dbf6eae969cd4aa5add6e', 'avaCowo16.png', 1, ''),
('0000000030', 'Siswa', 'Muhammad Irfan Wicaksono', '2003-02-23', 'miw30@islamic.edu', '081673734701', 'Karawaci, Tangerang\r\n', 1, 'b3c642a04d77b3b6112ae79fdadf72b4', 'avaCowo17.png', 1, ''),
('0000000031', 'Siswa', 'Agra Cipta Kusuma', '2002-02-10', 'ack31@islamic.edu', '081673734701', 'Karawaci, Tangerang\r\n', 1, '69556e382d1be30b1564a7e600e87b96', 'avaCowo18.png', 1, ''),
('0000000032', 'Siswa', 'Diky Muliantara', '2002-02-11', 'dm32@islamic.edu', '081673734701', 'Karawaci, Tangerang\r\n', 1, '26abb7f9bd0eb3676df6f1482f5eeaef', 'avaCowo19.png', 1, ''),
('0000000033', 'Siswa', 'Sinatria Duta Santoro', '2002-02-12', 'sds33@islamic.edu', '081673734701', 'Karawaci, Tangerang\r\n', 1, '8aa3b1bb8ccbb2ea3c3044b939349c10', 'avaCowo20.png', 1, ''),
('0000000034', 'Siswa', 'Melinda Widya Septiana', '2002-02-13', 'mws34@islamic.edu', '081673734701', 'Karawaci, Tangerang\r\n', 0, '9cc10a7afed8f038b8c2a0ae1b33ef44', 'avaCewe22.png', 1, ''),
('0000000035', 'Siswa', 'Ienas Zahirah Mardhiyyah', '2002-02-14', 'lzm35@islamic.edu', '081673734701', 'Karawaci, Tangerang\r\n', 0, '5a1c3f0829f95c7b7080f301ec12b71c', 'avaCewe23.png', 1, ''),
('0000000036', 'Siswa', 'Muzaki Firdaus', '2002-02-15', 'mf36@islamic.edu', '081673734701', 'Karawaci, Tangerang\r\n', 1, '2c02ee2665d04263bba27532dcb3bdda', 'avaCowo21.png', 1, ''),
('0000000037', 'Siswa', 'Reva Dwi Hapsari', '2002-02-16', 'rdh37@islamic.edu', '081673734701', 'Karawaci, Tangerang\r\n', 0, 'f02851153d18b41d0aa2f92e316aca1d', 'avaCewe24.png', 1, ''),
('0000000038', 'Siswa', 'Brillian Bayu Prasetyo', '2002-02-17', 'bbp38@islamic.edu', '081673734701', 'Karawaci, Tangerang\r\n', 1, '4568db7f7b38c8844d3335b5741795cb', 'avaCowo22.png', 1, ''),
('0000000039', 'Siswa', 'Shafa Anjani Heri Nordi', '2002-02-18', 'sahn39@islamic.edu', '081673734701', 'Karawaci, Tangerang\r\n', 0, '86a64e04e1f6dd0e3b1d3f92dcd0dac7', 'avaCewe25.png', 1, ''),
('0000000040', 'Siswa', 'Adi Wijaya', '2002-02-19', 'aw40@islamic.edu', '081673734701', 'Karawaci, Tangerang\r\n', 1, 'ce48ad96397e2d79c573a994668a77bd', 'avaCowo23.png', 1, ''),
('0000000041', 'Siswa', 'Anil Hakim', '2002-02-20', 'ah41@islamic.edu', '081673734701', 'Karawaci, Tangerang\r\n', 1, '5f37c7c35599df43c6e0f0c7ca248dfe', 'avaCowo24.png', 1, ''),
('0000000042', 'Siswa', 'Naufal Zaidan Prasetyadi', '2002-02-21', 'nzp42@islamic.edu', '081673734701', 'Karawaci, Tangerang\r\n', 1, '8803631627d8d2f07cce247286be28a9', 'avaCowo25.png', 1, ''),
('0000000043', 'Siswa', 'Miftah Fikriyansah', '2002-02-22', 'mf43@islamic.edu', '081673734701', 'Karawaci, Tangerang\r\n', 1, '7be7436ff8a380184d6b430f75995f0e', 'avaCowo26.png', 1, ''),
('0000000044', 'Siswa', 'Muhammad Bintang Rabani', '2002-02-23', 'mbr44@islamic.edu', '081673734701', 'Karawaci, Tangerang\r\n', 1, '755cec6d83cd6a69f5f0f58325ef1a29', 'avaCowo27.png', 1, ''),
('0000000045', 'Siswa', 'Nisrina Zahrah Franslihatin Putri', '2002-02-24', 'nzfp45@islamic.edu', '081673734701', 'Karawaci, Tangerang\r\n', 0, '4a9542045d47107dd92b303f114ac67f', 'avaCewe26.png', 1, ''),
('0000000046', 'Siswa', 'Ryan Ramadhan', '2002-02-25', 'rr46@islamic.edu', '081673734701', 'Karawaci, Tangerang\r\n', 1, '26c096446ed72300c7691cd5aa67cfba', 'avaCowo28.png', 1, ''),
('0000000047', 'Siswa', 'Wanda Hamidah', '2002-02-26', 'wh47@islamic.edu', '081673734701', 'Karawaci, Tangerang\r\n', 0, 'e668ea8a6e7d0687d2db728ffbd3c8c2', 'avaCewe27.png', 1, ''),
('0000000011', 'Siswa', 'Aisyah Rahmawati\r\n', '2004-10-30', 'ar11@islamic.edu\r\n', '081673734701', 'Karawaci, Tangerang\r\n', 0, 'f00ed46d1ba92ababb981df5d5cea5ce', '', 1, ''),
('0000000048', 'Siswa', 'Firstia Dama Aldiyanti', '2002-03-07', 'fda28@islamic.edu', '081673734701', 'Karawaci, Tangerang', 0, 'e32c63d2f5bcb3a14b991ad5183934b9', 'avaCewe28.png', 1, '');

-- --------------------------------------------------------

--
-- Table structure for table `walikelas`
--

CREATE TABLE `walikelas` (
  `idWaliKelas` int(11) NOT NULL,
  `nomorInduk` varchar(50) NOT NULL,
  `idKelas` int(11) NOT NULL,
  `statusWaliKelas` int(11) NOT NULL
) ENGINE=InnoDB DEFAULT CHARSET=utf8mb4;

--
-- Dumping data for table `walikelas`
--

INSERT INTO `walikelas` (`idWaliKelas`, `nomorInduk`, `idKelas`, `statusWaliKelas`) VALUES
(1, 'NIP3807', 1, 1),
(2, 'NIP3808', 2, 1),
(3, 'NIP3809', 3, 1),
(4, 'NIP3810', 4, 1),
(5, 'NIP3811', 5, 1),
(6, 'NIP3812', 6, 1),
(7, 'NIP3813', 7, 1),
(8, 'NIP3814', 8, 1),
(9, 'NIP3815', 9, 1),
(10, 'NIP3816', 10, 1),
(11, 'NIP3817', 11, 1),
(12, 'NIP3818', 12, 1),
(13, 'NIP3819', 13, 1),
(14, 'NIP3820', 14, 1),
(15, 'NIP3821', 15, 1),
(16, 'NIP3822', 16, 1);

-- --------------------------------------------------------

--
-- Table structure for table `walimurid`
--

CREATE TABLE `walimurid` (
  `idWaliMurid` int(11) NOT NULL,
  `nomorInduk` varchar(50) NOT NULL,
  `keterangan` varchar(100) NOT NULL,
  `idSiswa` int(11) NOT NULL,
  `statusWaliMurid` int(1) NOT NULL
) ENGINE=InnoDB DEFAULT CHARSET=utf8mb4;

--
-- Dumping data for table `walimurid`
--

INSERT INTO `walimurid` (`idWaliMurid`, `nomorInduk`, `keterangan`, `idSiswa`, `statusWaliMurid`) VALUES
(1, 'WM001', 'Ibu', 1, 0),
(2, 'WM002', 'Ibu', 2, 1),
(3, 'WM004', 'Ibu', 4, 1),
(4, 'WM005', 'Ayah', 5, 1),
(5, 'WM006', 'Ibu', 6, 1),
(6, 'WM001', 'Ayah', 1, 0);

--
-- Indexes for dumped tables
--

--
-- Indexes for table `absensi`
--
ALTER TABLE `absensi`
  ADD PRIMARY KEY (`idAbsen`);

--
-- Indexes for table `alternatif`
--
ALTER TABLE `alternatif`
  ADD PRIMARY KEY (`idAlternatif`);

--
-- Indexes for table `bukunilai`
--
ALTER TABLE `bukunilai`
  ADD PRIMARY KEY (`idBukuNilai`);

--
-- Indexes for table `catatan_walikelas`
--
ALTER TABLE `catatan_walikelas`
  ADD PRIMARY KEY (`idCatatan`);

--
-- Indexes for table `datasiswa`
--
ALTER TABLE `datasiswa`
  ADD PRIMARY KEY (`idSiswa`);

--
-- Indexes for table `ekskul_siswa`
--
ALTER TABLE `ekskul_siswa`
  ADD PRIMARY KEY (`idEkskul`);

--
-- Indexes for table `informasispp`
--
ALTER TABLE `informasispp`
  ADD PRIMARY KEY (`idInfo`);

--
-- Indexes for table `ir`
--
ALTER TABLE `ir`
  ADD PRIMARY KEY (`jumlah`);

--
-- Indexes for table `jadwal`
--
ALTER TABLE `jadwal`
  ADD PRIMARY KEY (`idJadwal`);

--
-- Indexes for table `jadwalpengawas`
--
ALTER TABLE `jadwalpengawas`
  ADD PRIMARY KEY (`idJadwalPengawas`);

--
-- Indexes for table `jadwalujian`
--
ALTER TABLE `jadwalujian`
  ADD PRIMARY KEY (`idJadwalUjian`);

--
-- Indexes for table `kelas`
--
ALTER TABLE `kelas`
  ADD PRIMARY KEY (`idKelas`);

--
-- Indexes for table `ketnilai`
--
ALTER TABLE `ketnilai`
  ADD PRIMARY KEY (`idKetNilai`);

--
-- Indexes for table `kompetensinilai`
--
ALTER TABLE `kompetensinilai`
  ADD PRIMARY KEY (`idKompetensi`);

--
-- Indexes for table `kriteria`
--
ALTER TABLE `kriteria`
  ADD PRIMARY KEY (`idKriteria`);

--
-- Indexes for table `matapelajaran`
--
ALTER TABLE `matapelajaran`
  ADD PRIMARY KEY (`idMapel`);

--
-- Indexes for table `perbandingan_alternatif`
--
ALTER TABLE `perbandingan_alternatif`
  ADD PRIMARY KEY (`idPA`);

--
-- Indexes for table `perbandingan_kriteria`
--
ALTER TABLE `perbandingan_kriteria`
  ADD PRIMARY KEY (`idPK`);

--
-- Indexes for table `pv_alternatif`
--
ALTER TABLE `pv_alternatif`
  ADD PRIMARY KEY (`idHA`);

--
-- Indexes for table `rankingrekomendasi`
--
ALTER TABLE `rankingrekomendasi`
  ADD PRIMARY KEY (`idRanking`);

--
-- Indexes for table `rapor`
--
ALTER TABLE `rapor`
  ADD PRIMARY KEY (`idRapor`);

--
-- Indexes for table `tahunajaran`
--
ALTER TABLE `tahunajaran`
  ADD PRIMARY KEY (`idTahunAjaran`);

--
-- Indexes for table `tokens`
--
ALTER TABLE `tokens`
  ADD PRIMARY KEY (`idToken`);

--
-- Indexes for table `walikelas`
--
ALTER TABLE `walikelas`
  ADD PRIMARY KEY (`idWaliKelas`);

--
-- Indexes for table `walimurid`
--
ALTER TABLE `walimurid`
  ADD PRIMARY KEY (`idWaliMurid`);

--
-- AUTO_INCREMENT for dumped tables
--

--
-- AUTO_INCREMENT for table `absensi`
--
ALTER TABLE `absensi`
  MODIFY `idAbsen` int(11) NOT NULL AUTO_INCREMENT, AUTO_INCREMENT=57;

--
-- AUTO_INCREMENT for table `alternatif`
--
ALTER TABLE `alternatif`
  MODIFY `idAlternatif` int(11) NOT NULL AUTO_INCREMENT, AUTO_INCREMENT=12;

--
-- AUTO_INCREMENT for table `bukunilai`
--
ALTER TABLE `bukunilai`
  MODIFY `idBukuNilai` int(11) NOT NULL AUTO_INCREMENT, AUTO_INCREMENT=3846;

--
-- AUTO_INCREMENT for table `catatan_walikelas`
--
ALTER TABLE `catatan_walikelas`
  MODIFY `idCatatan` int(11) NOT NULL AUTO_INCREMENT, AUTO_INCREMENT=4;

--
-- AUTO_INCREMENT for table `datasiswa`
--
ALTER TABLE `datasiswa`
  MODIFY `idSiswa` int(11) NOT NULL AUTO_INCREMENT, AUTO_INCREMENT=52;

--
-- AUTO_INCREMENT for table `ekskul_siswa`
--
ALTER TABLE `ekskul_siswa`
  MODIFY `idEkskul` int(11) NOT NULL AUTO_INCREMENT, AUTO_INCREMENT=8;

--
-- AUTO_INCREMENT for table `informasispp`
--
ALTER TABLE `informasispp`
  MODIFY `idInfo` int(11) NOT NULL AUTO_INCREMENT, AUTO_INCREMENT=4;

--
-- AUTO_INCREMENT for table `jadwal`
--
ALTER TABLE `jadwal`
  MODIFY `idJadwal` int(11) NOT NULL AUTO_INCREMENT, AUTO_INCREMENT=379;

--
-- AUTO_INCREMENT for table `jadwalpengawas`
--
ALTER TABLE `jadwalpengawas`
  MODIFY `idJadwalPengawas` int(11) NOT NULL AUTO_INCREMENT, AUTO_INCREMENT=273;

--
-- AUTO_INCREMENT for table `jadwalujian`
--
ALTER TABLE `jadwalujian`
  MODIFY `idJadwalUjian` int(11) NOT NULL AUTO_INCREMENT, AUTO_INCREMENT=26;

--
-- AUTO_INCREMENT for table `kelas`
--
ALTER TABLE `kelas`
  MODIFY `idKelas` int(11) NOT NULL AUTO_INCREMENT, AUTO_INCREMENT=27;

--
-- AUTO_INCREMENT for table `ketnilai`
--
ALTER TABLE `ketnilai`
  MODIFY `idKetNilai` int(11) NOT NULL AUTO_INCREMENT, AUTO_INCREMENT=3;

--
-- AUTO_INCREMENT for table `kompetensinilai`
--
ALTER TABLE `kompetensinilai`
  MODIFY `idKompetensi` int(11) NOT NULL AUTO_INCREMENT, AUTO_INCREMENT=6;

--
-- AUTO_INCREMENT for table `kriteria`
--
ALTER TABLE `kriteria`
  MODIFY `idKriteria` int(11) NOT NULL AUTO_INCREMENT, AUTO_INCREMENT=4;

--
-- AUTO_INCREMENT for table `matapelajaran`
--
ALTER TABLE `matapelajaran`
  MODIFY `idMapel` int(11) NOT NULL AUTO_INCREMENT, AUTO_INCREMENT=30;

--
-- AUTO_INCREMENT for table `perbandingan_alternatif`
--
ALTER TABLE `perbandingan_alternatif`
  MODIFY `idPA` int(11) NOT NULL AUTO_INCREMENT, AUTO_INCREMENT=82;

--
-- AUTO_INCREMENT for table `perbandingan_kriteria`
--
ALTER TABLE `perbandingan_kriteria`
  MODIFY `idPK` int(11) NOT NULL AUTO_INCREMENT, AUTO_INCREMENT=4;

--
-- AUTO_INCREMENT for table `pv_alternatif`
--
ALTER TABLE `pv_alternatif`
  MODIFY `idHA` int(11) NOT NULL AUTO_INCREMENT, AUTO_INCREMENT=80;

--
-- AUTO_INCREMENT for table `rankingrekomendasi`
--
ALTER TABLE `rankingrekomendasi`
  MODIFY `idRanking` int(11) NOT NULL AUTO_INCREMENT, AUTO_INCREMENT=13;

--
-- AUTO_INCREMENT for table `rapor`
--
ALTER TABLE `rapor`
  MODIFY `idRapor` int(11) NOT NULL AUTO_INCREMENT, AUTO_INCREMENT=25;

--
-- AUTO_INCREMENT for table `tahunajaran`
--
ALTER TABLE `tahunajaran`
  MODIFY `idTahunAjaran` int(11) NOT NULL AUTO_INCREMENT, AUTO_INCREMENT=6;

--
-- AUTO_INCREMENT for table `tokens`
--
ALTER TABLE `tokens`
  MODIFY `idToken` int(11) NOT NULL AUTO_INCREMENT, AUTO_INCREMENT=13;

--
-- AUTO_INCREMENT for table `walikelas`
--
ALTER TABLE `walikelas`
  MODIFY `idWaliKelas` int(11) NOT NULL AUTO_INCREMENT, AUTO_INCREMENT=17;

--
-- AUTO_INCREMENT for table `walimurid`
--
ALTER TABLE `walimurid`
  MODIFY `idWaliMurid` int(11) NOT NULL AUTO_INCREMENT, AUTO_INCREMENT=7;
COMMIT;

/*!40101 SET CHARACTER_SET_CLIENT=@OLD_CHARACTER_SET_CLIENT */;
/*!40101 SET CHARACTER_SET_RESULTS=@OLD_CHARACTER_SET_RESULTS */;
/*!40101 SET COLLATION_CONNECTION=@OLD_COLLATION_CONNECTION */;
